conc,t_s,grid_lapvar,edge_sigma_px,step_A,g_peak,blob_px,frame
0.3,0.0,5.407553672790527,nan,nan,nan,0,f_00001.png
0.3,2.0,5.779688835144043,nan,nan,nan,0,f_00002.png
0.3,4.0,5.4071149826049805,1.8580063341963142,128.0,27.483551025390625,2930,f_00003.png
0.3,6.0,5.4196319580078125,2.2691417387286177,141.0,24.789487838745117,6277,f_00004.png
0.3,8.0,5.381676197052002,2.4877078092528433,141.0,22.611522674560547,9312,f_00005.png
0.3,10.0,5.705500602722168,2.64666655554621,139.0,20.952007293701172,12178,f_00006.png
0.3,12.0,5.697263240814209,2.2946598222179015,122.0,21.210533142089844,14950,f_00007.png
0.3,14.0,5.431343078613281,2.0565190410946608,114.0,22.114757537841797,17814,f_00008.png
0.3,16.0,5.4396185874938965,2.0768804931955156,112.0,21.51377296447754,20567,f_00009.png
0.3,18.0,5.111893177032471,1.9635154798979852,108.0,21.94317626953125,23296,f_00010.png
0.3,20.0,5.8800578117370605,1.9802534832755576,100.0,20.146020889282227,25928,f_00011.png
0.3,22.0,4.873790740966797,1.8474736798606533,99.0,21.37799644470215,28328,f_00012.png
0.3,24.0,5.435482025146484,1.7805838736061137,98.5,22.069061279296875,30738,f_00013.png
0.3,26.0,5.320381164550781,1.6777897045808277,97.0,23.064512252807617,33484,f_00014.png
0.3,28.0,5.325771331787109,1.7523275772796323,91.0,20.717443466186523,36745,f_00015.png
0.3,30.0,4.832705497741699,1.7116904192022773,91.0,21.20929527282715,39519,f_00016.png
0.3,32.0,5.053422927856445,1.7388211022912698,91.0,20.878368377685547,42139,f_00017.png
0.3,34.0,4.9730119705200195,1.7046897379793577,92.0,21.53042221069336,44426,f_00018.png
0.3,36.0,4.700541973114014,1.6702646455842387,93.0,22.21302604675293,46739,f_00019.png
0.3,38.0,5.202157974243164,1.793768091833322,93.0,20.68362808227539,49245,f_00020.png
0.3,40.0,5.231167793273926,1.85309980557834,93.0,20.02138900756836,51252,f_00021.png
0.3,42.0,5.036769390106201,1.9024970906803291,95.0,19.92093276977539,53380,f_00022.png
0.3,44.0,5.377755165100098,1.9370224281894077,94.0,19.359907150268555,55533,f_00023.png
0.3,46.0,5.010637283325195,1.9639968522737532,94.0,19.094009399414062,57486,f_00024.png
0.3,48.0,4.777308464050293,1.944487032371119,93.0,19.080421447753906,59483,f_00025.png
0.3,50.0,5.051974773406982,1.940842291270602,93.0,19.116252899169922,61447,f_00026.png
0.3,52.0,5.02945613861084,1.9475478690288965,92.0,18.845590591430664,63657,f_00027.png
0.3,54.0,4.511281967163086,2.0023878971480613,95.0,18.927160263061523,65541,f_00028.png
0.3,56.0,4.821677207946777,2.0751192483265988,96.0,18.45602798461914,67458,f_00029.png
0.3,58.0,4.4612250328063965,2.2177304159174427,98.0,17.62898826599121,69751,f_00030.png
0.3,60.0,4.713559627532959,2.229984796367621,98.0,17.53211212158203,72117,f_00031.png
0.3,62.0,4.849437236785889,2.2999187389100384,99.0,17.172470092773438,74040,f_00032.png
0.3,64.0,5.016147136688232,2.291507933654251,99.0,17.23550033569336,75778,f_00033.png
0.3,66.0,4.931485652923584,2.260342482071773,96.0,16.943653106689453,78460,f_00034.png
0.3,68.0,4.763723850250244,2.294487531555372,94.0,16.343769073486328,80844,f_00035.png
0.3,70.0,4.913655757904053,2.365101990979313,94.0,15.855795860290527,83558,f_00036.png
0.3,72.0,4.838245391845703,2.3872971249698263,95.0,15.875492095947266,86089,f_00037.png
0.3,74.0,4.543821811676025,2.420709965888131,96.0,15.821167945861816,88445,f_00038.png
0.3,76.0,4.650531768798828,2.369310449784606,97.0,16.3327693939209,90797,f_00039.png
0.3,78.0,4.648978233337402,2.472034220483485,97.0,15.654071807861328,93450,f_00040.png
0.3,80.0,4.657806873321533,2.482463850148337,98.0,15.749008178710938,95261,f_00041.png
0.3,82.0,4.446463584899902,2.4122770206803694,96.0,15.876476287841797,98084,f_00042.png
0.3,84.0,4.429655075073242,2.471511402787658,96.0,15.495966911315918,100543,f_00043.png
0.3,86.0,4.424598217010498,2.503481495302466,96.0,15.298079490661621,103245,f_00044.png
0.3,88.0,4.621160984039307,2.487129068739971,96.0,15.398661613464355,105806,f_00045.png
0.3,90.0,5.111928462982178,2.528155495235866,98.0,15.464374542236328,108598,f_00046.png
0.3,92.0,5.004344463348389,2.576251131526782,97.0,15.020818710327148,111453,f_00047.png
0.3,94.0,4.352849960327148,2.6097208381003814,97.0,14.828176498413086,114614,f_00048.png
0.3,96.0,4.495195388793945,2.5744410907558253,98.0,15.186342239379883,117198,f_00049.png
0.3,98.0,5.068349361419678,2.6283869744784987,99.0,15.026434898376465,119974,f_00050.png
0.3,100.0,4.53491735458374,2.6499475922603475,97.0,14.603081703186035,122817,f_00051.png
0.3,102.0,4.658570289611816,2.6142067688918598,99.0,15.107942581176758,125170,f_00052.png
0.3,104.0,4.690695762634277,2.572089807699617,98.0,15.200224876403809,127712,f_00053.png
0.3,106.0,4.647122383117676,2.601945201502283,99.0,15.17913818359375,130303,f_00054.png
0.3,108.0,4.624220371246338,2.6846742252521087,99.0,14.71138858795166,133231,f_00055.png
0.3,110.0,4.454256057739258,2.699310195033647,98.0,14.483827590942383,136101,f_00056.png
0.3,112.0,5.071606636047363,2.762587207812813,98.0,14.15207576751709,138840,f_00057.png
0.3,114.0,4.586338996887207,2.819714812901683,100.0,14.148320198059082,141231,f_00058.png
0.3,116.0,4.469527721405029,2.758614713187345,100.0,14.461688995361328,143887,f_00059.png
0.3,118.0,4.21391487121582,2.8160687797632824,100.0,14.166638374328613,146804,f_00060.png
0.3,120.0,4.317171096801758,2.838048913068131,101.0,14.197489738464355,149335,f_00061.png
0.3,122.0,4.478212356567383,2.859957746253463,100.0,13.949236869812012,152060,f_00062.png
0.3,124.0,4.579068183898926,2.911227818199347,101.0,13.84061050415039,154552,f_00063.png
0.3,126.0,4.551480770111084,2.8773668768288156,102.0,14.142135620117188,156928,f_00064.png
0.3,128.0,4.550234794616699,2.9704941912984846,102.0,13.698768615722656,160093,f_00065.png
0.3,130.0,4.716359615325928,3.0681006833820788,102.0,13.262965202331543,163351,f_00066.png
0.3,132.0,4.463654518127441,3.0768587579278766,102.0,13.225213050842285,165731,f_00067.png
0.3,134.0,4.874038219451904,3.0891317988857736,100.0,12.914381980895996,169887,f_00068.png
0.3,136.0,4.618958473205566,3.043867268203013,101.0,13.237492561340332,172571,f_00069.png
0.3,138.0,4.196130752563477,2.9922230136787906,99.0,13.199312210083008,175707,f_00070.png
0.3,140.0,4.404934883117676,2.9786561807478162,99.0,13.259430885314941,178598,f_00071.png
0.3,142.0,4.593235492706299,2.984866912719062,98.0,13.098186492919922,181458,f_00072.png
0.3,144.0,4.705714702606201,2.9288649591751756,96.0,13.076211929321289,184431,f_00073.png
0.3,146.0,4.494611740112305,2.9016101010618764,94.0,12.924057006835938,187360,f_00074.png
0.3,148.0,4.188628673553467,2.952652399446566,94.0,12.700639724731445,189980,f_00075.png
0.3,150.0,4.3821282386779785,2.9344004416126026,95.0,12.9155912399292,192252,f_00076.png
0.3,152.0,4.3712334632873535,2.9734045865248944,94.0,12.611998558044434,195134,f_00077.png
0.3,154.0,4.396221160888672,3.0828952550040274,96.0,12.422886848449707,198415,f_00078.png
0.3,156.0,4.3472981452941895,3.123316763746677,96.0,12.26211166381836,201288,f_00079.png
0.3,158.0,4.4765424728393555,3.0515541188642388,95.0,12.419742584228516,204336,f_00080.png
0.3,160.0,4.469566345214844,3.0450835427931056,95.0,12.446133613586426,207310,f_00081.png
0.3,162.0,4.579497814178467,3.013679964174234,93.0,12.31107234954834,211425,f_00082.png
0.3,164.0,4.391028881072998,2.98515728534858,94.0,12.562344551086426,213880,f_00083.png
0.3,166.0,4.199007987976074,2.947733817073857,92.0,12.451154708862305,217604,f_00084.png
0.3,168.0,4.123730182647705,2.940629538215752,92.0,12.48123550415039,220995,f_00085.png
0.3,170.0,4.461403846740723,2.957887295757726,92.0,12.408413887023926,224460,f_00086.png
0.3,172.0,4.185359477996826,2.90429980132243,91.0,12.5,227394,f_00087.png
0.3,174.0,4.374606609344482,2.932290251387478,91.0,12.380680084228516,230926,f_00088.png
0.3,176.0,4.616995811462402,2.884059320553837,89.0,12.31107234954834,234500,f_00089.png
0.3,178.0,4.562375545501709,2.9460740306143176,90.0,12.187339782714844,237452,f_00090.png
0.3,180.0,4.291440486907959,2.9855949863462907,90.0,12.026013374328613,241036,f_00091.png
0.3,182.0,4.314390659332275,3.0153878148781468,90.0,11.907193183898926,244427,f_00092.png
0.3,184.0,4.705688953399658,3.0773135013223474,92.0,11.926860809326172,246797,f_00093.png
0.3,186.0,4.6001505851745605,3.136795948421145,92.0,11.70069408416748,250604,f_00094.png
0.3,188.0,4.5454912185668945,3.0966875392930073,90.0,11.594584465026855,254449,f_00095.png
0.3,190.0,4.660165309906006,3.123481088390454,91.0,11.622848510742188,257534,f_00096.png
0.3,192.0,4.651821613311768,3.0550367974372934,90.0,11.75265884399414,260513,f_00097.png
0.3,194.0,4.542265892028809,3.089760029572276,92.0,11.878815650939941,263380,f_00098.png
0.3,196.0,4.86328125,3.0529312478543185,92.0,12.022114753723145,265707,f_00099.png
0.3,198.0,5.04644250869751,3.114588286025156,92.0,11.784122467041016,269024,f_00100.png
0.3,200.0,5.112977981567383,3.0978666651620332,92.0,11.84773063659668,272446,f_00101.png
0.3,202.0,5.015552520751953,3.079682446145957,92.0,11.917686462402344,275667,f_00102.png
0.3,204.0,5.1700215339660645,3.0536064798696185,93.0,12.150102615356445,278323,f_00103.png
0.3,206.0,5.090842247009277,3.0261850091155145,93.0,12.260199546813965,282593,f_00104.png
0.3,208.0,4.916762351989746,3.0913527910778424,94.0,12.130797386169434,285820,f_00105.png
0.3,210.0,4.9657135009765625,3.132534581040671,94.0,11.971320152282715,289249,f_00106.png
0.3,212.0,5.056123733520508,3.1182880968505704,94.0,12.026013374328613,291919,f_00107.png
0.3,214.0,5.063908576965332,3.116605007081002,94.0,12.03250789642334,295421,f_00108.png
0.3,216.0,5.601821422576904,3.1125766906183387,94.0,12.048080444335938,298866,f_00109.png
0.3,218.0,4.957217216491699,2.9848937213094615,93.0,12.429800033569336,300592,f_00110.png
0.3,220.0,5.131356239318848,2.9891282617718633,93.0,12.412191390991211,303993,f_00111.png
0.3,222.0,5.159983158111572,3.04293565136152,95.0,12.45491886138916,307029,f_00112.png
0.3,224.0,5.288809299468994,2.998064980380451,95.0,12.641325950622559,309316,f_00113.png
0.3,226.0,5.050235271453857,2.963523677067738,95.0,12.788666725158691,312663,f_00114.png
0.3,228.0,5.452233791351318,2.971139012463267,96.0,12.89016056060791,314828,f_00115.png
0.3,230.0,5.559833526611328,2.943940645265285,96.0,13.009249687194824,318253,f_00116.png
0.3,232.0,5.541211128234863,2.9786339745361863,98.0,13.125595092773438,320427,f_00117.png
0.3,234.0,5.794489860534668,2.9040035784232336,98.0,13.462911605834961,322852,f_00118.png
0.3,236.0,6.1178460121154785,2.9117953805455636,98.0,13.426885604858398,325130,f_00119.png
0.3,238.0,5.961384296417236,2.8920503904297967,99.0,13.656499862670898,327845,f_00120.png
0.3,240.0,5.897144317626953,2.8711844849325243,100.0,13.894693374633789,329118,f_00121.png
0.3,242.0,5.795226573944092,2.8084257563880857,101.0,14.347244262695312,331377,f_00122.png
0.3,244.0,6.1131591796875,2.839193390215746,101.0,14.191766738891602,334697,f_00123.png
0.3,246.0,6.228055000305176,2.8644167288796023,102.0,14.206072807312012,336905,f_00124.png
0.3,248.0,6.071188449859619,2.867993984678389,104.0,14.466556549072266,338757,f_00125.png
0.3,250.0,6.185738563537598,2.8721143474079867,104.0,14.445802688598633,341162,f_00126.png
0.3,252.0,5.995445728302002,2.8559718815054773,105.0,14.667140007019043,343387,f_00127.png
0.3,254.0,6.085931777954102,2.8766598731452224,106.0,14.70034122467041,345751,f_00128.png
0.3,256.0,6.085633754730225,2.8996977672156676,108.0,14.858709335327148,347671,f_00129.png
0.3,258.0,6.128639221191406,2.842080413540834,107.0,15.019569396972656,349335,f_00130.png
0.3,260.0,6.193065166473389,2.868466241448483,109.0,15.159567832946777,351253,f_00131.png
0.3,262.0,6.144890785217285,2.86729116573374,111.0,15.444051742553711,352946,f_00132.png
0.3,264.0,6.293942928314209,2.8189105350421633,110.0,15.56759262084961,354991,f_00133.png
0.3,266.0,5.95924711227417,2.8137999035716406,112.0,15.87942886352539,355719,f_00134.png
0.3,268.0,5.998524188995361,2.8134216681126647,114.0,16.165163040161133,356932,f_00135.png
0.3,270.0,5.927661895751953,2.8522033181419038,117.0,16.364978790283203,357708,f_00136.png
0.3,272.0,5.917253017425537,2.8375406422564997,117.0,16.449542999267578,358930,f_00137.png
0.3,274.0,5.977705955505371,2.8116971564384,118.0,16.742624282836914,359937,f_00138.png
0.3,276.0,6.1355671882629395,2.7890138287278026,118.0,16.878793716430664,360076,f_00139.png
0.3,278.0,5.972054958343506,2.8060678588049743,120.0,17.06055450439453,360752,f_00140.png
0.3,280.0,6.243586540222168,2.900549820364944,126.0,17.330068588256836,347796,f_00141.png
0.3,282.0,6.231389045715332,2.8579494439065862,127.0,17.72797966003418,347443,f_00142.png
0.3,284.0,6.059119701385498,2.815928799731854,127.0,17.992525100708008,348206,f_00143.png
0.3,286.0,5.9862961769104,2.7794891385181786,127.0,18.228410720825195,349085,f_00144.png
0.3,288.0,6.087696552276611,2.7873381852621066,127.0,18.177080154418945,350921,f_00145.png
0.3,290.0,6.158240795135498,2.7544186607585694,126.0,18.249486923217773,351717,f_00146.png
0.3,292.0,6.253148078918457,2.762609485629919,126.0,18.19537925720215,352772,f_00147.png
0.3,294.0,6.268048286437988,2.7279770910300436,126.0,18.426374435424805,353390,f_00148.png
0.3,296.0,6.412996768951416,2.691163647380996,127.0,18.826677322387695,353935,f_00149.png
0.3,298.0,6.233437538146973,2.6435584231375344,126.0,19.01479721069336,355170,f_00150.png
0.3,300.0,6.502677917480469,2.5987962399050697,126.0,19.34231185913086,355845,f_00151.png
0.3,302.0,7.0331525802612305,2.6187656850973373,127.0,19.347156524658203,356049,f_00152.png
0.3,304.0,6.806403160095215,2.6346504986699504,127.0,19.23050880432129,356890,f_00153.png
0.3,306.0,7.096002578735352,2.607742227798788,126.0,19.275957107543945,357948,f_00154.png
0.3,308.0,7.05476713180542,2.6158290186905293,126.0,19.216365814208984,357771,f_00155.png
0.3,310.0,7.044114589691162,2.616051027981821,126.0,19.21473503112793,358960,f_00156.png
0.3,312.0,7.169678688049316,2.5944759208066888,125.0,19.220754623413086,358995,f_00157.png
0.3,314.0,7.275642395019531,2.5821425853703284,124.0,19.15806007385254,358190,f_00158.png
0.3,316.0,6.742678165435791,2.594256326253564,125.0,19.222381591796875,357352,f_00159.png
0.3,318.0,6.993922233581543,2.542511731859202,124.0,19.456682205200195,356147,f_00160.png
0.3,320.0,6.870490550994873,2.50357872803099,123.0,19.599903106689453,357281,f_00161.png
0.3,322.0,6.656844615936279,2.4978955019765356,123.0,19.64449691772461,357030,f_00162.png
0.3,324.0,6.8035664558410645,2.4814386908311037,122.0,19.6140079498291,357798,f_00163.png
0.3,326.0,6.9122090339660645,2.45997016041821,121.0,19.623008728027344,357186,f_00164.png
0.3,328.0,6.834901809692383,2.506744566838777,122.0,19.41600227355957,357848,f_00165.png
0.3,330.0,6.850464344024658,2.4547072014234934,120.0,19.502559661865234,357302,f_00166.png
0.3,332.0,6.759249210357666,2.4581215994220402,118.0,19.15087890625,357770,f_00167.png
0.3,334.0,6.671630382537842,2.4602314590008816,119.0,19.296611785888672,357550,f_00168.png
0.3,336.0,6.476593017578125,2.4605545659900088,118.0,19.131942749023438,358029,f_00169.png
0.3,338.0,6.436557292938232,2.4469093536759865,118.0,19.238632202148438,358272,f_00170.png
0.3,340.0,6.525604724884033,2.458987173201423,117.0,18.98189926147461,358020,f_00171.png
0.3,342.0,6.611325263977051,2.448654777443813,116.0,18.899072647094727,357073,f_00172.png
0.3,344.0,6.421710968017578,2.445490232317941,116.0,18.92352867126465,356040,f_00173.png
0.45,0.0,4.155432224273682,nan,nan,nan,0,f_00001.png
0.45,2.0,4.299742698669434,nan,nan,nan,0,f_00002.png
0.45,4.0,4.064829349517822,4.095388602096233,68.0,6.624053955078125,5355,f_00003.png
0.45,6.0,4.085919380187988,3.755039608108121,60.0,6.374509811401367,13018,f_00004.png
0.45,8.0,4.259460926055908,3.7536496479029258,61.0,6.483151435852051,19125,f_00005.png
0.45,10.0,3.8140530586242676,3.7867447483156336,58.0,6.110433578491211,24528,f_00006.png
0.45,12.0,3.963207483291626,3.8707443996619855,56.0,5.771697998046875,29442,f_00007.png
0.45,14.0,3.899343967437744,3.9847266302546185,53.0,5.306246280670166,33831,f_00008.png
0.45,16.0,4.175730228424072,3.8579824389072397,51.0,5.2737555503845215,38415,f_00009.png
0.45,18.0,4.222707271575928,3.9144633501366353,54.0,5.503406524658203,41737,f_00010.png
0.45,20.0,4.138450622558594,3.6450848425076185,51.0,5.581778526306152,45102,f_00011.png
0.45,22.0,4.059062480926514,3.6434414427939075,51.0,5.584296226501465,48206,f_00012.png
0.45,24.0,4.499006271362305,3.473393961904368,51.0,5.857687473297119,50244,f_00013.png
0.45,26.0,6.869771480560303,3.223562927665889,56.0,6.930458068847656,53577,f_00014.png
0.45,28.0,8.448493957519531,2.707060509226991,57.0,8.400148391723633,55584,f_00015.png
0.45,30.0,13.580474853515625,2.527769227327214,59.0,9.311607360839844,58029,f_00016.png
0.45,32.0,14.954476356506348,2.4742168862003147,59.0,9.51314926147461,59709,f_00017.png
0.45,34.0,11.837175369262695,2.4450360655157857,61.0,9.953014373779297,60978,f_00018.png
0.45,36.0,14.089192390441895,2.307437508614767,62.0,10.719432830810547,62416,f_00019.png
0.45,38.0,14.83592700958252,2.176631436164873,61.0,11.180339813232422,64075,f_00020.png
0.45,40.0,15.720890998840332,1.913727204062747,64.0,13.34166431427002,65124,f_00021.png
0.45,42.0,15.188597679138184,2.004489447048399,67.0,13.334633827209473,66613,f_00022.png
0.45,44.0,15.99258804321289,1.927300063015071,68.0,14.075688362121582,68908,f_00023.png
0.45,46.0,15.224095344543457,1.9729336841709284,69.0,13.952327728271484,71355,f_00024.png
0.45,48.0,15.988648414611816,1.9509581858868372,73.0,14.927427291870117,73475,f_00025.png
0.45,50.0,14.304606437683105,1.9274728127018157,75.0,15.52326488494873,75409,f_00026.png
0.45,52.0,14.798035621643066,1.9077345842060014,77.0,16.10211181640625,77303,f_00027.png
0.45,54.0,16.1170654296875,2.01445343394681,81.0,16.041236877441406,79181,f_00028.png
0.45,56.0,17.33730697631836,1.8913564533169676,81.0,17.085264205932617,81479,f_00029.png
0.45,58.0,15.905256271362305,1.7899193929654476,80.0,17.830625534057617,84281,f_00030.png
0.45,60.0,14.609901428222656,1.8984344678522087,81.0,17.021564483642578,87088,f_00031.png
0.45,62.0,16.26286506652832,1.775301477220696,81.0,18.20216178894043,89618,f_00032.png
0.45,64.0,15.747442245483398,1.716116765023619,81.0,18.829910278320312,92197,f_00033.png
0.45,66.0,13.240385055541992,1.7521933511688075,83.0,18.8975772857666,95174,f_00034.png
0.45,68.0,15.10232925415039,1.6944844350921704,88.0,20.71834945678711,97685,f_00035.png
0.45,70.0,14.873682975769043,1.7099066992401892,86.5,20.181514739990234,100305,f_00036.png
0.45,72.0,15.015726089477539,1.7640546949406724,91.0,20.5797176361084,102999,f_00037.png
0.45,74.0,14.53442668914795,1.8642363842335814,95.0,20.32978057861328,105662,f_00038.png
0.45,76.0,16.385013580322266,1.7293055271144575,95.0,21.916032791137695,108452,f_00039.png
0.45,78.0,15.530749320983887,1.7486517315394525,97.0,22.129850387573242,111371,f_00040.png
0.45,80.0,15.439043998718262,1.7445863764549578,98.0,22.410093307495117,114155,f_00041.png
0.45,82.0,12.338744163513184,1.8774546396045684,96.0,20.399139404296875,117157,f_00042.png
0.45,84.0,14.501819610595703,1.7421895225484947,101.0,23.127891540527344,119918,f_00043.png
0.45,86.0,14.271249771118164,1.6775358457602862,101.0,24.01926040649414,122898,f_00044.png
0.45,88.0,15.493096351623535,1.7323736974799768,100.0,23.028650283813477,125827,f_00045.png
0.45,90.0,15.142765998840332,1.6518250834851034,101.0,24.39312171936035,128929,f_00046.png
0.45,92.0,14.37971019744873,1.7209450204364085,103.0,23.877029418945312,132133,f_00047.png
0.45,94.0,14.889254570007324,1.7598448656073749,106.0,24.02932357788086,135448,f_00048.png
0.45,96.0,15.411270141601562,1.6584436278388088,102.0,24.536325454711914,138293,f_00049.png
0.45,98.0,15.860407829284668,1.7526042658753938,105.0,23.900968551635742,141667,f_00050.png
0.45,100.0,16.88745880126953,1.7229620339235459,106.0,24.543710708618164,144632,f_00051.png
0.45,102.0,15.891730308532715,1.7223361193698312,102.0,23.626115798950195,147832,f_00052.png
0.45,104.0,15.91750717163086,1.730801009623064,102.0,23.51056671142578,150992,f_00053.png
0.45,106.0,16.536365509033203,1.7329382373382902,102.0,23.481571197509766,154114,f_00054.png
0.45,108.0,15.835744857788086,1.5718551655064705,92.0,23.349918365478516,156922,f_00055.png
0.45,110.0,16.78481101989746,1.6111480554040816,96.0,23.770912170410156,160287,f_00056.png
0.45,112.0,17.50174331665039,1.6085892381490992,99.0,24.55274772644043,163783,f_00057.png
0.45,114.0,16.89606285095215,1.5907472635542124,97.0,24.326555252075195,167470,f_00058.png
0.45,116.0,15.962929725646973,1.594414106181982,97.0,24.27060890197754,171334,f_00059.png
0.45,118.0,15.559558868408203,1.6589733061040237,100.0,24.04754066467285,174730,f_00060.png
0.45,120.0,16.197471618652344,1.5831514838177265,102.0,25.70323371887207,177970,f_00061.png
0.45,122.0,15.564976692199707,1.6470074519468014,104.0,25.19114112854004,181576,f_00062.png
0.45,124.0,15.83187198638916,1.6563802799697809,105.0,25.289445877075195,185090,f_00063.png
0.45,126.0,14.030102729797363,1.7186644132322075,102.0,23.676589965820312,188753,f_00064.png
0.45,128.0,14.779706001281738,1.6186617469849724,101.0,24.89289093017578,193039,f_00065.png
0.45,130.0,14.5897855758667,1.572454441625922,101.0,25.624380111694336,197332,f_00066.png
0.45,132.0,15.37398910522461,1.508717910299361,99.0,26.17804527282715,200697,f_00067.png
0.45,134.0,14.710037231445312,1.4963128101214955,99.0,26.39507293701172,203982,f_00068.png
0.45,136.0,15.200870513916016,1.4437409834455115,97.0,26.80356216430664,208281,f_00069.png
0.45,138.0,14.990153312683105,1.5012996746412235,100.0,26.57312774658203,212243,f_00070.png
0.45,140.0,15.101319313049316,1.5436341635550839,105.0,27.136571884155273,215493,f_00071.png
0.45,142.0,14.034502029418945,1.6161720014550904,106.0,26.16545867919922,219068,f_00072.png
0.45,144.0,14.836226463317871,1.6767314648516272,110.0,26.17214012145996,222673,f_00073.png
0.45,146.0,14.493327140808105,1.6419077870178795,106.0,25.755332946777344,226853,f_00074.png
0.45,148.0,14.715096473693848,1.5962714028446614,107.0,26.7415828704834,231428,f_00075.png
0.45,150.0,13.310233116149902,1.6274052702547885,106.0,25.98484992980957,235483,f_00076.png
0.45,152.0,13.200604438781738,1.686151515542816,107.0,25.316125869750977,239651,f_00077.png
0.45,154.0,15.017508506774902,1.6487441947001376,108.0,26.132474899291992,243217,f_00078.png
0.45,156.0,15.405195236206055,1.7271523134455435,111.0,25.63907814025879,246841,f_00079.png
0.45,158.0,13.811327934265137,1.7836087957078188,112.0,25.051197052001953,251525,f_00080.png
0.45,160.0,14.000529289245605,1.6691786020417663,111.0,26.529571533203125,254699,f_00081.png
0.45,162.0,13.004890441894531,1.613539194923757,106.0,26.208152770996094,259162,f_00082.png
0.45,164.0,15.245888710021973,1.7873786102915525,108.0,24.105562210083008,262678,f_00083.png
0.45,166.0,14.512885093688965,1.6972249425290937,111.0,26.091175079345703,267019,f_00084.png
0.45,168.0,13.611976623535156,1.6521864807007602,110.0,26.560955047607422,270864,f_00085.png
0.45,170.0,12.496245384216309,1.8161248982368832,111.0,24.383010864257812,275022,f_00086.png
0.45,172.0,13.144730567932129,1.62279594139805,109.0,26.796165466308594,278350,f_00087.png
0.45,174.0,13.506855010986328,1.6661246657810806,107.0,25.620426177978516,282460,f_00088.png
0.45,176.0,14.157615661621094,1.635677951571258,102.0,24.877826690673828,287594,f_00089.png
0.45,178.0,13.594331741333008,1.5957051492932242,106.0,26.501062393188477,291148,f_00090.png
0.45,180.0,13.731761932373047,1.6534861718480287,106.0,25.574983596801758,295122,f_00091.png
0.45,182.0,13.500005722045898,1.6822368815640658,105.0,24.900737762451172,299567,f_00092.png
0.45,184.0,13.446210861206055,1.6246949000017086,103.0,25.29155158996582,303935,f_00093.png
0.45,186.0,14.374591827392578,1.5746490628566692,103.0,26.095373153686523,307910,f_00094.png
0.45,188.0,13.381796836853027,1.6437591934516378,106.0,25.7263240814209,311156,f_00095.png
0.45,190.0,13.124165534973145,1.6140533919195656,103.0,25.45829963684082,314936,f_00096.png
0.45,192.0,13.228032112121582,1.5489972707647188,103.0,26.52751922607422,318927,f_00097.png
0.45,194.0,12.350767135620117,1.571146083298157,104.0,26.407472610473633,322443,f_00098.png
0.45,196.0,13.225020408630371,1.5526294345087042,103.0,26.46546173095703,325144,f_00099.png
0.45,198.0,13.516617774963379,1.542672019676598,101.0,26.119077682495117,329350,f_00100.png
0.45,200.0,13.369930267333984,1.5427427055926832,104.0,26.893659591674805,332807,f_00101.png
0.45,202.0,12.645334243774414,1.6036487406096642,101.0,25.125932693481445,335980,f_00102.png
0.45,204.0,11.645787239074707,1.52577145652997,96.0,25.101045608520508,339417,f_00103.png
0.45,206.0,11.85236644744873,1.5538442988897905,98.0,25.161043167114258,342965,f_00104.png
0.45,208.0,12.16451644897461,1.4923281882492085,95.0,25.3962345123291,345448,f_00105.png
0.45,210.0,11.5344820022583,1.5585462487526969,97.0,24.829164505004883,349364,f_00106.png
0.45,212.0,11.354517936706543,1.6302318015316495,99.0,24.226791381835938,351510,f_00107.png
0.45,214.0,10.869315147399902,1.7047445234533762,99.0,23.167861938476562,355304,f_00108.png
0.45,216.0,10.603484153747559,1.678046107412913,99.0,23.53647232055664,357849,f_00109.png
0.45,218.0,10.13378620147705,1.6445220793935698,99.0,24.01626968383789,361311,f_00110.png
0.45,220.0,10.481893539428711,1.6581803758577998,97.0,23.337268829345703,363420,f_00111.png
0.45,222.0,10.66684627532959,1.7050928571607562,96.0,22.46121597290039,366180,f_00112.png
0.45,224.0,10.167627334594727,1.6520579597938225,99.0,23.906719207763672,369275,f_00113.png
0.45,226.0,10.537628173828125,1.7129834707746905,97.0,22.59064483642578,372169,f_00114.png
0.45,228.0,10.951705932617188,1.620691523621876,97.0,23.877092361450195,374909,f_00115.png
0.45,230.0,10.262621879577637,1.5994934241290326,94.0,23.445281982421875,377940,f_00116.png
0.45,232.0,10.03879451751709,1.6252979687036062,94.0,23.07304573059082,380280,f_00117.png
0.45,234.0,10.761390686035156,1.5417524610290565,94.0,24.32334327697754,383589,f_00118.png
0.45,236.0,9.993074417114258,1.5385300074306993,94.0,24.37428855895996,385334,f_00119.png
0.45,238.0,8.906302452087402,1.5276014396955926,92.0,24.026351928710938,387478,f_00120.png
0.45,240.0,9.388601303100586,1.5137023066802702,93.0,24.510520935058594,390212,f_00121.png
0.45,242.0,9.674540519714355,1.5150048455762524,94.0,24.752775192260742,391348,f_00122.png
0.45,244.0,8.662836074829102,1.5273173895265304,95.0,24.814434051513672,393439,f_00123.png
0.45,246.0,9.083498001098633,1.5397095929908495,95.0,24.614717483520508,394949,f_00124.png
0.45,248.0,9.1912260055542,1.4867933653552678,96.0,25.75909996032715,396381,f_00125.png
0.45,250.0,9.011699676513672,1.5265892917491206,95.0,24.826269149780273,398226,f_00126.png
0.45,252.0,9.290183067321777,1.4820451242106012,98.0,26.379995346069336,399436,f_00127.png
0.45,254.0,9.762757301330566,1.571889197989978,101.0,25.633594512939453,400430,f_00128.png
0.45,256.0,9.425338745117188,1.6276455212276217,104.0,25.490806579589844,402205,f_00129.png
0.45,258.0,9.276872634887695,1.5338822443402165,105.0,27.309097290039062,401758,f_00130.png
0.45,260.0,9.215987205505371,1.5336148118978183,108.0,28.094255447387695,402888,f_00131.png
0.45,262.0,8.865680694580078,1.558367919874784,108.0,27.648006439208984,403152,f_00132.png
0.45,264.0,9.156691551208496,1.7132631448348687,109.0,25.3812198638916,403356,f_00133.png
0.45,266.0,8.67027473449707,1.5927160943002443,113.0,28.30415153503418,402944,f_00134.png
0.45,268.0,8.792482376098633,1.5785366683206166,114.0,28.811126708984375,402619,f_00135.png
0.45,270.0,8.933501243591309,1.6364993162269743,115.0,28.034452438354492,401986,f_00136.png
0.45,272.0,8.397541999816895,1.610256302531427,117.0,28.98684310913086,402440,f_00137.png
0.45,274.0,8.728361129760742,1.5891944840316472,117.0,29.371009826660156,401555,f_00138.png
0.45,276.0,8.586579322814941,1.553689174608992,116.0,29.785432815551758,400901,f_00139.png
0.45,278.0,8.566205024719238,1.6231618543496618,118.0,29.002153396606445,401717,f_00140.png
0.45,280.0,8.619657516479492,1.5976145711917153,121.0,30.215057373046875,402694,f_00141.png
0.45,282.0,8.55322551727295,1.541523987444354,121.0,31.314476013183594,402183,f_00142.png
0.45,284.0,8.424199104309082,1.4884318997844124,121.0,32.43145751953125,401848,f_00143.png
0.45,286.0,8.391003608703613,1.535910030341078,120.0,31.169191360473633,402783,f_00144.png
0.45,288.0,8.706852912902832,1.5719648037398402,122.0,30.961862564086914,402491,f_00145.png
0.45,290.0,8.676376342773438,1.6164377798041067,120.0,29.616403579711914,403140,f_00146.png
0.45,292.0,8.890617370605469,1.5880142295705009,119.0,29.895280838012695,403159,f_00147.png
0.45,294.0,8.847074508666992,1.5423791448575679,118.0,30.52115249633789,404003,f_00148.png
0.45,296.0,8.858949661254883,1.512696695336471,116.0,30.592586517333984,404357,f_00149.png
0.45,298.0,8.768780708312988,1.5228151731084512,115.0,30.127334594726562,404787,f_00150.png
0.45,300.0,8.846189498901367,1.5723156317901543,115.0,29.178850173950195,405886,f_00151.png
0.45,302.0,8.78814697265625,1.6046881576759215,117.0,29.087425231933594,407542,f_00152.png
0.45,304.0,8.97022819519043,1.5591118552224148,113.0,28.914203643798828,407501,f_00153.png
0.45,306.0,8.630546569824219,1.6183560033624393,112.0,27.60921287536621,408193,f_00154.png
0.45,308.0,8.176238059997559,1.5762711920346846,111.0,28.093257904052734,409580,f_00155.png
0.45,310.0,8.558836936950684,1.5918501982944306,110.0,27.56770133972168,410038,f_00156.png
0.45,312.0,9.022878646850586,1.5790778250490927,109.0,27.538040161132812,411481,f_00157.png
0.45,314.0,8.428255081176758,1.5536203991330635,109.0,27.989274978637695,412067,f_00158.png
0.45,316.0,8.112321853637695,1.5809426911853148,108.0,27.253211975097656,413054,f_00159.png
0.45,318.0,8.638340950012207,1.4806503256781482,107.0,28.82978057861328,413903,f_00160.png
0.45,320.0,7.7889533042907715,1.6184696992198893,105.0,25.881818771362305,414039,f_00161.png
0.45,322.0,8.480772972106934,1.5526874643275421,105.0,26.97834587097168,413763,f_00162.png
0.45,324.0,8.52374267578125,1.5374050837275475,104.0,26.987030029296875,413945,f_00163.png
0.45,326.0,8.218570709228516,1.4944524575203486,102.0,27.228776931762695,414610,f_00164.png
0.56,0.0,43.950782775878906,nan,nan,nan,0,f_00001.png
0.56,2.0,45.93659210205078,nan,nan,nan,0,f_00002.png
0.56,4.0,40.90739059448242,nan,nan,nan,447,f_00003.png
0.56,6.0,41.74944305419922,1.230570071592027,77.0,24.962865829467773,2491,f_00004.png
0.56,8.0,41.203372955322266,1.3408459284782848,73.0,21.719711303710938,4387,f_00005.png
0.56,10.0,39.806766510009766,1.3099586727405619,61.0,18.577287673950195,6267,f_00006.png
0.56,12.0,42.65850067138672,1.262304744922108,42.0,13.273796081542969,12060,f_00007.png
0.56,14.0,47.061283111572266,1.4424294977915704,41.0,11.339641571044922,14795,f_00008.png
0.56,16.0,45.88666534423828,1.290228355344149,38.0,11.74970817565918,17095,f_00009.png
0.56,18.0,42.69846725463867,1.6925374250815943,39.0,9.192558288574219,19479,f_00010.png
0.56,20.0,37.39677047729492,1.6106632751056758,39.0,9.659839630126953,22132,f_00011.png
0.56,22.0,38.63673782348633,1.7411338730438992,42.0,9.623370170593262,24308,f_00012.png
0.56,24.0,40.30365753173828,1.7912223777365894,44.0,9.799710273742676,26661,f_00013.png
0.56,26.0,41.8634147644043,1.5796650731217996,42.0,10.607043266296387,28588,f_00014.png
0.56,28.0,38.285221099853516,1.4936361800976208,41.0,10.950881958007812,30764,f_00015.png
0.56,30.0,40.43866729736328,1.4443339275904188,42.0,11.60090160369873,32459,f_00016.png
0.56,32.0,41.69092559814453,1.392490504870152,44.0,12.605802536010742,33917,f_00017.png
0.56,34.0,41.23859786987305,1.2934149939747979,43.0,13.262965202331543,35427,f_00018.png
0.56,36.0,44.47733688354492,1.2835405613872342,44.0,13.675812721252441,36542,f_00019.png
0.56,38.0,45.140342712402344,1.2695816440959513,46.0,14.454639434814453,37764,f_00020.png
0.56,40.0,43.74653244018555,1.2526350898234708,46.0,14.650192260742188,38809,f_00021.png
0.56,42.0,42.53887176513672,1.176806142790042,46.0,15.594195365905762,39904,f_00022.png
0.56,44.0,44.52764892578125,1.1502543767625784,48.0,16.6478214263916,40840,f_00023.png
0.56,46.0,43.449668884277344,1.148251871520498,47.0,16.32942008972168,41912,f_00024.png
0.56,48.0,45.805023193359375,1.1212951641845759,47.0,16.72199058532715,42895,f_00025.png
0.56,50.0,49.51700973510742,1.0724143191875721,48.0,17.856185913085938,44217,f_00026.png
0.56,52.0,43.656593322753906,1.0914444514545243,49.0,17.910367965698242,45509,f_00027.png
0.56,54.0,45.45572280883789,1.0741504096682304,49.0,18.198728561401367,46229,f_00028.png
0.56,56.0,44.76655197143555,1.056314425116986,50.0,18.883689880371094,47358,f_00029.png
0.56,58.0,46.48072814941406,0.9422156825137024,50.0,21.170433044433594,49804,f_00030.png
0.56,60.0,43.87137222290039,0.8976062975542165,50.0,22.222564697265625,51425,f_00031.png
0.56,62.0,47.63809585571289,0.7186416433846636,51.0,28.311824798583984,59378,f_00032.png
0.56,64.0,50.01827621459961,0.7076558780613469,52.0,29.315093994140625,60826,f_00033.png
0.56,66.0,44.87754440307617,0.682938643887812,52.0,30.376079559326172,63383,f_00034.png
0.56,68.0,47.16524124145508,0.6571224120019447,53.0,32.17656326293945,65498,f_00035.png
0.56,70.0,47.146053314208984,0.6387107265163929,53.0,33.104095458984375,67736,f_00036.png
0.56,72.0,49.5013542175293,0.6382901174806184,54.0,33.75092697143555,69742,f_00037.png
0.56,74.0,48.378570556640625,0.622812667731999,55.0,35.23021697998047,72232,f_00038.png
0.56,76.0,48.2816162109375,0.6104997873543037,56.0,36.5942268371582,74257,f_00039.png
0.56,78.0,46.31064224243164,0.5917434495630012,57.0,38.42832565307617,76489,f_00040.png
0.56,80.0,41.81264114379883,0.5820598391571942,57.0,39.067649841308594,78285,f_00041.png
0.56,82.0,47.257408142089844,0.5724087125115221,58.0,40.42330551147461,80606,f_00042.png
0.56,84.0,49.29384231567383,0.5824083765647341,60.0,41.0992317199707,82413,f_00043.png
0.56,86.0,52.96419143676758,0.5817739019732512,61.0,41.82978820800781,84268,f_00044.png
0.56,88.0,51.45508575439453,0.5965109851201422,62.0,41.46515655517578,86940,f_00045.png
0.56,90.0,48.103485107421875,0.5949047736134793,62.0,41.577110290527344,88780,f_00046.png
0.56,92.0,46.23015594482422,0.6113300778166263,62.0,40.46001052856445,91561,f_00047.png
0.56,94.0,43.658626556396484,0.6074901445389917,63.0,41.37246322631836,93701,f_00048.png
0.56,96.0,47.96597671508789,0.6020714862161006,64.0,42.407432556152344,96629,f_00049.png
0.56,98.0,47.51396560668945,0.6253136368036003,64.0,40.831199645996094,99369,f_00050.png
0.56,100.0,48.90017318725586,0.603863218685407,64.0,42.2816047668457,101977,f_00051.png
0.56,102.0,51.768680572509766,0.6071824078678772,66.0,43.36454772949219,104687,f_00052.png
0.56,104.0,49.725765228271484,0.6076504561689232,68.0,44.64421081542969,106592,f_00053.png
0.56,106.0,51.87348556518555,0.6126064805502126,69.0,44.93425750732422,110291,f_00054.png
0.56,108.0,52.63004684448242,0.594532173498949,68.0,45.62928009033203,113130,f_00055.png
0.56,110.0,47.775821685791016,0.5986978096878268,69.0,45.9781494140625,115499,f_00056.png
0.56,112.0,46.064208984375,0.6025886078956786,68.0,45.019229888916016,119625,f_00057.png
0.56,114.0,44.79999542236328,0.6036015322819249,69.0,45.604618072509766,121492,f_00058.png
0.56,116.0,45.15280532836914,0.6081508963510966,69.0,45.263465881347656,124956,f_00059.png
0.56,118.0,45.99335861206055,0.5909923367675963,69.0,46.57762145996094,128077,f_00060.png
0.56,120.0,44.28837966918945,0.6007138006972219,70.0,46.48796081542969,131369,f_00061.png
0.56,122.0,43.04661178588867,0.6019246428625288,73.0,48.38277816772461,134450,f_00062.png
0.56,124.0,42.46104049682617,0.5820962201784604,71.0,48.66017150878906,137880,f_00063.png
0.56,126.0,45.18132019042969,0.5923620837581803,74.0,49.837303161621094,141227,f_00064.png
0.56,128.0,43.9637336730957,0.5910210983247961,73.0,49.27537536621094,144909,f_00065.png
0.56,130.0,42.03196716308594,0.5877569517714507,74.0,50.227783203125,148165,f_00066.png
0.56,132.0,46.20350646972656,0.5818153998247689,75.0,51.42639923095703,151594,f_00067.png
0.56,134.0,44.97510528564453,0.5841301907966931,76.0,51.905574798583984,155120,f_00068.png
0.56,136.0,44.57212448120117,0.5950693136788674,77.0,51.62181091308594,157615,f_00069.png
0.56,138.0,45.737579345703125,0.5994263688050646,79.0,52.577667236328125,160165,f_00070.png
0.56,140.0,43.96303176879883,0.5961305689683134,79.0,52.868350982666016,163956,f_00071.png
0.56,142.0,49.04744338989258,0.6061358961942375,78.0,51.337493896484375,166793,f_00072.png
0.56,144.0,46.29632568359375,0.5812525082480449,77.0,52.848899841308594,169699,f_00073.png
0.56,146.0,52.07129669189453,0.5778257500036562,76.0,52.47189712524414,173086,f_00074.png
0.56,148.0,47.05613327026367,0.5908249016212679,78.0,52.667884826660156,176179,f_00075.png
0.56,150.0,45.2706413269043,0.5896059484037846,79.0,53.45339584350586,179187,f_00076.png
0.56,152.0,39.645198822021484,0.566421867392328,76.0,53.528324127197266,182765,f_00077.png
0.56,154.0,51.816654205322266,0.5533410674392383,74.0,53.351776123046875,186162,f_00078.png
0.56,156.0,47.61311340332031,0.5437047759781239,73.0,53.563602447509766,190332,f_00079.png
0.56,158.0,46.689170837402344,0.5692588955045885,78.0,54.66317367553711,194549,f_00080.png
0.56,160.0,46.50314712524414,0.5306736318868207,73.0,54.878902435302734,195988,f_00081.png
0.56,162.0,49.3372917175293,0.5452163495660762,75.0,54.8785285949707,199606,f_00082.png
0.56,164.0,47.03251266479492,0.5460706764764253,75.0,54.79267120361328,203155,f_00083.png
0.56,166.0,45.647518157958984,0.5308708946376531,74.0,55.6099967956543,206739,f_00084.png
0.56,168.0,35.75605392456055,0.5736588440029486,74.0,51.4621696472168,211047,f_00085.png
0.56,170.0,40.16400146484375,0.5518075180541392,76.0,54.94599533081055,213493,f_00086.png
0.56,172.0,46.315250396728516,0.5141041611173566,72.0,55.87164306640625,216909,f_00087.png
0.56,174.0,46.74219512939453,0.5252627176605486,73.0,55.44422912597656,220318,f_00088.png
0.56,176.0,43.773738861083984,0.5228364860713164,73.0,55.70151901245117,222178,f_00089.png
0.56,178.0,44.615970611572266,0.5302732479880912,74.0,55.672672271728516,226497,f_00090.png
0.56,180.0,48.77314758300781,0.5104984546518767,71.0,55.48479461669922,230237,f_00091.png
0.56,182.0,44.900787353515625,0.5264097197310819,74.0,56.081275939941406,233346,f_00092.png
0.56,184.0,45.971858978271484,0.5350098984549451,75.0,55.925453186035156,235201,f_00093.png
0.56,186.0,49.424842834472656,0.5481715884904648,77.0,56.038211822509766,238521,f_00094.png
0.56,188.0,47.94672393798828,0.5398290304701926,76.0,56.16521453857422,242263,f_00095.png
0.56,190.0,49.20355987548828,0.540261397402228,76.0,56.12026596069336,244128,f_00096.png
0.56,192.0,45.858482360839844,0.5468069086140727,76.0,55.448482513427734,247409,f_00097.png
0.56,194.0,41.95575714111328,0.5582315647389757,78.0,55.74299240112305,250748,f_00098.png
0.56,196.0,44.98382568359375,0.5566819543116918,77.0,55.1815185546875,252742,f_00099.png
0.56,198.0,43.81480407714844,0.5475980831611977,76.0,55.368370056152344,256258,f_00100.png
0.56,200.0,47.841861724853516,0.548239752243459,76.0,55.303565979003906,259642,f_00101.png
0.56,202.0,49.64852523803711,0.5618191286644448,77.0,54.67694854736328,260939,f_00102.png
0.56,204.0,51.74831771850586,0.5559741115667562,76.0,54.534217834472656,264863,f_00103.png
0.56,206.0,48.70410919189453,0.5541007033158908,76.0,54.718597412109375,266666,f_00104.png
0.56,208.0,47.7175407409668,0.54007403584098,75.0,55.40105438232422,269432,f_00105.png
0.56,210.0,50.31999588012695,0.5319692905780036,75.0,56.24510955810547,272148,f_00106.png
0.56,212.0,49.7995491027832,0.531868022196282,74.0,55.505741119384766,275316,f_00107.png
0.56,214.0,49.240623474121094,0.5308843928133284,75.0,56.360050201416016,276811,f_00108.png
0.56,216.0,47.80857467651367,0.53848597676262,76.0,56.3052978515625,277765,f_00109.png
0.56,218.0,50.51724624633789,0.5379559332495394,76.0,56.360774993896484,281694,f_00110.png
0.56,220.0,43.79303741455078,0.5348244100435606,76.0,56.69078063964844,282574,f_00111.png
0.56,222.0,45.83758544921875,0.5327247942332747,77.0,57.6630859375,286542,f_00112.png
0.56,224.0,53.007545471191406,0.5387160092754977,79.0,58.50288391113281,287630,f_00113.png
0.56,226.0,46.70989990234375,0.5377295522032876,79.0,58.610206604003906,290968,f_00114.png
0.56,228.0,47.792999267578125,0.5565131659470832,81.0,58.065696716308594,292491,f_00115.png
0.56,230.0,54.56199645996094,0.5695060186537788,83.0,58.14198303222656,293637,f_00116.png
0.56,232.0,46.054176330566406,0.5832174227143706,85.0,58.14314270019531,295406,f_00117.png
0.56,234.0,55.20744323730469,0.6112618329290254,90.0,58.73883056640625,296625,f_00118.png
0.56,236.0,45.329917907714844,0.6207346889988395,90.0,57.84243392944336,300053,f_00119.png
0.56,238.0,48.921329498291016,0.6370441479810037,93.0,58.24028396606445,301870,f_00120.png
0.56,240.0,54.05365753173828,0.6603642957552289,96.0,57.99595642089844,303865,f_00121.png
0.56,242.0,50.81700134277344,0.6491958858961652,95.0,58.37916946411133,305235,f_00122.png
0.56,244.0,51.26020812988281,0.6553925385291554,96.0,58.435909271240234,306958,f_00123.png
0.56,246.0,50.48579788208008,0.6809593797959576,100.0,58.5853271484375,308115,f_00124.png
0.56,248.0,47.57239532470703,0.6773553813382032,99.0,58.30807113647461,311337,f_00125.png
0.56,250.0,54.947174072265625,0.7069020070818985,103.0,58.128360748291016,313147,f_00126.png
0.56,252.0,51.763126373291016,0.7338823458330483,106.0,57.622154235839844,314371,f_00127.png
0.56,254.0,53.389930725097656,0.7553746055717748,109.0,57.56707763671875,315916,f_00128.png
0.56,256.0,47.02373123168945,0.7471802225783747,108.0,57.66448974609375,317748,f_00129.png
0.56,258.0,52.42755889892578,0.7527316163991111,109.0,57.76920700073242,319889,f_00130.png
0.56,260.0,51.515010833740234,0.7565991330226182,109.0,57.473907470703125,320681,f_00131.png
0.56,262.0,49.65294647216797,0.7647495779584943,110.0,57.383033752441406,322593,f_00132.png
0.56,264.0,54.382991790771484,0.7629634687485165,110.0,57.51736831665039,325724,f_00133.png
0.56,266.0,55.35725784301758,0.7507790956102106,109.0,57.9194450378418,326947,f_00134.png
0.56,268.0,53.96400451660156,0.7505381913379051,108.0,57.406494140625,329594,f_00135.png
0.56,270.0,50.401737213134766,0.7498225379958352,108.0,57.46128463745117,330509,f_00136.png
0.56,272.0,48.359718322753906,0.7546420096487478,109.0,57.622962951660156,331838,f_00137.png
0.56,274.0,50.38249969482422,0.7512365740673884,108.0,57.353126525878906,333820,f_00138.png
0.56,276.0,48.78340148925781,0.752915096237499,108.0,57.22526550292969,335272,f_00139.png
0.56,278.0,48.979373931884766,0.7590725620708282,110.0,57.81219482421875,338127,f_00140.png
0.56,280.0,50.80855178833008,0.766727022414079,110.0,57.23503875732422,339700,f_00141.png
0.56,282.0,51.73654556274414,0.7767084207446514,111.0,57.01314926147461,340788,f_00142.png
0.56,284.0,50.071529388427734,0.7920842952417485,112.0,56.41007614135742,340893,f_00143.png
0.56,286.0,46.11236572265625,0.7914228033665477,113.0,56.961307525634766,340983,f_00144.png
0.56,288.0,46.97024154663086,0.8232607531801979,116.0,56.21220779418945,339799,f_00145.png
0.56,290.0,49.65921401977539,0.8363679865910504,117.0,55.808265686035156,339770,f_00146.png
0.56,292.0,48.74710464477539,0.8350026845031615,117.0,55.89951705932617,338952,f_00147.png
0.56,294.0,50.41583251953125,0.8453360949397071,118.0,55.688133239746094,338983,f_00148.png
0.56,296.0,49.25853729248047,0.8488146315768214,119.0,55.92991638183594,339040,f_00149.png
0.56,298.0,44.00029373168945,0.8364028610032408,117.0,55.805938720703125,339035,f_00150.png
0.56,300.0,50.676273345947266,0.833334164878658,117.0,56.01144027709961,338950,f_00151.png
0.56,302.0,46.513614654541016,0.8412495425695494,117.0,55.48442459106445,338447,f_00152.png
0.56,304.0,54.32884979248047,0.84325837768429,118.0,55.82534408569336,338363,f_00153.png
0.56,306.0,43.63447189331055,0.8648931212773774,119.0,54.89017105102539,338563,f_00154.png
0.56,308.0,46.704959869384766,0.8669242962849221,118.0,54.30138397216797,338362,f_00155.png
0.56,310.0,49.81016159057617,0.8791739911154203,120.0,54.45233154296875,337802,f_00156.png
0.56,312.0,50.209224700927734,0.8790733285163707,119.0,54.00474548339844,337515,f_00157.png
0.56,314.0,45.183780670166016,0.8860434394380118,119.0,53.57991409301758,337149,f_00158.png
0.56,316.0,45.067047119140625,0.879773700756453,118.0,53.50829315185547,336870,f_00159.png
0.56,318.0,42.98250198364258,0.8787202322039517,117.0,53.118438720703125,336508,f_00160.png
0.56,320.0,42.73170471191406,0.873583935478768,116.0,52.97407913208008,336270,f_00161.png
0.56,322.0,49.407569885253906,0.8675335533577453,114.0,52.4238166809082,335873,f_00162.png
0.56,324.0,48.95343780517578,0.8863669143042778,114.0,51.3099250793457,335340,f_00163.png
0.56,326.0,47.064910888671875,0.8782776018821042,112.0,50.874046325683594,334670,f_00164.png
0.56,328.0,43.58355712890625,0.8910881508974108,112.0,50.14266586303711,334273,f_00165.png
0.56,330.0,44.84789276123047,0.8659221040529593,110.0,50.67852020263672,333788,f_00166.png
0.56,332.0,45.33378601074219,0.8776592900647268,110.0,50.00078201293945,334775,f_00167.png
0.56,334.0,47.1965446472168,0.8891835951555125,109.0,48.904083251953125,335450,f_00168.png
0.56,336.0,44.94590377807617,0.9107443372483482,110.0,48.18437957763672,336593,f_00169.png
0.56,338.0,42.9127311706543,1.06817890417325,107.0,39.962242126464844,229963,f_00170.png
0.56,340.0,45.174373626708984,1.023791151137338,104.0,40.525840759277344,231652,f_00171.png
0.56,342.0,42.198795318603516,1.0459499833760568,105.0,40.048702239990234,232537,f_00172.png
0.56,344.0,48.43260955810547,1.048001559568818,105.0,39.97030258178711,233809,f_00173.png
0.56,346.0,29.394447326660156,1.1041066412424891,101.0,36.49391174316406,231992,f_00174.png
0.56,348.0,37.906620025634766,1.020570562881786,100.0,39.09012222290039,232733,f_00175.png
0.56,350.0,44.6507682800293,0.983594594110943,101.0,40.9652214050293,234307,f_00176.png
0.56,352.0,20.902347564697266,1.2954576209725561,102.0,31.411380767822266,237189,f_00177.png
0.56,354.0,28.770671844482422,1.1617312383439804,99.0,33.99692153930664,235410,f_00178.png
0.56,356.0,34.251956939697266,1.0605001934666898,100.0,37.61831283569336,236159,f_00179.png
0.56,358.0,37.17411422729492,1.0204019427692916,99.0,38.70561599731445,236101,f_00180.png
0.56,360.0,38.95655822753906,1.0385091027031579,98.0,37.6466064453125,237392,f_00181.png
0.56,362.0,37.43305587768555,1.0707106310884893,101.0,37.63217544555664,236966,f_00182.png
0.56,364.0,38.08070755004883,1.075586566230422,100.0,37.09067153930664,238111,f_00183.png
0.56,366.0,39.385093688964844,1.095951496273895,101.0,36.76546859741211,238743,f_00184.png
0.56,368.0,18.571950912475586,0.9750042073838172,110.0,45.0086784362793,350162,f_00185.png
0.56,370.0,17.451061248779297,0.9829357439835789,111.0,45.051361083984375,351478,f_00186.png
0.56,372.0,18.859943389892578,0.9854266110007054,110.0,44.53264236450195,353186,f_00187.png
0.56,374.0,17.363739013671875,0.9979724289603216,110.0,43.972808837890625,353395,f_00188.png
0.56,376.0,17.175228118896484,1.035854241493926,112.0,43.13496398925781,291338,f_00189.png
0.56,378.0,17.08098793029785,1.0258256210246068,111.0,43.16775894165039,293319,f_00190.png
0.56,380.0,17.509660720825195,1.0229395209187113,109.0,42.509559631347656,293111,f_00191.png
0.56,382.0,18.047441482543945,1.0024440473888188,106.0,42.18478012084961,293479,f_00192.png
0.56,384.0,17.21908187866211,1.0217314495616991,107.0,41.778907775878906,294661,f_00193.png
0.56,386.0,22.476606369018555,0.9926107139114103,108.0,43.40650939941406,299674,f_00194.png
0.56,388.0,22.75820541381836,0.9938242380041326,109.0,43.75492858886719,301021,f_00195.png
0.56,390.0,34.46072006225586,0.9878940696495327,93.0,37.5562858581543,288471,f_00196.png
0.56,392.0,26.801504135131836,0.9852042262619621,100.0,40.49335861206055,296724,f_00197.png
0.56,394.0,28.87582778930664,0.9530542698164022,97.0,40.60356521606445,291816,f_00198.png
0.56,396.0,27.468055725097656,0.9719636723586476,97.0,39.813629150390625,291470,f_00199.png
0.56,398.0,26.063720703125,0.9640783313841015,95.0,39.3116569519043,290577,f_00200.png
0.56,400.0,30.483240127563477,0.9646172458483375,96.0,39.703269958496094,292083,f_00201.png
0.56,402.0,29.602462768554688,0.9595700590335824,94.0,39.08060073852539,291414,f_00202.png
0.56,404.0,26.007701873779297,0.9725189782229564,92.0,37.73981857299805,290927,f_00203.png
0.56,406.0,20.69647216796875,1.2707129915890942,120.0,37.6741828918457,279123,f_00204.png
0.56,408.0,9.871501922607422,1.3965818651347253,90.0,25.70905876159668,298317,f_00205.png
0.56,410.0,123.29226684570312,0.7486634588953638,68.0,36.2353401184082,231084,f_00206.png
0.56,412.0,45.191795349121094,1.1610794155614195,94.0,32.29802703857422,222300,f_00207.png
0.56,414.0,67.85179138183594,nan,nan,nan,218,f_00208.png
0.56,416.0,80.05440521240234,1.0402498831271985,93.0,35.66607666015625,221000,f_00209.png
0.56,418.0,96.11225891113281,0.968635006474711,90.0,37.06742477416992,220830,f_00210.png
0.56,420.0,112.0683822631836,0.9862820089882123,90.0,36.404197692871094,220105,f_00211.png
0.56,422.0,106.07485961914062,0.951640775865573,84.0,35.21407699584961,219588,f_00212.png
0.15,0.0,28.92783546447754,nan,nan,nan,0,f_00001.png
0.15,2.0,27.440908432006836,nan,nan,nan,0,f_00002.png
0.15,4.0,26.824247360229492,1.095306161141398,70.0,25.496030807495117,3056,f_00003.png
0.15,6.0,28.358844757080078,1.4881297731475525,82.0,21.982805252075195,5074,f_00004.png
0.15,8.0,27.83827018737793,1.4211833306171096,85.0,23.860464096069336,7748,f_00005.png
0.15,10.0,28.20366668701172,1.2501093005619657,82.0,26.168325424194336,10545,f_00006.png
0.15,12.0,27.66560173034668,1.2233498669801615,86.0,28.045154571533203,12717,f_00007.png
0.15,14.0,27.005836486816406,1.0847350457835503,83.0,30.525619506835938,14792,f_00008.png
0.15,16.0,26.29432487487793,1.0538476872673321,81.0,30.663183212280273,16838,f_00009.png
0.15,18.0,27.91008758544922,1.1594981346749118,79.0,27.18110466003418,19087,f_00010.png
0.15,20.0,28.99060821533203,1.308815068072692,88.0,26.82343864440918,20916,f_00011.png
0.15,22.0,27.58510971069336,1.275563523859527,84.0,26.271644592285156,23060,f_00012.png
0.15,24.0,26.24554443359375,1.0715311259981024,78.0,29.040218353271484,24575,f_00013.png
0.15,26.0,27.669809341430664,0.9941895846323843,79.0,31.700634002685547,26070,f_00014.png
0.15,28.0,27.20628547668457,0.964058187035002,75.0,31.03616714477539,27426,f_00015.png
0.15,30.0,26.94162940979004,0.9481247003354707,76.0,31.97850799560547,28984,f_00016.png
0.15,32.0,27.333290100097656,0.9668026256215,82.0,33.836551666259766,30301,f_00017.png
0.15,34.0,26.638866424560547,0.9507393742588405,86.0,36.08668899536133,31508,f_00018.png
0.15,36.0,28.151750564575195,0.9298811658026832,87.0,37.32517623901367,32905,f_00019.png
0.15,38.0,26.34198570251465,0.8591332365617786,84.0,39.005767822265625,34257,f_00020.png
0.15,40.0,26.872934341430664,0.8180430231220798,83.0,40.47734451293945,35491,f_00021.png
0.15,42.0,26.95785903930664,0.8450750584231571,85.0,40.12672424316406,36435,f_00022.png
0.15,44.0,28.138978958129883,0.7918980439924779,82.0,41.3099479675293,37516,f_00023.png
0.15,46.0,25.914424896240234,nan,nan,nan,210,f_00024.png
0.15,48.0,30.869802474975586,nan,nan,nan,249,f_00025.png
0.15,50.0,30.602962493896484,nan,nan,nan,235,f_00026.png
0.15,52.0,32.83141326904297,0.8894908501310377,90.0,40.365570068359375,43081,f_00027.png
0.15,54.0,31.50486183166504,0.7911730484229206,85.0,42.86052703857422,44146,f_00028.png
0.15,56.0,32.77307891845703,0.7491713940556988,85.0,45.263465881347656,45335,f_00029.png
0.15,58.0,32.943115234375,0.7101473461929005,85.0,47.75078582763672,46551,f_00030.png
0.15,60.0,31.45679473876953,0.7482248835530088,89.0,47.45346450805664,47656,f_00031.png
0.15,62.0,29.181854248046875,0.7866919293341671,90.0,45.640235900878906,48809,f_00032.png
0.15,64.0,28.459814071655273,0.7730969162552919,88.0,45.410762786865234,50354,f_00033.png
0.15,66.0,26.09142303466797,0.8165293583987552,93.0,45.438209533691406,51630,f_00034.png
0.15,68.0,29.810232162475586,0.7862870038119516,92.0,46.678489685058594,53062,f_00035.png
0.15,70.0,28.488056182861328,0.7709084513523626,94.0,48.6446533203125,54581,f_00036.png
0.15,72.0,28.94866371154785,0.7563496413814493,92.0,48.52608871459961,56261,f_00037.png
0.15,74.0,27.493221282958984,0.7815694278957115,94.0,47.981117248535156,58029,f_00038.png
0.15,76.0,27.06186294555664,0.7400103988756853,90.0,48.519325256347656,59614,f_00039.png
0.15,78.0,29.321651458740234,0.7180510903722545,89.0,49.44754409790039,61344,f_00040.png
0.15,80.0,27.98295783996582,0.7345716859651579,91.0,49.421653747558594,63086,f_00041.png
0.15,82.0,31.081632614135742,0.7080962676749216,91.0,51.269508361816406,64887,f_00042.png
0.15,84.0,27.792980194091797,0.7373056882261125,94.0,50.861637115478516,66814,f_00043.png
0.15,86.0,27.007299423217773,0.7035053204685204,92.0,52.17116165161133,68295,f_00044.png
0.15,88.0,26.664371490478516,0.6998259447546369,90.0,51.305335998535156,70774,f_00045.png
0.15,90.0,28.828886032104492,0.7292923860004515,97.0,53.06157302856445,72619,f_00046.png
0.15,92.0,25.822343826293945,0.7246423566925668,97.0,53.402069091796875,74322,f_00047.png
0.15,94.0,28.154207229614258,0.7630550251618632,101.0,52.8050651550293,76708,f_00048.png
0.15,96.0,30.265670776367188,0.7606085436840936,104.0,54.548423767089844,78437,f_00049.png
0.15,98.0,28.559171676635742,0.7578161402458788,104.0,54.74942398071289,80316,f_00050.png
0.15,100.0,24.309545516967773,0.7835793816217232,105.0,53.45845031738281,82553,f_00051.png
0.15,102.0,27.055667877197266,0.7832552773515773,107.0,54.49924850463867,84124,f_00052.png
0.15,104.0,27.34868049621582,0.7821171915751658,107.0,54.57855224609375,86339,f_00053.png
0.15,106.0,27.87883949279785,0.7693084697182947,108.5,56.2651252746582,88220,f_00054.png
0.15,108.0,29.53921890258789,0.7961667126753478,109.0,54.617591857910156,90727,f_00055.png
0.15,110.0,31.291244506835938,0.7884243998143811,110.0,55.659934997558594,92473,f_00056.png
0.15,112.0,29.85216522216797,0.7882254170812031,108.0,54.6617317199707,94432,f_00057.png
0.15,114.0,29.81452751159668,0.7782490207067562,108.0,55.36244201660156,96540,f_00058.png
0.15,116.0,27.176671981811523,0.784605691933323,108.0,54.913909912109375,98790,f_00059.png
0.15,118.0,25.20731544494629,0.787345525443268,109.0,55.22951126098633,101121,f_00060.png
0.15,120.0,25.196550369262695,0.7828310825512879,108.0,55.038394927978516,103552,f_00061.png
0.15,122.0,27.137256622314453,0.7907528210033017,109.0,54.99153137207031,105805,f_00062.png
0.15,124.0,26.481740951538086,0.7646795698405591,108.0,56.34486389160156,108330,f_00063.png
0.15,126.0,25.704914093017578,0.7748816570261219,111.0,57.14755630493164,110556,f_00064.png
0.15,128.0,28.99503517150879,0.7713885760599154,111.0,57.40633773803711,112886,f_00065.png
0.15,130.0,25.87641143798828,0.7827081627471026,113.0,57.59551239013672,114603,f_00066.png
0.15,132.0,26.079708099365234,0.7943549350902278,114.0,57.253273010253906,116699,f_00067.png
0.15,134.0,26.61797523498535,0.7877202016321134,114.0,57.73550033569336,118653,f_00068.png
0.15,136.0,28.159948348999023,0.7893311103111929,115.0,58.12308883666992,120505,f_00069.png
0.15,138.0,27.142778396606445,0.8155851869907226,118.0,57.71952438354492,122936,f_00070.png
0.15,140.0,28.614097595214844,0.8142839645275808,118.0,57.81175994873047,124933,f_00071.png
0.15,142.0,24.666406631469727,0.8142438610766398,119.0,58.304561614990234,127219,f_00072.png
0.15,144.0,27.30866241455078,0.823611086286048,121.0,58.610206604003906,129689,f_00073.png
0.15,146.0,23.202678680419922,0.8137711823875386,120.0,58.82866668701172,132083,f_00074.png
0.15,148.0,27.570955276489258,0.798466303486906,119.0,59.45664978027344,134278,f_00075.png
0.15,150.0,28.471168518066406,0.8156590752239566,123.0,60.15981674194336,136463,f_00076.png
0.15,152.0,28.40833282470703,0.8252016804610005,122.0,58.980682373046875,138866,f_00077.png
0.15,154.0,29.415775299072266,0.8019903620625013,120.0,59.69282913208008,141409,f_00078.png
0.15,156.0,30.550277709960938,0.8064752546005981,121.0,59.85554504394531,143463,f_00079.png
0.15,158.0,28.01005744934082,0.8001953054555366,122.0,60.823848724365234,145758,f_00080.png
0.15,160.0,27.209856033325195,0.803676712361249,121.0,60.06397247314453,147989,f_00081.png
0.15,162.0,27.2342529296875,0.8212126879470544,122.0,59.26717758178711,149721,f_00082.png
0.15,164.0,24.678926467895508,0.8230863819020177,123.0,59.61695098876953,152640,f_00083.png
0.15,166.0,27.437013626098633,0.811540530964315,123.0,60.465126037597656,154848,f_00084.png
0.15,168.0,28.362794876098633,0.8137618748408441,124.0,60.79031753540039,157272,f_00085.png
0.15,170.0,25.28467559814453,0.8297282697837068,125.0,60.10134506225586,159456,f_00086.png
0.15,172.0,24.9466552734375,0.8354439645765184,126.0,60.16768264770508,161253,f_00087.png
0.15,174.0,26.6600284576416,0.8209632281331902,125.0,60.743019104003906,164073,f_00088.png
0.15,176.0,24.53531837463379,0.8186699862598256,123.0,59.938560485839844,166694,f_00089.png
0.15,178.0,25.21440315246582,0.8099179224268004,124.0,61.078834533691406,169711,f_00090.png
0.15,180.0,25.80898666381836,0.7986575711953605,124.0,61.93999099731445,171505,f_00091.png
0.15,182.0,24.713102340698242,0.7912468523070036,123.0,62.01591873168945,173769,f_00092.png
0.15,184.0,24.249399185180664,0.7770022813393063,123.0,63.15283966064453,175890,f_00093.png
0.15,186.0,23.15427589416504,0.799267144165173,126.0,62.891021728515625,178341,f_00094.png
0.15,188.0,25.020532608032227,0.8050820271867826,128.0,63.42783737182617,180816,f_00095.png
0.15,190.0,24.26729965209961,0.8246779434817109,129.0,62.40442657470703,183144,f_00096.png
0.15,192.0,23.098066329956055,0.8360108578174554,131.0,62.51287078857422,185768,f_00097.png
0.15,194.0,24.18343734741211,0.8529908455370963,134.0,62.67155838012695,188308,f_00098.png
0.15,196.0,25.340700149536133,0.8410604532798236,134.0,63.560550689697266,191502,f_00099.png
0.15,198.0,27.363969802856445,0.834026034097815,132.0,63.13997268676758,194011,f_00100.png
0.15,200.0,27.37333869934082,0.862568613528342,138.0,63.825687408447266,196441,f_00101.png
0.15,202.0,26.919687271118164,0.8639485203246448,137.0,63.26197814941406,198961,f_00102.png
0.15,204.0,30.214323043823242,0.8342806711023038,133.0,63.5988883972168,201543,f_00103.png
0.15,206.0,29.17011070251465,0.8368849329016278,133.0,63.400978088378906,204186,f_00104.png
0.15,208.0,30.22735595703125,0.858926645005813,135.0,62.702919006347656,206957,f_00105.png
0.15,210.0,29.872285842895508,0.8400152434832986,133.0,63.16471481323242,209782,f_00106.png
0.15,212.0,26.83546257019043,0.8397187245223117,133.0,63.18701934814453,212238,f_00107.png
0.15,214.0,29.47739601135254,0.8383405451188594,135.0,64.24263763427734,214915,f_00108.png
0.15,216.0,27.24407196044922,0.8293190035819367,133.0,63.97938919067383,217736,f_00109.png
0.15,218.0,27.118183135986328,0.7985476444295336,129.0,64.44644165039062,220254,f_00110.png
0.15,220.0,27.622743606567383,0.8234606920023224,133.0,64.43455505371094,223299,f_00111.png
0.15,222.0,27.979433059692383,0.8099931776879498,130.0,64.02831268310547,225881,f_00112.png
0.15,224.0,25.94573402404785,0.8311815153699481,134.0,64.31599426269531,228588,f_00113.png
0.15,226.0,30.076522827148438,0.8408871504119567,135.0,64.04808044433594,230372,f_00114.png
0.15,228.0,27.14235496520996,0.8329049217449697,134.0,64.18291473388672,232853,f_00115.png
0.15,230.0,26.675138473510742,0.80964451895709,130.0,64.0558853149414,235972,f_00116.png
0.15,232.0,26.648483276367188,0.8429252540732441,135.0,63.893218994140625,237971,f_00117.png
0.15,234.0,23.52017593383789,0.839169263592989,132.0,62.75299072265625,240567,f_00118.png
0.15,236.0,26.972713470458984,0.8066896438637102,130.0,64.29051971435547,243033,f_00119.png
0.15,238.0,28.830543518066406,0.8058264107793314,130.0,64.35939025878906,245950,f_00120.png
0.15,240.0,26.841840744018555,0.7996374148555173,129.0,64.35861206054688,248512,f_00121.png
0.15,242.0,27.90865707397461,0.7985991088853089,130.0,64.94184112548828,250763,f_00122.png
0.15,244.0,26.47920799255371,0.8163244344769194,132.0,64.5091323852539,253096,f_00123.png
0.15,246.0,28.514854431152344,0.7953958576621228,128.0,64.20024871826172,256167,f_00124.png
0.15,248.0,31.934371948242188,0.776864665566145,126.0,64.7046127319336,258511,f_00125.png
0.15,250.0,31.446609497070312,0.791114271567564,128.0,64.5477066040039,260778,f_00126.png
0.15,252.0,31.541893005371094,0.7854281350506255,127.0,64.50707244873047,263169,f_00127.png
0.15,254.0,32.50817108154297,0.7918034638960244,128.0,64.49152374267578,265370,f_00128.png
0.15,256.0,27.862709045410156,0.7990987446817298,128.0,63.90275573730469,268329,f_00129.png
