t_s,M_px,Rg_px,R95seed_px,Rmaxseed_px,circ_cx_px,circ_cy_px,circ_R_px,edge,n_comp
0.0,10.0,2.0396078054371136,10.597392588957392,11.045361017187261,430.5,321.5,2.9155757427215576,0.0,1.0
0.5,0.0,0.0,0.0,0.0,0.0,0.0,0.0,0.0,0.0
1.0,0.0,0.0,0.0,0.0,0.0,0.0,0.0,0.0,0.0
1.5,0.0,0.0,0.0,0.0,0.0,0.0,0.0,0.0,0.0
2.0,71.0,13.532609560742792,35.092716213208405,37.12142238654117,413.5247802734375,326.5082702636719,20.53076934814453,0.0,4.0
2.5,47.0,8.62256191716775,52.33927706158808,53.03772242470448,430.5,310.0,41.17351150512695,0.0,2.0
3.0,0.0,0.0,0.0,0.0,0.0,0.0,0.0,0.0,0.0
3.5,1755.0,42.7902360467796,94.09941296227173,100.62305898749054,419.0671081542969,287.9090576171875,57.346282958984375,0.0,2.0
4.0,3370.0,44.14520095998602,93.71577387308501,102.42070103255493,417.96429443359375,288.6318664550781,59.84421157836914,0.0,2.0
4.5,5254.0,48.16916777397927,92.58156984426397,105.53672346628922,408.1169128417969,295.8363342285156,71.0147933959961,0.0,1.0
5.0,6501.0,51.27906998372424,96.33794683301072,109.88175462741756,402.0,295.5,78.9447021484375,0.0,1.0
5.5,7952.0,54.23979435543158,102.11439637286968,115.84903970253703,396.0,293.5,84.624267578125,0.0,1.0
6.0,9087.0,56.340332910468454,105.87444324416451,122.18837915284743,392.8387145996094,290.3870849609375,88.3143081665039,0.0,1.0
6.5,10105.0,58.28456172678314,109.17875251164945,130.39171752837677,390.5,290.0,91.93077850341797,0.0,1.0
7.0,10955.0,59.65122328488721,112.01160646675383,130.98091464026353,390.0,288.5,93.80974578857422,0.0,1.0
7.5,11840.0,61.28001021724242,114.7606188532375,135.34031180694095,388.0,284.5,97.24334716796875,0.0,1.0
8.0,12599.0,62.48681128829879,116.04180245989943,135.20355024924456,389.0,289.0,99.5390396118164,0.0,1.0
8.5,13348.0,63.65485140483208,118.00423721205946,139.51702405083043,389.0,292.0,101.92163848876953,0.0,1.0
9.0,14182.0,64.50263820943604,119.60351165413162,142.59382875847047,387.5,290.5,103.50130462646484,0.0,1.0
9.5,14826.0,65.19754775472524,120.3536455617361,142.59382875847047,389.0,294.5,105.1488037109375,0.0,1.0
10.0,15510.0,66.00035520836354,121.40510669997066,144.34680460612904,388.0,294.0,107.20551300048828,0.0,1.0
10.5,16220.0,66.82566053448079,123.06502346320826,146.03081866510234,387.54803466796875,294.1499328613281,108.63355255126953,0.0,1.0
11.0,16919.0,67.6629225526242,124.0366881149992,147.41099009232656,388.5,297.0,110.24641418457031,0.0,1.0
11.5,17678.0,68.7445221661261,126.14673994994877,150.02999700059985,388.0,298.5,112.5000991821289,0.0,1.0
12.0,18392.0,69.58413836253942,127.1416532848303,151.40013210033868,389.0,300.0,113.32264709472656,0.0,1.0
12.5,19051.0,70.47663613686034,127.95310782127792,151.02979838429235,389.0837097167969,299.0528564453125,113.95081329345703,0.0,1.0
13.0,19652.0,70.98871692747392,129.00910807590677,151.40013210033868,388.7073974609375,296.9861755371094,114.51776885986328,0.0,1.0
13.5,20291.0,71.78283028455023,129.86916493148019,155.0290295396317,386.62591552734375,293.8537902832031,116.44330596923828,0.0,1.0
14.0,20941.0,72.57243205628075,130.64838307457157,154.02921800749363,386.2019348144531,289.6846618652344,117.29591369628906,0.0,1.0
14.5,21471.0,73.05719976973089,131.24404748406687,155.0290295396317,385.6451721191406,286.6154479980469,117.78495788574219,0.0,1.0
15.0,22226.0,73.91364058097429,132.2393662109519,155.05160431288675,386.2916564941406,285.9955749511719,118.74623107910156,0.0,1.0
15.5,23014.0,74.72330448108477,134.0,156.00320509528,385.7101135253906,283.64215087890625,120.94720458984375,0.0,1.0
16.0,23560.0,75.25845103193902,134.80856785823187,158.01265772082945,385.7096252441406,282.67059326171875,122.7856674194336,0.0,1.0
16.5,24228.0,76.14616587748714,136.12971750401627,158.2024020045208,386.4651184082031,282.08209228515625,124.09032440185547,0.0,1.0
17.0,24790.0,76.934518935281,137.0895692483846,159.02829936838285,386.9882507324219,281.62933349609375,124.74787902832031,0.0,1.0
17.5,25491.0,77.83290071009314,138.20636667891563,162.02777539668932,386.138671875,281.07989501953125,126.74948120117188,0.0,1.0
18.0,26228.0,78.91406496366488,140.0344600343059,165.3027525481654,386.6859130859375,281.5477294921875,128.2701416015625,0.0,1.0
18.5,26784.0,79.63616449026782,141.59802258506295,168.1903683330291,385.3418884277344,281.5917663574219,129.91387939453125,0.0,1.0
19.0,27364.0,80.43721930609895,142.67165021285143,172.6528308484978,384.94158935546875,281.6846618652344,131.24063110351562,0.0,1.0
19.5,28090.0,81.27794507142522,144.08677940741129,172.6528308484978,385.2046203613281,281.8499450683594,131.4532928466797,0.0,1.0
20.0,28660.0,82.01344904373141,145.2210384032994,174.6453549339346,383.9287109375,281.9273681640625,133.1922149658203,0.0,1.0
20.5,29263.0,82.6916469241861,146.11296999240005,172.35138525698017,384.6868896484375,281.287353515625,134.0991973876953,0.0,1.0
21.0,29931.0,83.68268773289226,147.54998962156816,180.27756377319946,381.81146240234375,282.0787658691406,137.43780517578125,0.0,1.0
21.5,30523.0,84.30594180372864,148.48905683584903,178.33956375409244,382.86474609375,283.68499755859375,138.00537109375,0.0,1.0
22.0,31191.0,85.11999060053745,149.25984046203266,180.33579788827288,385.5470275878906,289.79376220703125,139.0929412841797,0.0,1.0
22.5,31850.0,86.03651396401877,150.62088160495364,182.4636950190366,384.85223388671875,289.35382080078125,140.46372985839844,0.0,1.0
23.0,32345.0,86.57872509898479,151.48663298162526,182.61708572858126,384.8915710449219,288.2886047363281,140.74574279785156,0.0,1.0
23.5,32998.0,87.3057340899456,152.31595451109547,182.61708572858126,386.5075988769531,291.432373046875,141.62847900390625,0.0,1.0
24.0,33507.0,87.86260513693995,153.11662221248437,183.3303030052588,387.07427978515625,292.1856994628906,142.61781311035156,0.0,1.0
24.5,34026.0,88.35514733762514,153.9415473483361,185.27007313648906,386.3332824707031,292.540771484375,143.97618103027344,0.0,1.0
25.0,34759.0,89.08599971857981,154.72976440084898,190.31815467789718,384.81805419921875,294.1074523925781,146.94198608398438,0.0,1.0
25.5,35329.0,89.73037669305302,155.05160431288675,190.59118552545917,385.7590637207031,294.2772521972656,147.84097290039062,0.0,1.0
26.0,35964.0,90.4944105219217,155.75140406617138,193.31321734428818,385.0127868652344,293.83367919921875,150.13710021972656,0.0,1.0
26.5,36649.0,91.16627716111384,157.02229121739893,200.3596765818911,381.4490051269531,294.0695495605469,153.328125,0.0,1.0
27.0,37349.0,91.9814515348041,157.45793088949188,199.36148073286373,382.4743347167969,293.00128173828125,154.5101318359375,0.0,1.0
27.5,38181.0,92.89408771717291,158.826949854236,202.2992832414391,381.6748352050781,294.75274658203125,156.0718536376953,0.0,1.0
28.0,38772.0,93.68590626359193,159.83538399929583,204.15680248279753,381.012939453125,294.81121826171875,157.92538452148438,0.0,1.0
28.5,39566.0,94.35651511817139,160.3472790871752,204.29635336931494,381.99969482421875,294.3387756347656,158.98443603515625,0.0,1.0
29.0,40319.0,95.1219249415664,161.25135658344087,204.15680248279753,382.4737243652344,293.6326904296875,159.58688354492188,0.0,1.0
29.5,41048.0,95.7475669781135,162.02777539668932,205.15603817582362,382.81475830078125,293.7811584472656,160.3179473876953,0.0,1.0
30.0,41650.0,96.43138049350854,162.92636373527768,206.29348026537338,383.17510986328125,294.48638916015625,161.7089080810547,0.0,1.0
30.5,42337.0,97.12051855848449,163.57628173481115,207.24140512938047,383.5712890625,293.6771240234375,162.71466064453125,0.0,1.0
31.0,42915.0,97.63745370415178,164.43843832875572,209.2390976849212,382.9584655761719,293.46099853515625,164.11851501464844,0.0,1.0
31.5,44483.0,98.41919412436869,164.2224101637776,210.28789789238942,383.5855407714844,293.6690368652344,165.5352325439453,0.0,1.0
32.0,45105.0,98.91151864791692,165.42369842317032,210.28789789238942,383.7932434082031,292.96875,166.00892639160156,0.0,1.0
32.5,45767.0,99.29614230891093,165.88821509231454,210.28789789238942,384.979248046875,295.1548156738281,166.8396453857422,0.0,1.0
33.0,46249.0,99.64222323003858,165.95360796867715,210.28789789238942,385.84588623046875,296.2905578613281,167.5321807861328,0.0,1.0
33.5,46853.0,100.12431532843505,166.30694513459142,209.2390976849212,386.66656494140625,297.61688232421875,168.16290283203125,0.0,1.0
34.0,47484.0,100.6359187763441,167.0269439342048,212.2851855405836,386.2202453613281,298.2975769042969,169.4894561767578,0.0,1.0
34.5,48046.0,101.08173112186542,167.49850733134497,210.40199618824911,386.62652587890625,298.17767333984375,169.90733337402344,0.0,1.0
35.0,48584.0,101.60131566282091,168.5734261382855,212.2851855405836,387.0519714355469,298.1064147949219,170.33831787109375,0.0,1.0
35.5,49245.0,102.17322586392585,169.00769211606416,214.3361845326169,386.3433837890625,297.9332275390625,171.64122009277344,0.0,1.0
36.0,49753.0,102.73768813217113,170.0470523119998,215.52262062252305,386.48980712890625,296.5970153808594,172.47451782226562,0.0,1.0
36.5,50349.0,103.47738422771968,171.74690681348528,222.50617968946392,382.74853515625,295.6378173828125,175.8180389404297,0.0,1.0
37.0,50996.0,104.06441919727041,172.35138525698017,222.64994947226015,382.93658447265625,295.0882873535156,176.0662384033203,0.0,1.0
37.5,51519.0,104.54638880263862,173.1588865753069,222.5758297749331,382.7845764160156,294.9034423828125,176.30409240722656,0.0,1.0
38.0,52139.0,104.99116989759891,173.44163283364233,225.49944567559362,381.452392578125,294.3298645019531,177.6590576171875,0.0,1.0
38.5,52739.0,105.50616795794909,174.24408167854654,227.49505489130968,380.5179138183594,293.660400390625,178.79605102539062,0.0,1.0
39.0,53355.0,105.91824673943202,175.0028571195339,227.49505489130968,380.4148254394531,293.29058837890625,179.12738037109375,0.0,1.0
39.5,53915.0,106.23348652088467,174.77127910500627,226.56566377101365,381.1828308105469,292.71575927734375,179.96792602539062,0.0,1.0
40.0,54344.0,106.68195586015783,175.41379649275024,227.56317804073663,381.7603454589844,292.2353820800781,180.60765075683594,0.0,1.0
40.5,54942.0,107.1317932071851,176.13914953808538,231.5534495532295,380.328125,292.603515625,182.58624267578125,0.0,1.0
41.0,55530.0,107.56356948232329,176.68686865196327,226.79726629745784,380.9811706542969,291.8585205078125,183.3232879638672,0.0,1.0
41.5,55844.0,107.94609084676912,177.9016582272352,230.5558500667463,380.9811706542969,291.8585205078125,183.3232879638672,0.0,1.0
42.0,56486.0,108.47362216881072,177.90798179584533,230.5558500667463,381.7292785644531,291.2128601074219,184.14474487304688,0.0,1.0
42.5,56835.0,108.61238998216523,178.2133552795637,233.54871012274933,380.8875427246094,289.78411865234375,185.6084747314453,0.0,1.0
43.0,57377.0,109.06093307932808,178.90108995965417,230.4886114323222,381.1729431152344,288.428466796875,186.07997131347656,0.0,1.0
43.5,57995.0,109.32953982298069,179.0446871593793,230.5558500667463,382.0810852050781,288.2901916503906,186.99859619140625,0.0,1.0
44.0,58460.0,109.74921834275555,179.25400971805345,230.2628932329306,382.2804870605469,287.39263916015625,187.3261260986328,0.0,1.0
44.5,59005.0,110.117160018634,180.13605968822566,232.2154172315008,382.7175598144531,286.85479736328125,187.8382568359375,0.0,1.0
45.0,59433.0,110.48219653423752,180.22763384120648,231.21634890292685,383.2663879394531,285.8678283691406,188.53089904785156,0.0,1.0
45.5,59886.0,110.81197671829176,181.04419349981927,231.3114783144148,383.5452575683594,286.0506896972656,188.77830505371094,0.0,1.0
46.0,60316.0,111.11782281934934,181.68860720259914,231.3114783144148,383.9439697265625,285.744384765625,189.2194366455078,0.0,1.0
46.5,60856.0,111.5589968529231,182.00274723201295,233.21449354617735,383.7088928222656,285.8733825683594,189.9844970703125,0.0,1.0
47.0,61368.0,111.81766199189082,183.3303030052588,234.54637068179076,384.01922607421875,286.16595458984375,190.23574829101562,0.0,1.0
47.5,61769.0,112.16991652859302,183.2861148196733,234.54637068179076,384.83111572265625,287.5505065917969,190.81588745117188,0.0,1.0
48.0,62262.0,112.55931383812366,184.00271737123884,234.54637068179076,385.1696472167969,287.7423400878906,191.12342834472656,0.0,1.0
48.5,62745.0,112.88930148925951,184.45433036233862,233.54871012274933,385.80584716796875,287.4486389160156,191.795166015625,0.0,1.0
49.0,63249.0,113.15547388021992,184.78365728602733,234.54637068179076,387.2329406738281,288.0766296386719,193.1189727783203,0.0,2.0
49.5,63730.0,113.64881256313063,186.09970444053272,234.54637068179076,387.34820556640625,288.0050354003906,193.84234619140625,0.0,2.0
50.0,64194.0,114.05121430122898,186.5502613238588,235.54405108174564,387.55810546875,288.5458068847656,194.79783630371094,0.0,2.0
50.5,64702.0,114.35102563353817,187.0106948813356,233.77339455121918,388.8741149902344,289.6274108886719,195.93934631347656,0.0,2.0
51.0,65252.0,114.92193028580297,188.01063799689632,235.54405108174564,389.2397155761719,289.8067321777344,196.42140197753906,0.0,1.0
51.5,65709.0,115.271407633478,188.66266190827028,238.20999139414786,388.0917663574219,289.4168701171875,198.46246337890625,0.0,1.0
52.0,66270.0,115.64871015314306,189.44656238633627,235.54405108174564,388.6498107910156,290.4403991699219,198.85916137695312,0.0,1.0
52.5,66886.0,116.14447376774568,190.1598012165129,241.25090673404733,387.6706848144531,291.1003112792969,200.90814208984375,0.0,1.0
53.0,67413.0,116.62273604045272,191.01047091717248,241.25090673404733,388.1637268066406,292.0804443359375,201.2524871826172,0.0,1.0
53.5,68157.0,117.44422030435535,192.1067411623028,242.1672975444868,388.3887023925781,292.7525329589844,202.65879821777344,0.0,1.0
54.0,68786.0,118.0080182915435,192.87301516759197,242.1672975444868,388.849365234375,293.50537109375,203.3037872314453,0.0,1.0
54.5,69223.0,118.36739563844851,193.80531464596976,242.1672975444868,389.2817687988281,294.49273681640625,203.58065795898438,0.0,1.0
55.0,69561.0,118.68218489341578,194.36563482261982,244.05122413132864,388.6195983886719,294.2718505859375,204.9364471435547,0.0,1.0
55.5,69652.0,118.59519857469719,194.25331396205902,243.10080213771406,388.8748779296875,294.3815002441406,205.1724853515625,0.0,1.0
56.0,70516.0,119.38809713411881,195.25624189766637,244.10038918445008,389.0846252441406,293.8365783691406,205.6158905029297,0.0,1.0
56.5,71129.0,119.8467192652482,196.23404390160422,244.16592718886884,389.4666748046875,294.22991943359375,205.93214416503906,0.0,2.0
57.0,71610.0,120.23620148762085,196.4837141380049,246.13004692641653,389.16082763671875,294.3108215332031,207.59388732910156,0.0,1.0
57.5,72256.0,120.70191737936723,197.2308292331602,246.16457909293123,389.852294921875,294.9695739746094,208.1780548095703,0.0,1.0
58.0,72858.0,121.16380866118122,197.43391299161922,246.16457909293123,390.6036071777344,295.77166748046875,209.25872802734375,0.0,1.0
58.5,73308.0,121.5234831154423,198.3053201505194,249.1625975141534,389.5415344238281,296.1847229003906,210.38848876953125,0.0,1.0
59.0,73893.0,121.95858613668567,198.47921805569467,249.1625975141534,390.1905212402344,296.7330322265625,210.96017456054688,0.0,1.0
59.5,74508.0,122.36927637225314,199.1004771465905,249.24285345822858,390.4429626464844,297.5041198730469,211.1123809814453,0.0,1.0
60.0,75212.0,122.83518632316135,199.11052207254141,249.1625975141534,391.48565673828125,297.828125,212.10667419433594,0.0,1.0
60.5,75685.0,123.21516459296859,199.90497742677644,250.1619475459847,391.0638732910156,297.9676208496094,212.543212890625,0.0,1.0
61.0,76227.0,123.6180893354351,200.19240744843447,250.1619475459847,391.5251159667969,298.7519836425781,212.91053771972656,0.0,1.0
61.5,76604.0,123.876142257878,200.92374151516657,250.09798079952586,391.8944091796875,299.22918701171875,213.22366333007812,0.0,1.0
62.0,77065.0,124.29839799709693,201.40009930484146,250.1619475459847,392.8604431152344,300.15228271484375,214.08322143554688,0.0,1.0
62.5,77540.0,124.61943212688132,201.95729730441155,250.1619475459847,393.2750244140625,300.1531982421875,214.6042022705078,0.0,1.0
63.0,78117.0,125.07976998995656,202.5561650505854,251.16130275183716,393.4468994140625,300.3957824707031,215.4346160888672,0.0,1.0
63.5,78750.0,125.54230659702243,203.15757431117353,250.3377718203947,393.9219665527344,300.44036865234375,215.9032440185547,0.0,1.0
64.0,78811.0,125.68697427747053,203.43918006718604,251.19912420229494,394.4517517089844,301.498046875,216.3326416015625,0.0,1.0
64.5,79722.0,126.2394624111735,204.15680248279753,250.3377718203947,395.3522033691406,302.2950134277344,217.15939331054688,0.0,1.0
65.0,80119.0,126.66152183957303,204.97072961767003,252.33509466580347,394.92218017578125,302.36041259765625,217.55953979492188,0.0,1.0
65.5,80769.0,127.26044118420823,205.8722904553922,252.44603383693712,395.7224426269531,302.52764892578125,218.34481811523438,0.0,1.0
66.0,81789.0,127.96340577011063,206.65188119153427,253.33377192944488,395.8104248046875,302.25994873046875,219.30645751953125,0.0,1.0
66.5,82292.0,128.27090920172722,206.73654732533385,252.33509466580347,396.6015319824219,302.7298583984375,220.06478881835938,0.0,1.0
67.0,82703.0,128.559394892824,207.2112448369987,254.3855341799136,396.69158935546875,303.15789794921875,221.06503295898438,0.0,1.0
67.5,83322.0,128.99429107588224,207.4246851269154,254.3855341799136,397.7294006347656,303.73651123046875,222.1877899169922,0.0,1.0
68.0,84074.0,129.5730135963589,208.50419660045213,254.3855341799136,398.0362548828125,302.8846740722656,222.6950225830078,0.0,1.0
68.5,84607.0,129.89453635366593,209.02152999152983,254.503438090726,398.06927490234375,302.9898986816406,222.7199249267578,0.0,1.0
69.0,85125.0,130.25299293600688,209.46694247970245,254.4425278918601,398.55755615234375,303.068359375,223.20079040527344,0.0,1.0
69.5,85807.0,130.71378612093076,210.00952359357422,254.503438090726,398.7953186035156,302.57147216796875,223.47607421875,0.0,1.0
70.0,86538.0,131.1974050825141,210.3734774157617,254.6369965264278,398.95709228515625,302.2333984375,223.66395568847656,0.0,1.0
70.5,87215.0,131.62966884518266,211.09239683134018,256.382526705702,398.1355895996094,301.6690673828125,224.5933380126953,0.0,1.0
71.0,87862.0,132.11653280425307,211.60564737202736,257.381040482783,397.85699462890625,301.63330078125,225.31556701660156,0.0,1.0
71.5,88531.0,132.52769778281512,212.61114737368845,256.78006153126455,398.0235900878906,301.2961730957031,225.50360107421875,0.0,1.0
72.0,89242.0,133.1569627722386,213.26497602686405,256.632032295269,398.5840148925781,301.6123046875,226.04249572753906,0.0,1.0
72.5,89829.0,133.5841939412923,213.45959805077868,256.78006153126455,399.0239562988281,302.16339111328125,226.4471435546875,0.0,1.0
73.0,90396.0,134.05087545573213,214.39449619801343,257.8565492672234,399.228515625,302.8311462402344,226.61163330078125,0.0,1.0
73.5,91020.0,134.53030657713745,215.0348808914498,256.78006153126455,399.6507263183594,302.6985168457031,227.0408172607422,0.0,1.0
74.0,91633.0,134.95031371019,215.41309151216393,257.62957904712727,400.27679443359375,303.2332763671875,227.63523864746094,0.0,1.0
74.5,92140.0,135.43538384761388,215.67104580819372,258.62714474702767,400.0572204589844,303.75445556640625,228.44168090820312,0.0,1.0
75.0,92962.0,136.01053179584287,216.83392262223967,257.62957904712727,400.7054748535156,302.57269287109375,229.16014099121094,0.0,1.0
75.5,93402.0,136.14305915908272,217.00921639414304,258.7740327003465,400.93072509765625,302.41278076171875,229.3950958251953,0.0,1.0
76.0,94005.0,136.60361796805822,217.36835096213983,257.8565492672234,401.6824035644531,303.34765625,230.08792114257812,0.0,1.0
76.5,94750.0,137.15062943584547,218.23759985004352,258.8532402733255,402.1700134277344,303.12005615234375,230.5882110595703,0.0,1.0
77.0,95067.0,137.41335420488193,218.68013169924697,259.77105304479176,402.1123046875,303.5681457519531,231.39495849609375,0.0,1.0
77.5,95963.0,138.03108478979337,219.2434719570621,259.8499567057882,402.3859558105469,304.0726623535156,231.64398193359375,0.0,1.0
78.0,96694.0,138.50656538356563,219.92044015961773,259.43399931389104,403.29083251953125,304.0352783203125,232.549560546875,0.0,1.0
78.5,96864.0,138.71047410943874,220.02817998943948,260.37665025881256,402.8271789550781,304.3654479980469,233.11785888671875,0.0,1.0
79.0,97796.0,139.40760156495637,220.6054168709502,259.6247291765559,403.3856506347656,304.2886657714844,233.679443359375,0.0,1.0
79.5,98348.0,139.70233524185838,221.20578654275752,259.43399931389104,403.589599609375,303.87286376953125,233.904296875,0.0,1.0
80.0,98933.0,140.2288655523926,221.81523843054606,259.4937378820537,403.8696594238281,303.3018798828125,234.21420288085938,0.0,1.0
80.5,99526.0,140.64957831344924,222.44100341438852,261.43067914841214,403.46502685546875,302.82708740234375,234.83485412597656,0.0,1.0
81.0,100294.0,141.0897751341677,222.63872080121195,262.37377917772193,404.1632385253906,304.7562255859375,236.430908203125,0.0,1.0
81.5,100868.0,141.56922373491338,223.57325421436258,260.37665025881256,404.5738830566406,305.5174560546875,236.8061065673828,0.0,1.0
82.0,101520.0,141.99969601092667,223.7725407592846,259.4937378820537,405.2234802246094,305.7619323730469,237.4444122314453,0.0,1.0
82.5,102131.0,142.44434798216653,224.5050110550761,261.27571643763605,405.2234802246094,305.7619323730469,237.4444122314453,0.0,1.0
83.0,102758.0,142.85077136362293,224.89997776789573,260.62233212063774,405.4464416503906,306.4747314453125,237.63751220703125,0.0,1.0
83.5,103360.0,143.27048708106915,225.31988372038117,260.49184248263896,405.4464416503906,306.4747314453125,237.63751220703125,0.0,1.0
84.0,103952.0,143.6443525329657,226.0486673263083,262.48809496813374,405.3643798828125,306.4543151855469,237.69583129882812,0.0,1.0
84.5,104572.0,144.03969491855023,226.43321311150447,260.3247971285102,405.4576416015625,306.74609375,237.77374267578125,0.0,1.0
85.0,105297.0,144.56128046057037,227.22367823450813,262.37377917772193,405.4576416015625,306.74609375,237.77374267578125,0.0,1.0
85.5,105686.0,144.93205078026193,228.06358762415363,262.6175927084855,405.4576416015625,306.74609375,237.77374267578125,0.0,1.0
86.0,106592.0,145.50768143237048,228.3703133071372,263.48624252510797,404.8685302734375,306.5983581542969,238.19163513183594,0.0,1.0
86.5,107261.0,145.93767569904213,229.17678765529462,262.6175927084855,404.8685302734375,306.5983581542969,238.19163513183594,0.0,1.0
87.0,107910.0,146.34636700850686,229.68794047321498,263.3723599772763,405.0374755859375,306.290771484375,238.37660217285156,0.0,1.0
87.5,108642.0,146.74790902620379,230.05434140654683,262.23081436017395,405.4139404296875,305.60540771484375,238.79000854492188,0.0,1.0
88.0,109151.0,147.11501882539608,230.4886114323222,262.6175927084855,405.4139404296875,305.60540771484375,238.79000854492188,0.0,1.0
88.5,109815.0,147.50505836588363,230.8308904612472,261.22212769977966,405.4139404296875,305.60540771484375,238.79000854492188,0.0,1.0
89.0,110328.0,147.7964571764732,230.58620947489467,260.78343505675355,405.4139404296875,305.60540771484375,238.79000854492188,0.0,1.0
89.5,111166.0,148.24000079285946,231.9051530259731,262.76224995230956,405.4240417480469,305.58697509765625,238.8011474609375,0.0,1.0
90.0,112106.0,148.80986920941695,231.6139028642279,262.6194966105906,405.8088684082031,304.8864440917969,239.22564697265625,0.0,1.0
90.5,112762.0,149.18699452249092,232.14219780126146,263.751777245197,405.8939208984375,304.7315979003906,239.3197021484375,0.0,1.0
91.0,113373.0,149.5439799311947,232.81967270830015,264.8867682614592,405.8939208984375,304.7315979003906,239.3197021484375,0.0,1.0
91.5,114072.0,150.0070292919163,233.03433223454437,265.03584663211126,406.0859680175781,304.3819885253906,239.53253173828125,0.0,1.0
92.0,114828.0,150.4041717910241,233.70280272174745,266.02443496791795,406.5539245605469,303.530029296875,240.0530242919922,0.0,1.0
92.5,115557.0,150.86643436268605,234.23279018958897,266.33249895572266,406.5539245605469,303.530029296875,240.0530242919922,0.0,1.0
93.0,116195.0,151.2659751774152,234.56107944714975,266.4920261471251,406.6034240722656,303.67242431640625,240.0933380126953,0.0,1.0
93.5,116955.0,151.6898778892714,235.51072162229354,267.5556016980396,406.85394287109375,303.2630920410156,240.36976623535156,0.0,1.0
94.0,117606.0,152.11526238619624,235.76471322061747,267.36678926149375,407.0074768066406,303.6286315917969,240.4993438720703,0.0,1.0
94.5,118173.0,152.3713768151504,236.07710604572276,268.1510768205118,407.3697814941406,303.6660461425781,240.85842895507812,0.0,1.0
95.0,119220.0,152.9391543051826,236.71924298628534,268.50884529191956,407.8735046386719,303.9308776855469,241.34451293945312,0.0,1.0
95.5,119912.0,153.26908210882314,237.16871631815187,269.1635190734435,408.3395690917969,303.18475341796875,241.85731506347656,0.0,1.0
96.0,120555.0,153.70848374718037,237.19190542680835,269.462427807663,408.33587646484375,303.1251220703125,242.46389770507812,0.0,1.0
96.5,121180.0,154.06329672771705,237.8929381040769,270.05925275761246,408.5823974609375,302.8986511230469,242.792724609375,0.0,1.0
97.0,121807.0,154.4655597695763,238.4659304806454,271.07379069175977,409.0504455566406,303.0418395996094,243.2544403076172,0.0,1.0
97.5,122473.0,154.84036336499108,238.53301658261063,271.4479692316743,409.5674133300781,303.27313232421875,243.7615966796875,0.0,1.0
98.0,123259.0,155.3316659420542,239.70815588961506,272.91940202191563,409.50787353515625,302.5016174316406,244.6556396484375,0.0,1.0
98.5,123902.0,155.70057135171106,239.75998414693967,272.6242835845699,410.000244140625,303.6297302246094,245.11122131347656,0.0,1.0
99.0,124544.0,156.05785026562066,240.16869071550522,273.1464808486465,410.6078796386719,303.1179504394531,245.73439025878906,0.0,1.0
99.5,125417.0,156.57621185030138,241.01535220239725,273.5415873317986,410.7665100097656,303.48028564453125,245.881591796875,0.0,2.0
100.0,126004.0,156.92545988421764,241.13274352522097,273.5415873317986,411.3529357910156,304.22845458984375,246.4461212158203,0.0,1.0
100.5,126684.0,157.3505633911652,241.6112580158466,274.5359721420856,412.0868835449219,303.9389953613281,247.1878662109375,0.0,1.0
101.0,127375.0,157.8118532290344,242.15821273790996,275.42694131112154,412.2350158691406,304.1806640625,248.3917236328125,0.0,1.0
101.5,128073.0,158.1853934930405,242.1672975444868,274.7544358149655,412.4917297363281,304.41839599609375,248.6399688720703,0.0,1.0
102.0,128533.0,158.47986149449991,242.5077318355025,275.74807342935327,412.912353515625,304.7351379394531,249.1240234375,0.0,1.0
102.5,129196.0,158.91105848006424,243.00205760445732,276.63152387246106,412.9958190917969,304.8263244628906,250.16421508789062,0.0,1.0
103.0,129811.0,159.25513080043004,243.57750306627253,277.73548566936853,412.7778625488281,304.5110778808594,250.88978576660156,0.0,1.0
103.5,130411.0,159.61419611322432,244.00819658363937,277.8488797889961,412.1479797363281,304.8030090332031,251.20184326171875,0.0,1.0
104.0,131128.0,159.98271873244184,244.23349483639626,277.8488797889961,411.70062255859375,304.72021484375,251.8059539794922,0.0,1.0
104.5,131732.0,160.32692042770515,244.72709288246352,278.6198126479881,412.2206115722656,304.13232421875,252.37660217285156,0.0,1.0
105.0,132447.0,160.7627364657985,245.3507693079441,279.72307734614964,412.57672119140625,303.9920349121094,252.7374267578125,0.0,1.0
105.5,133022.0,161.08201839425914,245.70256407917722,280.8291295432153,413.044921875,303.8435363769531,253.29086303710938,0.0,1.0
106.0,133865.0,161.4993704153183,246.07722365143832,281.710844661685,413.11712646484375,303.8260803222656,254.2184600830078,0.0,1.0
106.5,134431.0,161.8508152636935,246.8856008700052,282.81619472724685,413.3832702636719,304.01519775390625,255.47886657714844,0.0,1.0
107.0,135047.0,162.27112389809562,247.06618525392747,283.6987839240768,415.4510803222656,305.0479736328125,257.573974609375,0.0,1.0
107.5,135853.0,162.71697562641984,247.7357463104588,283.9242856819402,415.981201171875,306.3269348144531,259.0234375,0.0,1.0
108.0,136551.0,163.15095307084573,248.28411145298847,285.0350855596553,415.71844482421875,305.99969482421875,259.74932861328125,0.0,1.0
108.5,137315.0,163.63217187098502,249.06424873915566,286.1485628130954,416.43951416015625,305.6114807128906,260.4953308105469,0.0,1.0
109.0,138266.0,164.1084973143373,249.65776575143823,286.6810073932349,416.3173828125,305.7630310058594,261.3375244140625,0.0,1.0
109.5,138845.0,164.49355843059706,250.2039168358481,286.53097563788805,415.588623046875,306.0784912109375,261.60504150390625,0.0,1.0
110.0,139574.0,164.90946880573205,250.39169315294788,286.27259736132623,416.1285095214844,306.6088562011719,262.1690673828125,0.0,1.0
110.5,140341.0,165.32574008922205,251.127457678367,287.14108030722457,416.4018249511719,306.5674743652344,262.4416809082031,0.0,1.0
111.0,140866.0,165.66456670565373,251.53131017827582,287.020905161976,415.1707763671875,307.18341064453125,263.2041320800781,0.0,1.0
111.5,141789.0,166.19930404867702,252.3430205097815,288.01388855400705,415.73248291015625,307.04156494140625,263.78076171875,0.0,1.0
112.0,142230.0,166.45240690745086,252.6420392571276,288.38342532122056,416.12469482421875,307.16107177734375,264.17523193359375,0.0,1.0
112.5,143139.0,166.86806729733217,253.04940229133123,289.8844597421531,417.0013732910156,306.2875061035156,265.0433654785156,0.0,1.0
113.0,143603.0,167.17407889572948,253.00731214104562,290.11894112587686,417.5072326660156,306.5914001464844,265.54705810546875,0.0,1.0
113.5,144360.0,167.56391328470218,254.18890613085378,291.8715470887836,418.2706298828125,305.499267578125,266.35003662109375,0.0,1.0
114.0,144995.0,167.99797086013555,254.37963754986365,292.97952146865146,418.1475524902344,305.28912353515625,267.2086486816406,0.0,1.0
114.5,145437.0,168.32079372936374,254.95097567963924,294.0901222414653,418.7642822265625,304.7801818847656,267.83660888671875,0.0,1.0
115.0,146038.0,168.61681772139752,255.09606033806168,294.462221685567,419.47723388671875,305.1319274902344,268.5414733886719,0.0,1.0
115.5,146573.0,168.95698072254928,255.45449692655637,295.7177708559295,420.62408447265625,304.9476623535156,269.6921081542969,0.0,1.0
116.0,147368.0,169.33136008736628,256.0175775215444,296.8450774393943,421.5662536621094,304.6737060546875,270.64031982421875,0.0,1.0
116.5,148130.0,169.7958124822375,256.3220630378899,297.9748311518944,421.6468811035156,304.5768127441406,271.6685791015625,0.0,1.0
117.0,148902.0,170.18644673893203,256.71969149249145,298.41246622753545,422.6032409667969,305.0137634277344,272.6196594238281,0.0,1.0
117.5,149471.0,170.47410394886947,257.0486335306998,299.4010688023675,423.1775817871094,305.5107727050781,274.1818542480469,0.0,1.0
118.0,150120.0,170.86272320277064,257.59852484049674,299.866637023861,423.5600280761719,305.41998291015625,274.58349609375,0.0,1.0
118.5,151204.0,171.44136316270965,258.54400012377005,300.54117854297436,424.46923828125,305.5027770996094,275.49151611328125,0.0,1.0
119.0,151753.0,171.7570226783709,259.026253468045,300.54117854297436,424.6444091796875,305.6907958984375,275.7032775878906,0.0,1.0
119.5,152567.0,172.1979435290801,259.5862091868518,300.54117854297436,423.854736328125,305.9896240234375,275.8836364746094,0.0,1.0
120.0,152964.0,172.37587099728518,259.5149321330085,300.54117854297436,424.1856689453125,306.2799987792969,276.21893310546875,0.0,1.0
120.5,153702.0,172.7849696386184,260.00192306981114,300.6958596322869,424.3529052734375,306.2748107910156,276.3860168457031,0.0,1.0
121.0,154231.0,173.1247595190254,260.69330639661615,300.8537850850476,423.4676208496094,306.37908935546875,276.5063171386719,0.0,1.0
121.5,154911.0,173.45233689769887,261.04788832702707,300.8537850850476,422.9303894042969,306.07391357421875,276.9371337890625,0.0,1.0
122.0,155640.0,173.79344018876918,261.5530538915575,301.5990716166083,423.4967041015625,305.33514404296875,277.5096130371094,0.0,1.0
122.5,156311.0,174.10556764365498,262.03911907627827,302.72925197278175,422.3036804199219,304.82281494140625,278.3063049316406,0.0,1.0
123.0,157043.0,174.46647092304264,262.21308128515386,303.7268509697488,422.731201171875,304.3035583496094,278.7408142089844,0.0,1.0
123.5,157777.0,174.86590754045025,262.9923953273174,304.7950130825634,422.66876220703125,304.1326599121094,279.6750793457031,0.0,1.0
124.0,158283.0,175.21748453168237,263.4274093559742,305.5306858565928,421.5030517578125,304.2497863769531,280.504150390625,0.0,1.0
124.5,158981.0,175.63479102979727,264.030301291348,306.52895458667524,422.5775451660156,304.42816162109375,281.5782470703125,0.0,1.0
125.0,159709.0,175.96095166188718,264.46360808247323,306.65289824164387,423.275634765625,305.009521484375,282.27752685546875,0.0,1.0
125.5,160091.0,176.29044072197584,264.9849052304678,307.7174028227848,424.2579650878906,304.9999084472656,283.26513671875,0.0,1.0
126.0,160626.0,176.6051347971156,265.3379919913614,308.52552568628744,424.9971618652344,305.0716247558594,284.00482177734375,0.0,1.0
126.5,161453.0,177.07285044104609,266.03007348794233,309.46728421595714,424.7264404296875,304.8551940917969,284.7278137207031,0.0,1.0
127.0,161992.0,177.40292779309362,266.6027006614899,309.8596456462183,425.3343505859375,305.08770751953125,285.3365173339844,0.0,1.0
127.5,163278.0,177.99940092673322,267.329384841996,310.98713799769916,426.26458740234375,304.9192810058594,286.2661437988281,0.0,1.0
128.0,163605.0,178.3112209187451,267.9776110050987,312.11696525501463,426.2642517089844,305.116943359375,287.27215576171875,0.0,1.0
128.5,164487.0,178.70646433467766,268.19768828235635,312.96804948748365,427.204345703125,305.3963623046875,288.2143859863281,0.0,1.0
129.0,167045.0,180.27645280461638,271.26739575555337,313.3943203059047,420.4654846191406,306.4547119140625,289.5218505859375,0.0,1.0
129.5,167614.0,180.57861386658195,271.7130839691015,314.3835237413055,420.82086181640625,306.5205993652344,289.8688049316406,0.0,1.0
130.0,168720.0,181.02546604752305,272.01654361453825,315.37279527568637,421.875244140625,306.17913818359375,290.65753173828125,0.0,1.0
130.5,168824.0,181.2634355611883,272.3093828591335,316.5090835979277,423.049072265625,305.7537536621094,291.5179443359375,0.0,1.0
131.0,169750.0,181.76107464696506,273.0897288438362,317.6476034853718,424.40997314453125,305.563720703125,292.6530456542969,0.0,1.0
131.5,170602.0,182.1495500744093,273.57814240176424,317.95597179483826,424.88287353515625,305.6654052734375,293.1221008300781,0.0,1.0
132.0,171394.0,182.597086212368,274.1751265158822,318.27660925679095,425.1894226074219,306.3233947753906,294.13360595703125,0.0,1.0
132.5,172248.0,183.05174806303572,275.138147118861,320.0890501094969,425.39215087890625,305.7430725097656,295.4087219238281,0.0,1.0
133.0,173162.0,183.53839025204863,275.80065264607333,321.2366728753117,426.5552673339844,305.21807861328125,296.2247009277344,0.0,1.0
133.5,174313.0,184.14269661888144,276.85555800814257,322.2235249015813,425.65673828125,305.49078369140625,297.3349304199219,0.0,1.0
134.0,175178.0,184.56293090767088,277.4779270500629,323.21045775160184,426.4966125488281,304.8288269042969,297.8042297363281,0.0,1.0
134.5,176109.0,185.0150934411083,278.02373992514504,323.37284981890485,426.6369934082031,304.7182312011719,297.88299560546875,0.0,1.0
135.0,176900.0,185.4536573832107,278.6844990304396,324.5242671973854,427.62420654296875,303.9402160644531,298.439208984375,0.0,1.0
135.5,177728.0,185.87534959024572,279.1212102282268,324.1974706872341,427.62420654296875,303.9402160644531,298.439208984375,0.0,1.0
136.0,178222.0,186.28232239111995,279.7320146139873,324.86304806795124,427.4115295410156,303.8023376464844,298.617919921875,0.0,1.0
136.5,178808.0,186.62039469155414,280.349781523011,325.3936078044558,427.3681335449219,303.5299377441406,298.89337158203125,0.0,1.0
137.0,179818.0,186.9674618154844,280.5779749018087,325.5764119219941,426.5816650390625,303.88238525390625,299.27978515625,0.0,1.0
137.5,180569.0,187.33588611687756,281.00177935379696,325.5764119219941,425.7001953125,304.08038330078125,299.4715576171875,0.0,1.0
138.0,181475.0,187.79953401064213,281.66824457151716,326.1977927577071,426.40570068359375,303.66986083984375,299.9344787597656,0.0,1.0
138.5,182069.0,188.13399052095681,282.0868660537034,326.5593361090753,426.7752990722656,303.52557373046875,300.20770263671875,0.0,1.0
139.0,182909.0,188.48541405449845,282.4276897527413,327.44159784608917,427.4736022949219,302.9699401855469,300.6048889160156,1.0,1.0
139.5,183548.0,188.85049788307603,283.0494656416083,328.3900120283807,428.29583740234375,302.7274475097656,301.24822998046875,1.0,1.0
140.0,184298.0,189.24979588221305,283.425475213503,329.38882798297817,429.2275390625,302.55548095703125,302.02166748046875,1.0,1.0
140.5,185151.0,189.5735504620198,283.8045101826255,329.49203328760467,428.8985900878906,302.615478515625,302.2198181152344,1.0,1.0
141.0,185826.0,189.9036533113417,284.0858144987517,330.38765110094533,427.57183837890625,302.7734375,303.3338317871094,1.0,1.0
141.5,186631.0,190.2474960854196,284.6172868742434,330.4375886608544,427.7235107421875,302.9201354980469,303.532958984375,1.0,1.0
142.0,187434.0,190.64313918535646,285.13067167536354,330.4375886608544,427.9015808105469,303.218505859375,303.8194580078125,1.0,1.0
142.5,188172.0,191.02295615542997,285.6588874864565,330.4905444940899,426.834716796875,303.6519470214844,304.3887939453125,1.0,1.0
143.0,188892.0,191.3800661335335,286.0180938213398,330.6055050963308,426.982421875,303.66265869140625,304.53387451171875,1.0,1.0
143.5,189836.0,191.83602128123604,286.83967647450726,330.73252032420396,426.5680236816406,304.0082092285156,305.0702209472656,1.0,1.0
144.0,190590.0,192.19384005635106,287.2368360778262,330.80054413498175,425.70501708984375,304.1007385253906,305.3233337402344,1.0,1.0
144.5,191363.0,192.56591413257505,287.8367592924851,330.73252032420396,425.0479431152344,304.34991455078125,305.6308898925781,1.0,1.0
145.0,192175.0,192.92011446117922,288.1976752062917,331.5448687583628,425.13885498046875,304.4373779296875,305.7096862792969,1.0,1.0
145.5,192971.0,193.2359263305587,288.5619517538652,332.41540277189324,424.60137939453125,304.23333740234375,306.19476318359375,1.0,1.0
146.0,193585.0,193.57066330407253,289.110705439975,332.66199061509866,423.72991943359375,304.34820556640625,306.43841552734375,1.0,1.0
146.5,194521.0,193.9714230735426,289.8723857148176,333.0540496676178,423.1495361328125,304.4587707519531,306.8396911621094,1.0,1.0
147.0,194770.0,194.17043661283788,289.8706608127149,333.47263755816607,422.7863464355469,304.7191467285156,307.43670654296875,1.0,1.0
147.5,195444.0,194.47792758072507,290.23921164408915,333.47263755816607,422.1395263671875,305.2239074707031,307.8520202636719,1.0,1.0
148.0,196704.0,194.89930574002847,290.9931270666027,334.22896343674347,420.9940490722656,305.2803039550781,308.4341125488281,1.0,1.0
148.5,196947.0,195.2174033289838,291.3417237540823,334.3889950342266,420.100830078125,305.47515869140625,308.6422119140625,1.0,1.0
149.0,197645.0,195.54977230239058,291.62475889402805,334.3889950342266,419.6427001953125,306.1286926269531,309.22406005859375,1.0,1.0
149.5,198256.0,195.82048139633926,292.0029965514948,334.8865479531837,418.46502685546875,306.5111083984375,309.86480712890625,1.0,1.0
150.0,198745.0,196.03619695804963,292.138665705175,335.4101966249685,418.8771057128906,306.412109375,310.2860107421875,1.0,1.0
150.5,199532.0,196.40047228879925,292.3302926485724,335.2327549628765,418.7731018066406,307.11920166015625,310.96795654296875,1.0,1.0
151.0,200036.0,196.65995900735672,292.75459005701873,335.77373333838966,417.8227233886719,307.23291015625,311.2465515136719,1.0,1.0
151.5,200583.0,196.88623830651903,292.9090302425647,335.77373333838966,416.5581970214844,308.0699157714844,311.8734130859375,1.0,1.0
152.0,198918.0,195.79900466021442,289.3890115398302,336.1487765856065,416.9921569824219,308.2189025878906,312.40863037109375,1.0,1.0
152.5,199886.0,196.21722241146026,290.0418073226428,336.1487765856065,416.9971923828125,309.0094299316406,313.18939208984375,1.0,1.0
153.0,200499.0,196.45610021751844,290.2447243275922,336.34060117684277,416.6377258300781,309.4907531738281,313.7690734863281,1.0,1.0
153.5,203483.0,198.14800739135137,294.2524426296293,336.34060117684277,416.746337890625,309.5723876953125,313.86749267578125,1.0,1.0
154.0,202486.0,197.30565248963836,291.33056825158394,336.5352878971238,416.9175109863281,310.45245361328125,314.93023681640625,1.0,1.0
154.5,202949.0,197.55235149541997,291.4535983603129,336.5352878971238,416.63665771484375,310.9020690917969,315.3264465332031,1.0,1.0
155.0,203745.0,197.91106643256842,292.0359566902678,336.7328317821118,416.86279296875,310.4287109375,315.74591064453125,1.0,1.0
155.5,207239.0,199.8562064116787,296.2119173726627,336.93322780634145,418.13580322265625,311.19122314453125,316.9058837890625,1.0,2.0
156.0,205053.0,198.5664712984207,292.7541630788536,336.93322780634145,417.3957214355469,311.2797546386719,318.1431884765625,1.0,1.0
156.5,205851.0,198.92347893552747,293.28740170568767,337.13647088382476,418.38232421875,311.2849426269531,319.1206359863281,1.0,2.0
157.0,206618.0,199.3205876391589,293.73627627516487,337.34255586866,419.735595703125,311.4732971191406,320.4378356933594,1.0,2.0
157.5,207480.0,199.6268030708237,294.24139749532185,337.34255586866,419.08184814453125,311.6647644042969,321.7481994628906,1.0,2.0
158.0,210210.0,201.35183565366046,297.8935212442572,337.55147755564633,419.9017028808594,312.13763427734375,322.5010070800781,1.0,1.0
158.5,208300.0,200.147933498641,294.96609974707263,337.55147755564633,420.637451171875,312.9734191894531,323.126220703125,1.0,2.0
159.0,209021.0,200.52134314288247,295.447118787779,337.9778099224859,420.5234680175781,313.6368713378906,324.04718017578125,1.0,2.0
159.5,212455.0,202.4287599156799,299.0720648459822,338.4154251803543,420.96630859375,314.2547302246094,324.53436279296875,1.0,1.0
160.0,213409.0,202.84204695140858,299.54899432201626,338.4154251803543,420.5944519042969,314.8543701171875,325.20794677734375,1.0,1.0
160.5,214110.0,203.1763147821352,299.8966488642379,338.4154251803543,421.49774169921875,315.87945556640625,325.9762268066406,1.0,1.0
161.0,214905.0,203.56638022485865,300.3388086338808,338.864279616486,421.39825439453125,316.6764221191406,326.7731018066406,1.0,1.0
161.5,215622.0,203.89225277807347,300.58675949062155,338.864279616486,422.48370361328125,317.9112243652344,327.704833984375,1.0,2.0
162.0,217245.0,204.45755052242885,301.2640038238887,339.91175325369375,422.37799072265625,318.812255859375,328.6045837402344,1.0,1.0
162.5,217869.0,204.84515512280151,301.70515408259104,340.42473470651333,422.8292541503906,319.325439453125,328.9936218261719,1.0,1.0
163.0,218081.0,205.06271239607534,302.08111493438315,340.42473470651333,422.09814453125,319.51519775390625,329.3544006347656,1.0,1.0
163.5,219048.0,205.45982086149553,302.51280964613716,340.42473470651333,422.2843933105469,319.8349304199219,329.6195068359375,1.0,1.0
164.0,219814.0,205.8707446926263,303.1485609308248,344.5417246140154,419.4524230957031,319.7469787597656,330.2306823730469,1.0,1.0
164.5,220925.0,206.3576490218829,303.70940057248316,345.44174617437307,418.67218017578125,319.9386901855469,330.6120910644531,1.0,2.0
165.0,221787.0,206.78904097925212,304.0840344294484,345.44174617437307,418.67218017578125,319.9386901855469,330.6120910644531,1.0,2.0
165.5,222794.0,207.2070890692425,304.5734722525913,348.1436485130815,416.31744384765625,319.98309326171875,331.2563171386719,1.0,2.0
166.0,223717.0,207.60840000569357,305.08031729365956,346.2556858738929,416.681884765625,319.7310791015625,331.44000244140625,1.0,2.0
166.5,224617.0,208.03925645952583,305.48322376196046,349.6927222576987,415.28485107421875,319.6547546386719,331.7637634277344,1.0,2.0
167.0,225551.0,208.4412875728409,306.0,350.55384750420296,415.01519775390625,319.38604736328125,332.2587890625,1.0,1.0
167.5,226416.0,208.76480155798203,306.3233585608515,349.85711369071805,415.2956237792969,319.1885070800781,332.401611328125,1.0,1.0
168.0,227311.0,209.1548911650936,306.6202863477888,349.516809323958,416.588134765625,318.27801513671875,333.0638427734375,1.0,1.0
168.5,228385.0,209.6464486771704,307.2751210234893,350.0471396826433,416.5863952636719,318.4783630371094,333.1624450683594,1.0,1.0
169.0,228675.0,209.83814260858026,307.31905245200795,349.85711369071805,416.6454162597656,318.43731689453125,333.1930236816406,1.0,2.0
169.5,229719.0,210.30867523633222,307.7823906593748,348.832337950483,417.3713684082031,317.9328308105469,333.5709228515625,1.0,2.0
170.0,230464.0,210.645655987611,308.1847660084197,350.03571246374275,417.431396484375,317.8910827636719,333.6022644042969,1.0,2.0
170.5,231504.0,211.084106897726,308.70860046328477,350.2284968417048,417.6519775390625,317.7378234863281,333.7174377441406,1.0,2.0
171.0,232387.0,211.44839307973996,309.1035425225664,351.57360538015365,417.5858154296875,317.1126708984375,334.3450927734375,1.0,2.0
171.5,233109.0,211.80004765293066,309.5109044928789,351.57360538015365,418.3708801269531,316.5692443847656,334.75457763671875,1.0,2.0
172.0,233813.0,212.09326129478612,309.8051000134985,352.08663706536777,418.4287109375,316.24969482421875,335.1437683105469,1.0,2.0
172.5,234549.0,212.39398191881946,310.10127377098024,351.6048918886084,419.431640625,315.9658203125,335.8720397949219,1.0,1.0
173.0,235413.0,212.75477985060803,310.5382424114621,352.60175836203655,419.93145751953125,315.29730224609375,336.4705505371094,1.0,1.0
173.5,236355.0,213.1891509511532,311.08391149546765,352.60175836203655,416.1427307128906,312.74285888671875,339.50628662109375,1.0,1.0
174.0,237158.0,213.55963154510533,311.59139907736375,352.8809997718778,415.82177734375,311.9885559082031,340.2977600097656,1.0,1.0
174.5,237978.0,213.89822300461387,312.06569821112987,353.4176000144871,415.6295166015625,312.2032470703125,340.5697021484375,1.0,1.0
175.0,238863.0,214.2847094911945,312.553995335206,355.4180636940109,416.1988220214844,311.7455139160156,341.20855712890625,1.0,1.0
175.5,239598.0,214.6051822133801,312.97499895940985,356.2653505464712,416.0898132324219,311.4716796875,341.4968566894531,1.0,1.0
176.0,240443.0,214.9372117343972,313.31294259892934,356.2653505464712,415.87420654296875,311.98590087890625,342.0042724609375,1.0,1.0
176.5,241422.0,215.30727510258282,313.86939959161356,358.49128301815097,416.01593017578125,311.9549865722656,342.14923095703125,1.0,1.0
177.0,242180.0,215.65210805669756,314.17829333039543,359.02228343098704,415.65814208984375,311.451171875,342.6966857910156,1.0,1.0
177.5,242721.0,215.92663849898432,314.5854414940399,359.86942076258714,415.1658020019531,310.9222717285156,343.28759765625,1.0,1.0
178.0,243567.0,216.25444730764795,314.836465486449,359.02228343098704,415.8243103027344,310.7463073730469,343.96661376953125,1.0,1.0
178.5,244411.0,216.58198054814417,315.2966856787429,360.7173408640067,415.4778137207031,310.13897705078125,344.8903503417969,1.0,1.0
179.0,245249.0,216.94007502409514,315.6342820417326,360.7173408640067,415.1493835449219,311.00372314453125,345.5752258300781,1.0,1.0
179.5,245449.0,217.19590431946926,316.0063290505429,362.9435217771492,415.5277404785156,310.7269592285156,345.9964904785156,1.0,1.0
180.0,246289.0,217.53277069035377,316.29100524675056,361.56603822815,415.0912780761719,310.6997375488281,346.3805236816406,1.0,1.0
180.5,247174.0,217.86171792507017,316.58963975468305,362.0952913253637,414.7022399902344,310.3837585449219,347.0372009277344,1.0,1.0
181.0,248784.0,218.35721878583138,317.11985116040904,361.56603822815,414.49609375,310.7937927246094,347.406982421875,1.0,1.0
181.5,249678.0,218.73489089029445,317.5358247505311,362.3147802671042,413.6658020019531,310.4186706542969,347.9798889160156,1.0,1.0
182.0,250405.0,219.06164821272108,317.9701243827791,362.10633797270106,413.61419677734375,310.58880615234375,348.5436096191406,1.0,1.0
182.5,250431.0,219.3099418222252,318.1265471465442,362.8911682584739,413.55523681640625,310.7560119628906,349.1156311035156,1.0,1.0
183.0,252060.0,219.70523759510604,318.54983911469805,363.2093060481793,413.6901550292969,310.83294677734375,349.7314758300781,1.0,1.0
183.5,252853.0,220.00042097263372,318.9435686763412,364.0947678833081,413.7107238769531,310.6893005371094,350.5939636230469,1.0,1.0
184.0,252931.0,220.24323918589343,319.0564213426835,363.3207948906861,414.4193420410156,310.8169250488281,351.2715148925781,1.0,1.0
184.5,253986.0,220.62892042060062,319.6740526757358,364.58880948268285,414.89410400390625,310.4526062011719,351.9910583496094,1.0,1.0
185.0,254552.0,220.92365525913345,320.0390601161052,365.40388613149696,414.74761962890625,310.1285705566406,352.5841979980469,1.0,1.0
185.5,255469.0,221.30169751517764,320.3903868720159,365.67882082505133,414.876953125,309.6764831542969,353.23626708984375,1.0,1.0
186.0,256508.0,221.6757474174342,321.01401838549043,367.484693558793,414.03778076171875,309.78619384765625,354.05963134765625,1.0,1.0
186.5,257445.0,222.09003983241223,321.4000622277475,367.484693558793,414.4006652832031,310.7217102050781,354.27911376953125,1.0,1.0
187.0,258505.0,222.52061472682067,322.001552791287,367.8654645383282,414.4356689453125,310.2186279296875,355.0061340332031,1.0,1.0
187.5,259318.0,222.8362070866638,322.38641410580567,368.3924537772184,414.4444580078125,309.9971618652344,355.2710876464844,1.0,1.0
188.0,260153.0,223.1952526700604,322.7785618655613,369.7796641244621,414.2283935546875,309.78204345703125,355.9853210449219,1.0,1.0
188.5,261151.0,223.5737671225519,323.3032632065442,370.7775613491194,414.1483459472656,309.0261535644531,356.99261474609375,1.0,1.0
189.0,262034.0,223.97698477303908,323.8853963772458,371.7122543043207,414.1398010253906,309.1556396484375,357.8360900878906,1.0,1.0
189.5,262790.0,224.29818269343963,324.2298567374695,371.8413640250369,414.4920959472656,308.6384582519531,358.5025939941406,1.0,1.0
190.0,263553.0,224.65244427116184,324.7552924895913,372.7733896082176,414.32916259765625,308.56585693359375,359.3244934082031,1.0,1.0
190.5,264261.0,224.93326321491043,325.12920508622415,373.1286641361127,414.28717041015625,308.8192443847656,359.8037414550781,1.0,1.0
191.0,265190.0,225.3301409529244,325.70692347569155,373.8368628158545,414.4628601074219,308.0154113769531,360.5375061035156,1.0,1.0
191.5,265918.0,225.6507485935091,326.06287737183453,374.834630203774,414.2664794921875,307.1220397949219,361.4515686035156,1.0,1.0
192.0,266599.0,225.89069105527713,326.4090990211028,374.90265403168326,414.31854248046875,306.8836364746094,361.6692810058594,1.0,1.0
192.5,266312.0,226.00742563979426,326.54708695684303,374.834630203774,415.046142578125,306.62994384765625,362.424560546875,1.0,1.0
193.0,267040.0,226.32901784356056,327.00152904841286,376.7651788581317,414.5840759277344,306.390380859375,363.71368408203125,1.0,1.0
193.5,267792.0,226.62762433476928,327.35454785293575,376.9681684174408,414.9219970703125,306.6344909667969,364.4193420410156,1.0,1.0
194.0,268526.0,226.96213010460787,327.8322741891042,378.82581749400345,414.53753662109375,306.1485595703125,365.8141784667969,1.0,1.0
194.5,269097.0,227.21610289752067,328.0880979158713,379.8236432872498,414.1997375488281,305.4334411621094,366.56646728515625,1.0,1.0
195.0,269819.0,227.4882436312865,328.40219244091537,380.8214804865923,413.89056396484375,305.5452575683594,367.23590087890625,1.0,1.0
195.5,270588.0,227.81721091797758,328.87368392905677,382.7531841800928,413.0084228515625,304.6852722167969,368.32476806640625,1.0,1.0
196.0,271292.0,228.08321152365534,329.13371143047624,380.8214804865923,413.480224609375,305.22607421875,368.72039794921875,1.0,1.0
196.5,272386.0,228.46339429302736,329.6862144524699,382.7531841800928,413.639404296875,305.1669616699219,368.885986328125,1.0,1.0
197.0,272981.0,228.7449883740838,330.00151514803684,382.7531841800928,414.0631408691406,305.62261962890625,369.24609375,1.0,1.0
197.5,273932.0,229.17671523805896,330.38833211757515,382.817188746796,414.6221008300781,305.4844665527344,369.9508361816406,1.0,1.0
198.0,274765.0,229.52677264528336,331.02416830195347,382.88379438153294,414.5711975097656,305.3923645019531,370.0481872558594,1.0,1.0
198.5,275618.0,229.80652371361606,331.2416036671722,383.8150596315887,414.3708801269531,304.9283142089844,370.7675476074219,1.0,1.0
199.0,276410.0,230.1268078112397,331.68810650971494,383.078320973662,415.04254150390625,304.9468994140625,371.4305725097656,1.0,1.0
199.5,276947.0,230.46575981240306,332.20024081869656,385.5489592775475,414.8348083496094,305.7147521972656,372.2470397949219,1.0,1.0
200.0,277732.0,230.76991700376257,332.606900101255,386.87465670420954,414.31988525390625,305.102783203125,373.80126953125,1.0,1.0
200.5,278595.0,231.06223402463772,333.01651610693426,386.3314639011428,414.91754150390625,304.3431396484375,374.49737548828125,1.0,1.0
201.0,279767.0,231.48205704674774,333.59226608608856,387.2002066115151,415.58251953125,304.3341369628906,375.1572570800781,1.0,1.0
201.5,280280.0,231.80244224543512,334.07192339359136,388.25249516261965,415.52947998046875,304.7330322265625,375.5877990722656,1.0,1.0
202.0,281181.0,232.07017985666837,334.45029526074575,389.2518464952992,415.5823669433594,303.5523986816406,376.7598876953125,1.0,1.0
202.5,281721.0,232.33245446107694,334.8611652610676,388.85472865840273,415.7223205566406,303.3828125,376.9172668457031,1.0,1.0
203.0,282580.0,232.70750114473532,335.43553777141744,391.184099881373,414.88177490234375,302.4057312011719,377.9614562988281,1.0,1.0
203.5,283373.0,233.06075841905346,335.9598190260258,392.1836304589981,414.69403076171875,301.7143859863281,378.8421936035156,1.0,1.0
204.0,283262.0,233.26291233425013,336.3151052198743,391.15470085376705,414.69403076171875,301.7143859863281,378.8421936035156,1.0,1.0
204.5,284228.0,233.62963250859528,337.013352851189,393.1272058761642,414.3940734863281,301.19805908203125,379.3836669921875,1.0,1.0
205.0,285064.0,233.94293027345776,337.4996296294264,393.28869803237416,414.91241455078125,300.568115234375,379.9641418457031,1.0,1.0
205.5,285555.0,234.21209365267762,338.11536492741646,393.28869803237416,414.9617004394531,300.5081787109375,380.0193786621094,1.0,1.0
206.0,287150.0,234.58159387008428,338.6399267658792,393.83752995365995,416.0302734375,300.42645263671875,381.09063720703125,1.0,1.0
206.5,287910.0,234.83567512350328,339.1577803913689,394.6707488527621,416.1821594238281,301.0727233886719,381.1752014160156,1.0,1.0
207.0,288995.0,235.1289970489944,339.6115427955887,394.9746827329569,416.878173828125,300.4184265136719,381.9348449707031,1.0,1.0
207.5,289717.0,235.479446327816,340.03529228596256,396.05681410625925,416.878173828125,300.4184265136719,381.9348449707031,1.0,1.0
208.0,290356.0,235.68258773909548,340.37920030460145,396.3357162810336,417.414794921875,299.8642272949219,382.5262451171875,1.0,1.0
208.5,291241.0,236.01598785776056,340.82840257232084,395.77897872423694,418.0569152832031,300.0237121582031,383.1482238769531,1.0,1.0
209.0,291926.0,236.290483225397,341.3151036798694,396.3357162810336,418.21478271484375,299.9225158691406,383.3157958984375,1.0,1.0
209.5,292599.0,236.59577324028385,341.69723440496267,396.1073086929854,418.7102355957031,299.3416442871094,383.9356384277344,1.0,1.0
210.0,293411.0,236.89231614530075,342.12570789112004,396.67619036186176,419.0341796875,300.0537109375,384.1169738769531,1.0,1.0
210.5,294072.0,237.18635616727371,342.720002334267,397.1901307938051,419.2564392089844,299.4988098144531,384.6529846191406,1.0,1.0
211.0,294114.0,237.44252582716777,343.027404107989,398.39302202724383,419.6492614746094,299.16973876953125,385.1085510253906,1.0,1.0
211.5,294980.0,237.72341047411663,343.4603324985289,398.8897090675567,419.6417541503906,298.7093200683594,385.6506652832031,1.0,1.0
212.0,295584.0,238.04239300806412,343.99127895922015,399.96999887491563,419.86029052734375,298.4090881347656,385.931640625,1.0,1.0
212.5,296782.0,238.45628572952054,344.5228584578968,406.87098692337355,420.13232421875,298.822265625,386.4126892089844,1.0,1.0
213.0,297643.0,238.85745047388048,345.1170815813733,410.1219330881976,420.13232421875,298.822265625,386.4126892089844,1.0,1.0
213.5,298539.0,239.1346354271277,345.5792239125495,410.1219330881976,420.41229248046875,298.5461120605469,386.7461242675781,1.0,1.0
214.0,299334.0,239.4864519348864,346.1479452378782,410.93673479016206,420.44635009765625,298.4335021972656,387.02386474609375,1.0,1.0
214.5,300444.0,239.82421844344813,346.65256381570293,410.7030557470933,420.46954345703125,298.6010437011719,387.7659606933594,1.0,1.0
215.0,301180.0,240.13209887675194,347.1397413146469,411.7523527558768,420.5167541503906,298.7585754394531,387.77777099609375,1.0,1.0
215.5,301217.0,240.37337112660944,347.51978360950903,411.7523527558768,421.1896057128906,299.1177978515625,388.35687255859375,1.0,1.0
216.0,302702.0,240.71900764558,348.1045101654819,413.14646313383827,421.2703857421875,298.9001770019531,388.566650390625,1.0,1.0
216.5,302835.0,241.09742697614234,348.5182922028627,412.81109481214287,421.41864013671875,299.5177001953125,389.0224609375,1.0,1.0
217.0,303570.0,241.36365340466497,349.0152575395929,414.45023826751503,420.8541564941406,298.9579772949219,389.72198486328125,1.0,1.0
217.5,304492.0,241.68161457285785,349.46816736292305,413.63026968537974,421.1488037109375,299.4292297363281,390.2212219238281,1.0,1.0
218.0,305289.0,241.8620065356365,349.90570158258356,413.38601814768725,422.28564453125,298.72802734375,390.81689453125,1.0,1.0
218.5,306071.0,242.23668571193485,350.27132340515686,413.38601814768725,422.7716369628906,299.082763671875,391.4167785644531,1.0,1.0
219.0,306386.0,242.3860149392873,350.46397817750113,414.45023826751503,422.4889221191406,298.8974304199219,391.62628173828125,1.0,1.0
219.5,307077.0,242.75817858703127,351.0056979594491,414.9566242392089,422.8698425292969,298.49151611328125,392.0855712890625,1.0,1.0
220.0,308380.0,243.23250042892548,351.7456467392312,416.04326698073123,422.8767395019531,298.38006591796875,392.99322509765625,1.0,1.0
220.5,308932.0,243.4220698936501,352.1647341799005,417.1390655404981,422.44329833984375,297.842041015625,393.5499267578125,1.0,1.0
221.0,309658.0,243.82447301798496,352.6953359487477,417.1390655404981,421.4402770996094,297.6622009277344,394.7744445800781,1.0,1.0
221.5,310483.0,244.15540481034165,353.20772924495395,417.9688983644597,418.5673828125,296.401611328125,397.12451171875,1.0,1.0
222.0,311311.0,244.42758995045375,353.74849823002785,418.5271795236242,417.87164306640625,296.0044860839844,397.7281494140625,1.0,1.0
222.5,312240.0,244.8033160882983,354.2485003496839,419.35665012015727,418.0286865234375,296.65545654296875,398.0670471191406,1.0,1.0
223.0,312807.0,245.05844633245107,354.7745763157219,419.35665012015727,417.166015625,296.5008544921875,399.21136474609375,1.0,1.0
223.5,312657.0,245.30241213438697,355.02366117615657,420.74457809934995,417.3777160644531,298.14813232421875,399.4929504394531,1.0,1.0
224.0,313347.0,245.55678982660254,355.444369767738,421.01781434993933,417.02447509765625,298.4446716308594,400.2154541015625,1.0,1.0
224.5,314250.0,245.97183008583644,356.1025133300803,421.01781434993933,416.8898620605469,298.8424072265625,400.8244934082031,1.0,1.0
225.0,314980.0,246.2290750758629,356.5529413705628,420.74457809934995,416.9046630859375,299.1121520996094,401.55267333984375,1.0,1.0
225.5,315696.0,246.50740741838143,357.179226719584,422.4050189095769,416.4156188964844,298.2513732910156,402.44036865234375,1.0,1.0
226.0,316615.0,246.82257111900307,357.7167874165116,424.06839071074376,416.05767822265625,298.824951171875,402.9478454589844,1.0,1.0
226.5,317243.0,247.14941529276607,358.2010608582839,425.4550505047507,416.2800598144531,299.18756103515625,403.5102844238281,1.0,1.0
227.0,318233.0,247.41446163655462,358.6995957615978,424.90116497839824,416.0740051269531,298.5626220703125,404.206787109375,1.0,1.0
227.5,317601.0,247.61177415750663,359.03481725314606,426.28746169691647,416.57763671875,299.1658630371094,404.572021484375,1.0,1.0
228.0,318539.0,247.9601039475733,359.784657816311,428.5067093990478,416.73162841796875,299.9648132324219,404.6484680175781,1.0,1.0
228.5,319329.0,248.24302694592743,360.17356926904006,427.95443682709964,416.2975158691406,299.7982482910156,405.0182189941406,1.0,1.0
229.0,319936.0,248.61496386414456,360.95567594927775,428.5067093990478,417.18902587890625,299.970703125,405.85101318359375,1.0,1.0
229.5,320761.0,248.9031886819179,361.66835637086086,429.3401914566117,417.0014343261719,299.4519348144531,406.44580078125,1.0,1.0
230.0,321678.0,249.26206575203216,362.25177705613146,429.89300994549797,417.3521423339844,299.8962097167969,406.9129638671875,1.0,1.0
230.5,322381.0,249.50752572087697,362.8360511305347,429.3401914566117,417.8328857421875,300.3894348144531,407.2701110839844,1.0,1.0
231.0,322474.0,249.9681800435474,363.6514814944642,430.7261310856354,417.7010498046875,300.3419189453125,407.3835144042969,1.0,1.0
231.5,323260.0,250.2430165851395,364.2320688791694,431.5599610714599,417.7060546875,299.8079528808594,407.91619873046875,1.0,1.0
232.0,324128.0,250.61620997461583,365.0,431.5599610714599,418.1326904296875,299.53045654296875,408.39178466796875,1.0,1.0
232.5,324889.0,251.00868076515442,365.65831044842946,432.3944958021552,417.3538818359375,298.5867004394531,409.1563720703125,1.0,1.0
233.0,325943.0,251.34105678175973,366.3795845840759,433.22973120505014,418.0,302.0,409.76220703125,1.0,1.0
233.5,326427.0,251.66742064068765,367.02179771779225,433.22973120505014,418.5,302.5,410.1006774902344,1.0,1.0
234.0,326532.0,252.00295839392817,367.5463916240749,433.22973120505014,418.8822021484375,302.5960388183594,410.4402160644531,1.0,1.0
234.5,327534.0,252.34802394498266,368.2281901212888,434.6147719532782,417.3226623535156,298.6602478027344,410.8604736328125,1.0,1.0
235.0,328155.0,252.5278951226508,368.54389154950576,434.6147719532782,418.5,304.5,411.3424072265625,1.0,1.0
235.5,328702.0,252.84091551480668,369.1354764852601,434.90228787625387,418.3570861816406,304.5181579589844,411.484619140625,1.0,1.0
236.0,328664.0,253.18232340284513,369.80265007162944,435.45034160050903,418.2215270996094,304.57293701171875,411.9144592285156,1.0,1.0
236.5,329629.0,253.55603150878102,370.2769233965303,436.2866030489591,417.5,305.5,412.8711242675781,1.0,1.0
237.0,330250.0,253.86272536627303,370.95147930693037,437.12355232817185,417.7511291503906,305.4837341308594,413.69464111328125,1.0,1.0
237.5,330861.0,254.14817395967012,371.46870662277865,436.83520920365385,417.5,305.5,414.5028076171875,1.0,1.0
238.0,331195.0,254.427209733199,372.0215047547655,437.96118549478786,417.927734375,305.7542724609375,414.84112548828125,1.0,1.0
238.5,331878.0,254.75769086595147,372.63386856269517,437.6711093960852,417.20245361328125,302.06182861328125,415.20599365234375,1.0,1.0
239.0,332587.0,255.04370923000667,373.1077592311523,438.79949863234805,416.9742736816406,305.0462341308594,416.24066162109375,1.0,1.0
239.5,333114.0,255.26010401368117,373.75125417849773,437.6711093960852,416.3299560546875,301.9239196777344,416.55157470703125,1.0,1.0
240.0,333955.0,255.66816466386152,374.3569152314992,439.09566155907305,416.7129821777344,302.8692626953125,416.9990539550781,1.0,1.0
240.5,334083.0,255.89752788647303,374.95733090579785,440.18291652448306,416.77679443359375,302.85357666015625,417.0644836425781,1.0,1.0
241.0,334978.0,256.29790507996455,375.49034608096116,439.638487851098,417.7843933105469,305.6119384765625,418.09881591796875,1.0,1.0
241.5,335326.0,256.42777669423,375.8324094593227,440.4781492877938,417.9759826660156,307.9197082519531,418.5702819824219,1.0,1.0
242.0,336017.0,256.76724793589483,376.4797471312368,440.4781492877938,418.0,307.5,419.3856506347656,1.0,1.0
242.5,336152.0,256.9868286305535,376.6974913640918,440.4781492877938,418.0,309.0,419.8155212402344,1.0,1.0
243.0,336873.0,257.2657829339014,377.18032822510776,441.3184791055095,418.4460754394531,308.820556640625,420.2943420410156,1.0,1.0
243.5,337483.0,257.5919290774424,377.7856535126764,441.3184791055095,418.82672119140625,309.22662353515625,420.83038330078125,1.0,1.0
244.0,338150.0,257.7727866814861,378.133574282951,442.15947349344447,418.0,309.5,421.7005310058594,1.0,1.0
244.5,339016.0,258.15225837958906,378.87464945546304,442.7008018967212,418.5,307.0,422.88336181640625,1.0,1.0
245.0,338771.0,258.4225231951292,379.2288227391066,443.00112866673373,419.0,309.0,422.9764404296875,1.0,1.0
245.5,339418.0,258.71637683685844,379.71041597512175,443.8434408662586,419.0,308.0,423.3628234863281,1.0,1.0
246.0,340194.0,258.961746514657,380.11051024669126,443.8434408662586,418.5,307.5,423.7010498046875,1.0,1.0
246.5,340890.0,259.3397374687629,380.88429999030006,444.49521932187304,418.0,306.5,424.74853515625,1.0,1.0
247.0,341652.0,259.59041909913674,381.19542225540545,445.53002143514414,417.5,306.5,425.2276916503906,1.0,1.0
247.5,341373.0,259.808053728479,381.5363678602605,446.37428241331287,418.0,307.5,425.4225158691406,1.0,1.0
248.0,342115.0,260.0784949948867,382.02997264188906,447.21918563496354,418.0904541015625,308.0999755859375,425.6227111816406,1.0,1.0
248.5,342805.0,260.3708094098107,382.425156076323,447.21918563496354,418.4589538574219,308.8625793457031,426.32891845703125,1.0,1.0
249.0,343615.0,260.6040952431114,382.890323722081,447.532121752171,418.7975769042969,308.8241882324219,426.9517822265625,1.0,1.0
249.5,344364.0,260.89285404948055,383.29362113137233,448.06472746691406,417.5,306.0,427.9618225097656,1.0,1.0
250.0,344241.0,261.14630225023916,383.67825062153315,447.532121752171,418.0,305.5,428.5829162597656,1.0,1.0
250.5,345114.0,261.46451232183296,384.29415816533043,447.04026664272646,419.5,307.5,429.6330871582031,1.0,1.0
251.0,345922.0,261.73864692686675,384.73477877529865,447.6516502817788,419.5,308.0,430.066650390625,1.0,1.0
251.5,345989.0,261.96702042468115,385.0324661635691,448.0903926664797,419.0,307.0,430.2558288574219,1.0,2.0
252.0,346465.0,262.2365465227106,385.5191305240247,448.4428614662073,419.5,308.5,430.87884521484375,1.0,2.0
252.5,347360.0,262.51328566406215,385.9776547704103,448.4428614662073,419.0,309.0,431.60174560546875,1.0,1.0
253.0,347631.0,262.6729772918607,386.21884987659524,448.5398533017997,419.0,307.5,432.0281677246094,1.0,1.0
253.5,348455.0,262.95278775575656,386.7738357231523,448.8786027424341,419.5,309.0,432.6503601074219,1.0,1.0
254.0,348934.0,263.2005428333115,387.17696212455616,450.40537296972826,419.0,307.5,432.98651123046875,1.0,1.0
254.5,349624.0,263.54268172716445,387.58682897912087,449.7821694998591,419.5,309.0,433.6084899902344,1.0,1.0
255.0,349683.0,263.696602160006,388.0115977648091,450.40537296972826,419.5,308.0,433.8955383300781,1.0,1.0
255.5,350366.0,263.9141062456044,388.34649476981247,449.9444410146657,419.5,308.0,433.8955383300781,1.0,1.0
256.0,351028.0,264.1567238191286,388.6638650479045,451.02993248785606,420.0,308.5,434.2307434082031,1.0,1.0
256.5,351584.0,264.36523032489373,389.0758280849634,451.1873225169342,419.5,307.5,434.4244384765625,1.0,1.0
257.0,352062.0,264.58681071885053,389.2813892289227,451.3490888436577,419.5,308.0,434.56683349609375,1.0,1.0
257.5,352055.0,264.754989553101,389.61647809095547,451.9701317565133,419.5,308.5,434.70977783203125,1.0,1.0
258.0,352586.0,264.9802201051937,389.96666524204346,452.59253197550663,419.5,307.5,435.10064697265625,1.0,1.0
258.5,352938.0,265.1771969129647,390.35682394204053,453.37512062308843,419.5,308.0,435.5253601074219,1.0,1.0
259.0,353528.0,265.39702099481303,390.80046059338264,453.37512062308843,420.0,309.0,436.0046691894531,1.0,1.0
259.5,354219.0,265.6264414414022,391.1265779770022,453.37512062308843,420.0,309.0,436.6807556152344,1.0,1.0
260.0,354283.0,265.85331801943073,391.56097864828155,453.37512062308843,420.5,308.5,437.3014831542969,1.0,1.0
260.5,354861.0,266.0781505757892,391.9438735329333,453.37512062308843,421.0,308.0,437.9224548339844,1.0,1.0
261.0,355441.0,266.3309952386262,392.3111010409978,453.37512062308843,420.5,307.5,438.2608642578125,1.0,1.0
261.5,355219.0,266.4720273572434,392.56209699867867,453.37512062308843,421.0,307.5,438.7406311035156,1.0,1.0
262.0,355970.0,266.72881173077747,392.9027233293238,453.37512062308843,421.0,307.0,438.8816223144531,1.0,1.0
262.5,356301.0,266.8944637518324,393.28488402174827,454.1585626188281,421.0,308.0,439.16522216796875,1.0,1.0
263.0,356280.0,267.281649302822,393.6726431939491,454.1585626188281,421.0,307.5,439.30780029296875,1.0,1.0
263.5,356285.0,267.53650471509036,394.0977036218303,454.1585626188281,421.5,307.5,439.7869567871094,1.0,1.0
264.0,357400.0,267.5526585302742,394.50855504031847,456.36498551050124,421.5,308.0,440.2173767089844,1.0,1.0
264.5,357483.0,268.0522508791366,395.2718051913918,457.4068211122348,421.5,307.0,440.79852294921875,1.0,2.0
265.0,357479.0,268.25964742219736,395.6087713874732,457.4068211122348,421.5,306.0,441.0921936035156,1.0,1.0
265.5,358004.0,268.4211042299879,395.8547713492917,457.93012567421243,421.5,306.5,441.23980712890625,1.0,2.0
266.0,358512.0,268.6452219658997,396.25496842311014,458.4157501657202,422.0,307.0,441.57000732421875,1.0,1.0
266.5,358405.0,268.80708512017486,396.505737663083,458.4550141507888,422.5,308.0,441.75482177734375,1.0,1.0
267.0,358981.0,269.0090285348766,396.60181542700985,458.9313674178308,422.5,308.5,441.9010925292969,1.0,1.0
267.5,358928.0,269.2440879963004,397.1443062593624,459.30599821905224,423.2318115234375,308.6161193847656,442.5668640136719,1.0,1.0
268.0,359530.0,269.3955025074587,397.4569159041015,459.83149087464636,423.1482849121094,308.3498229980469,442.85894775390625,1.0,1.0
268.5,359735.0,269.6639175044247,397.75620673975664,458.9814811078983,423.1482849121094,308.3498229980469,442.85894775390625,1.0,1.0
269.0,360433.0,269.8368572867231,398.06406518365037,459.30599821905224,423.3057861328125,308.3673400878906,443.0042419433594,1.0,1.0
269.5,360490.0,270.06933505838083,398.4352519500403,459.83149087464636,423.46453857421875,308.3849182128906,443.1507568359375,1.0,1.0
270.0,361003.0,270.25722953632777,398.6941183413671,459.83149087464636,423.51019287109375,308.3900451660156,443.1928405761719,1.0,1.0
270.5,361459.0,270.4272659908266,398.84834210511644,459.83149087464636,423.4678955078125,308.7578125,443.3392028808594,1.0,1.0
271.0,361591.0,270.74802731867305,399.6248240537617,459.30599821905224,424.3002014160156,308.8500671386719,444.1070251464844,1.0,1.0
271.5,361911.0,270.8103582197457,399.6517233787547,459.83149087464636,424.3002014160156,308.8500671386719,444.1070251464844,1.0,1.0
272.0,361636.0,270.9803955197203,399.7861928581326,459.83149087464636,424.3002014160156,308.8500671386719,444.1070251464844,1.0,1.0
272.5,362282.0,271.20972316313953,400.23243246893423,459.83149087464636,424.2587890625,309.2184143066406,444.25445556640625,1.0,2.0
273.0,362802.0,271.3961750522801,400.42477445832446,459.83149087464636,424.2587890625,309.2184143066406,444.25445556640625,1.0,2.0
273.5,362943.0,271.72097080171324,401.2243761288688,459.80213135652167,424.7767028808594,309.2756042480469,444.7321472167969,1.0,2.0
274.0,363491.0,271.874956495777,401.50840588959034,459.9413006025878,424.93603515625,309.29315185546875,444.8790283203125,1.0,2.0
274.5,363625.0,272.11792850727113,401.8855558489257,460.10868281309365,425.0,309.0,445.0270690917969,1.0,2.0
275.0,363620.0,272.3565397344012,402.43508793344546,461.06940909151626,425.5,308.5,445.6529846191406,1.0,2.0
275.5,364247.0,272.5734569078922,402.6827535401845,461.6838745288815,425.5,309.0,445.8019104003906,1.0,2.0
276.0,364274.0,272.81353225303064,403.09056054440174,462.299686350748,425.4182434082031,308.73828125,445.80194091796875,1.0,2.0
276.5,363708.0,272.53607320868787,403.3906295391602,463.87606103354807,424.9264831542969,306.84332275390625,445.90350341796875,1.0,2.0
277.0,363760.0,272.86109288106826,404.0309394093477,467.0385423067351,425.41717529296875,303.2607727050781,447.4689025878906,1.0,2.0
277.5,363860.0,273.0997489120599,404.4465354036303,467.0385423067351,425.82025146484375,303.32171630859375,447.8332824707031,1.0,2.0
278.0,364009.0,273.35292009502,405.03456642612616,469.00426437293726,425.88580322265625,300.90911865234375,448.6484375,1.0,2.0
278.5,365510.0,273.95376282844546,405.26781268687006,470.2137811676727,426.3178405761719,299.6858825683594,449.44439697265625,1.0,2.0
279.0,365570.0,274.145727282216,405.663222386028,471.80610424198625,426.71307373046875,297.8690185546875,450.3974609375,1.0,2.0
279.5,365052.0,274.063662558532,406.184687057501,472.60342783352723,426.8679504394531,296.94964599609375,450.83917236328125,1.0,2.0
280.0,365106.0,274.2614729643589,406.6017707782395,473.4015209101044,427.1760559082031,296.4149475097656,451.6266784667969,1.0,2.0
280.5,365074.0,274.49937089905586,407.15230565477583,475.0,427.353515625,294.54693603515625,452.404052734375,1.0,3.0
281.0,365010.0,274.71371207888166,407.450610503899,475.0,427.7589111328125,294.59783935546875,452.77032470703125,1.0,4.0
281.5,365109.0,274.86571496248075,407.8024031277315,476.60151069840305,427.7452392578125,292.6929016113281,453.3853759765625,1.0,3.0
282.0,365364.0,275.19094032003414,408.5021419772484,477.20016764456403,428.5123596191406,292.16314697265625,454.2848205566406,1.0,2.0
282.5,365920.0,275.42056130172983,408.9171676491763,477.20016764456403,428.81146240234375,292.1991271972656,454.5550231933594,1.0,2.0
283.0,367154.0,276.059005799039,409.3958964132396,477.8001674340435,429.2827453613281,291.6339416503906,455.1872863769531,1.0,2.0
283.5,365993.0,275.85956274719786,409.7626142044228,478.80267334257854,429.19476318359375,290.3294982910156,455.5398254394531,1.0,2.0
284.0,366566.0,276.07791589702197,410.1219330881976,479.6050458450161,429.2389831542969,289.3728332519531,455.9029541015625,1.0,2.0
284.5,366744.0,276.37017779694077,410.60059668711017,480.4081597974789,429.5132751464844,288.4388122558594,456.47662353515625,1.0,3.0
285.0,367254.0,276.6074590612087,411.0172137182699,480.4081597974789,429.7994384765625,288.4703674316406,456.7351989746094,1.0,3.0
285.5,368063.0,276.90563907191125,411.5968901728972,481.21201148766016,430.3626403808594,287.5628967285156,457.57269287109375,1.0,3.0
286.0,368041.0,277.1193551035062,412.0436870041816,482.4033581972663,430.4147033691406,286.7396545410156,458.24420166015625,1.0,2.0
286.5,368622.0,277.35324392172436,412.48496942236807,482.61060908355506,431.0173645019531,286.4444580078125,458.9115295410156,1.0,2.0
287.0,368792.0,277.674304514199,413.1888188225814,482.4033581972663,431.5305480957031,286.49822998046875,459.3751525878906,1.0,2.0
287.5,369541.0,277.9623633795578,413.6205991001899,482.82191333865535,431.8756408691406,286.5335388183594,460.0069274902344,1.0,2.0
288.0,369635.0,278.1643329266358,414.06400471424706,484.40066061061475,432.2641296386719,285.4831848144531,461.0511779785156,1.0,2.0
288.5,370163.0,278.4373645754088,414.65190219221756,483.6000413564912,433.2744445800781,285.33782958984375,461.8294372558594,1.0,2.0
289.0,370129.0,278.600257758976,415.101192482026,483.6000413564912,433.1748046875,285.87109375,462.0285949707031,1.0,3.0
289.5,370810.0,278.8858415240725,415.680947134419,483.8026457141383,433.7434997558594,285.7902526855469,462.4671936035156,1.0,2.0
290.0,371458.0,279.10395221629375,415.93509108994397,484.40066061061475,434.083984375,286.2640075683594,463.0074462890625,1.0,2.0
290.5,371331.0,279.245451780641,416.23190651366457,484.40066061061475,434.2984313964844,286.75811767578125,463.4519348144531,1.0,2.0
291.0,371927.0,279.47897445189335,416.63533215511137,484.81336615237825,434.3612976074219,286.7759094238281,464.1510009765625,1.0,2.0
291.5,371812.0,279.6824794949666,416.9904075635314,485.40807574658254,434.1294250488281,286.9209899902344,464.55914306640625,1.0,2.0
292.0,372189.0,279.9846739757393,417.5799324680246,484.2199913262566,434.7974548339844,286.8829345703125,465.10595703125,1.0,2.0
292.5,372667.0,280.18950809680166,417.998923440355,486.00411520891464,434.16424560546875,287.72198486328125,465.5445556640625,1.0,2.0
293.0,373171.0,280.3819179469369,418.1506905411015,486.6014796524976,434.0018005371094,287.40521240234375,465.7710266113281,1.0,2.0
293.5,373268.0,280.68804849000026,418.8022206229366,486.6014796524976,434.9609375,287.6802673339844,466.7291564941406,1.0,2.0
294.0,373907.0,280.91860802798294,419.22786166952216,486.8069432536886,434.7541809082031,288.33782958984375,467.218505859375,1.0,2.0
294.5,373915.0,281.1444484538066,419.6142275774141,486.6014796524976,435.1304931640625,289.0147399902344,467.897216796875,1.0,2.0
295.0,374404.0,281.36820787258694,420.01904718714843,486.8069432536886,435.1275634765625,289.6014099121094,468.20721435546875,1.0,2.0
295.5,374456.0,281.57353120448954,420.2975136733502,486.6014796524976,435.0633239746094,290.0481262207031,468.39117431640625,1.0,2.0
296.0,374812.0,281.7305800366135,420.527466400057,487.4033237473869,434.8367004394531,290.1783447265625,468.8041687011719,1.0,3.0
296.5,375267.0,281.99881506493915,421.042753173594,487.4033237473869,435.30792236328125,290.6265563964844,469.44219970703125,1.0,3.0
297.0,375623.0,282.3626858425361,421.62779794505957,488.00102458908833,435.7036437988281,291.25189208984375,470.6488952636719,1.0,4.0
297.5,376164.0,282.5359122398536,421.8494992292867,488.6982709197977,435.5294494628906,291.5555114746094,470.97137451171875,1.0,4.0
298.0,376046.0,282.7237707222302,422.2759761104105,489.4006538614349,435.7748718261719,291.26593017578125,472.0975341796875,1.0,3.0
298.5,376141.0,282.98234803654856,422.654705403832,489.48646559430017,435.7978515625,291.780517578125,472.3942565917969,1.0,3.0
299.0,376973.0,283.26971082015496,423.04136913545466,490.8900080466092,435.642333984375,291.7322082519531,472.993408203125,1.0,4.0
299.5,376986.0,283.4984006678536,423.5551911891499,491.50584940568103,435.7173156738281,291.0135803222656,473.8338623046875,1.0,3.0
300.0,377656.0,283.7421222238445,423.9870281034551,491.50584940568103,436.60394287109375,290.8890075683594,474.51300048828125,1.0,3.0
300.5,377478.0,283.91471480245576,424.2381406710151,492.8001623376356,436.2694396972656,289.86553955078125,475.0609130859375,1.0,3.0
301.0,378298.0,284.2441722009713,424.6998940428406,493.08214325809854,436.39691162109375,289.847412109375,475.1585998535156,1.0,3.0
301.5,378489.0,284.38924532072,425.0423508310672,494.48559129665244,436.91485595703125,288.99688720703125,476.1395263671875,1.0,3.0
302.0,378358.0,284.60288159686814,425.40991995624853,495.71766157763636,437.3473205566406,288.091796875,477.10528564453125,1.0,2.0
302.5,378260.0,284.80255763391347,425.7933771208754,495.71766157763636,437.9192810058594,288.01556396484375,477.5395812988281,1.0,2.0
303.0,379096.0,285.0825437221247,426.1983106489278,496.9547263081417,438.22607421875,287.12677001953125,478.41015625,1.0,3.0
303.5,379168.0,285.33442439029403,426.56845874922277,497.73989191142795,438.4840087890625,286.0860900878906,479.36322021484375,1.0,2.0
304.0,379986.0,285.6485911240147,427.15453877958504,498.3593081301883,439.0387878417969,285.9564514160156,479.8260498046875,1.0,2.0
304.5,379692.0,285.8785573730964,427.59092600287954,499.14426772226886,439.1533508300781,285.3010559082031,480.394775390625,1.0,2.0
305.0,380297.0,286.0653753411692,427.87030745308795,500.0999900019995,438.9420471191406,284.6206970214844,480.9698791503906,1.0,2.0
305.5,380201.0,286.2870259273657,428.20672577623066,500.5486989294848,439.32281494140625,284.3689880371094,481.4090576171875,1.0,3.0
306.0,380911.0,286.5591463664683,428.55513063891476,501.67718704362073,439.3283386230469,282.9817810058594,482.4642333984375,1.0,2.0
306.5,381320.0,286.78932621884894,428.9533774199709,503.0159043211258,439.43365478515625,281.89794921875,483.35552978515625,1.0,2.0
307.0,380856.0,286.99287961145245,429.3401914566117,503.0159043211258,439.56280517578125,281.8782653808594,483.4544677734375,1.0,2.0
307.5,381280.0,287.09802511054363,429.35579650899945,504.0039682383463,439.277587890625,281.01617431640625,483.9241638183594,1.0,2.0
308.0,381887.0,287.3979793947389,429.88486830778305,504.04860876705135,439.71832275390625,280.9475402832031,484.2626647949219,1.0,2.0
308.5,382382.0,287.64617728459814,430.4056226398535,504.04860876705135,440.0675964355469,281.39971923828125,484.7976989746094,1.0,2.0
309.0,382012.0,287.8392796160202,430.66796955272355,504.60776846972936,439.9384765625,281.00946044921875,485.009521484375,1.0,2.0
309.5,382650.0,288.08008096329576,430.951621400832,505.2128264405012,440.5100402832031,280.5112609863281,485.7598571777344,1.0,2.0
310.0,382179.0,288.28149039227225,431.23137640595576,506.0088932024812,441.3130187988281,279.7257995605469,486.87890625,1.0,2.0
310.5,382824.0,288.53093253015476,431.5518508823708,506.20252863848873,441.6485900878906,279.7715148925781,487.51654052734375,1.0,2.0
311.0,383402.0,288.74877558929387,432.001157405857,507.41009055792335,441.9300842285156,278.9859313964844,488.3919677734375,1.0,2.0
311.5,383166.0,289.0761350422208,432.4742766916895,507.0009861923347,443.7687072753906,278.70355224609375,489.811279296875,1.0,3.0
312.0,382735.0,289.33555140573833,432.7508521074449,507.60319147932864,443.3829650878906,279.5050354003906,490.2318115234375,1.0,2.0
312.5,383278.0,289.5477793720242,433.0415684434925,508.401416205738,443.2140808105469,280.08123779296875,491.241455078125,1.0,2.0
313.0,382714.0,289.8520657082848,433.47646990739327,509.2003534955568,443.9378356933594,279.77471923828125,492.55401611328125,1.0,7.0
313.5,383358.0,290.02040903007946,433.8029506584758,509.6076922496363,443.9376525878906,280.8279724121094,493.294677734375,1.0,5.0
314.0,382686.0,290.34798377940075,434.1727766684595,510.2127007435232,444.2032165527344,280.3800964355469,493.8105773925781,1.0,7.0
314.5,383132.0,290.59403317117705,434.59406346612695,510.2127007435232,444.50555419921875,280.94073486328125,494.3624267578125,1.0,7.0
315.0,383309.0,290.7376884841671,434.8287019045546,511.4264365478187,444.5534362792969,280.7185974121094,495.3401794433594,1.0,3.0
315.5,382790.0,291.1718355183376,435.32631438956224,511.4264365478187,444.9117431640625,281.14385986328125,495.869140625,1.0,7.0
316.0,383455.0,291.3610355130852,435.54437201909656,512.6451014103227,443.7989501953125,282.4195251464844,496.66766357421875,1.0,4.0
316.5,382426.0,291.7422576918315,435.9323341987837,513.2562712719641,443.458251953125,282.6682434082031,497.0485534667969,1.0,6.0
317.0,382869.0,291.9996451979521,436.29920925896715,513.6224294167847,442.56768798828125,284.0110778808594,497.6335754394531,1.0,2.0
317.5,382451.0,292.4942812427275,436.89930189769166,514.8397809027581,442.86962890625,283.1497802734375,498.4980773925781,1.0,3.0
318.0,382963.0,292.68359932224615,437.1647286778749,515.450288582711,442.51129150390625,284.3304138183594,499.3683166503906,1.0,3.0
318.5,383328.0,292.84626757836566,437.6037019953099,516.852977160817,441.9497985839844,283.8493347167969,500.0174865722656,1.0,3.0
319.0,382427.0,293.27951252481296,438.0531930970142,517.6446657698696,441.7765808105469,284.1777038574219,500.8907775878906,1.0,2.0
319.5,383083.0,293.5096005139227,438.4883122729727,518.2557283812694,441.5107727050781,284.8741760253906,501.58447265625,1.0,2.0
320.0,382785.0,293.8065731770846,438.80291703679455,519.6585417367831,440.3427734375,286.14093017578125,502.6759033203125,1.0,2.0
320.5,383069.0,294.0545614911199,439.2983041080709,520.4498054567798,440.03460693359375,287.08636474609375,503.7715759277344,1.0,2.0
321.0,382000.0,293.9869474745365,439.4769618535197,520.4498054567798,440.1275939941406,287.6600341796875,504.1629333496094,1.0,2.0
321.5,382674.0,294.20684334459094,439.75879750287845,521.4259295432095,439.5757751464844,287.487548828125,504.73748779296875,1.0,2.0
322.0,383035.0,294.4315248204013,440.2489068546648,522.0344816197489,439.34307861328125,287.5836181640625,505.1393737792969,1.0,2.0
322.5,382494.0,294.72630411310195,440.5734898969751,523.0152961434302,438.6396484375,287.78326416015625,505.7912292480469,1.0,2.0
323.0,383018.0,295.00278066391104,441.2221662609439,523.2064602047647,439.2518310546875,287.45709228515625,506.4281921386719,1.0,2.0
323.5,383571.0,295.2197437833313,441.61748153803876,523.2064602047647,439.8281555175781,287.3623046875,506.86224365234375,1.0,2.0
324.0,383089.0,295.4483354525779,441.955880150949,523.8110346298558,439.7509460449219,287.0859069824219,507.1878967285156,1.0,2.0
324.5,383689.0,295.7112596136851,442.48186401815803,524.4168189522529,440.6480712890625,286.52911376953125,508.1822509765625,1.0,2.0
325.0,383073.0,295.92209021861385,442.7595284124329,524.6074723066762,440.6847839355469,286.2933044433594,508.38958740234375,1.0,2.0
325.5,383729.0,296.19875628460966,443.36824423397337,525.4046059942756,441.39703369140625,285.7755126953125,509.5568542480469,1.0,2.0
326.0,384459.0,296.4016593808026,443.7082374714267,526.8054669420203,441.0390625,284.7838134765625,510.10369873046875,1.0,2.0
326.5,383618.0,296.6758424177866,444.30282465903815,527.0009487657494,441.76177978515625,284.6953125,510.9806213378906,1.0,2.0
327.0,384225.0,296.92554001363226,444.7752241301217,528.0009469688478,441.0559387207031,284.8692321777344,511.6393127441406,1.0,2.0
327.5,383650.0,297.18981765552945,445.2220232616426,528.8024205693465,441.23736572265625,284.3248596191406,512.3545532226562,1.0,2.0
328.0,384130.0,297.4571140158678,445.7488081868531,529.0085065478626,441.5303649902344,284.4930725097656,513.0159912109375,1.0,2.0
328.5,383838.0,297.7195885922422,446.3104300820226,528.6255763770799,441.8539733886719,285.0350646972656,513.5761108398438,1.0,2.0
329.0,384233.0,297.8818640969483,446.5422712353221,529.2182914450331,441.4300231933594,285.9317932128906,514.011962890625,1.0,2.0
329.5,384474.0,298.1016670119124,447.02796333115447,529.0604880351584,441.6326599121094,286.8622741699219,514.8079223632812,1.0,2.0
330.0,384821.0,298.2449129029034,447.3209138862166,530.0235843809216,441.04638671875,287.36236572265625,515.28857421875,1.0,2.0
330.5,384568.0,298.5173354805494,447.86605140376514,530.2386255262813,441.1971435546875,288.1598205566406,516.1607666015625,1.0,2.0
331.0,384943.0,298.67821511092603,448.1885763827543,530.8295394945537,440.7702331542969,288.78118896484375,516.6517333984375,1.0,2.0
331.5,384328.0,298.9068359786766,448.6557143260932,530.8295394945537,441.03497314453125,289.2119140625,517.10400390625,1.0,2.0
332.0,384441.0,299.335363785803,449.95221968560173,530.4073905970768,440.6346130371094,290.236572265625,517.306640625,1.0,2.0
332.5,384932.0,298.89912998781875,448.4863431588525,531.2664115112116,440.06353759765625,290.8048095703125,517.7630004882812,1.0,2.0
333.0,385780.0,299.3138418636003,450.05444115129006,533.2054013229798,439.6681213378906,289.7293395996094,518.350341796875,1.0,2.0
333.5,385104.0,299.98933052594634,451.22056690713913,529.8122308893973,441.2848815917969,289.46343994140625,519.5741577148438,1.0,2.0
334.0,385643.0,299.6175737340346,450.2110616144388,534.812116541875,440.479736328125,289.1577453613281,520.421875,1.0,2.0
334.5,385313.0,300.0838104322136,451.1163929630578,533.625336729807,440.1857604980469,289.9079284667969,520.5731811523438,1.0,2.0
335.0,385569.0,300.3158122998171,452.01769876853274,533.625336729807,440.1857604980469,289.9079284667969,520.5731811523438,1.0,2.0
335.5,385349.0,300.3950018050714,451.9347298006649,535.4073215786276,440.0443420410156,289.5234680175781,520.7825317382812,1.0,2.0
336.0,385143.0,300.73225773775414,452.4075596165928,534.2181202467771,439.84246826171875,290.03729248046875,520.8870239257812,1.0,2.0
336.5,385306.0,300.90674634679,453.01765969992823,534.812116541875,440.05572509765625,290.00262451171875,521.048583984375,1.0,2.0
337.0,386048.0,301.17474797952593,453.3927657120259,534.2181202467771,440.05572509765625,290.00262451171875,521.048583984375,1.0,2.0
337.5,386591.0,301.34117879453277,453.5471309577429,533.0337700371338,440.05572509765625,290.00262451171875,521.048583984375,1.0,2.0
338.0,385662.0,301.55776602198716,454.1200281863816,533.0337700371338,440.50274658203125,289.9300231933594,521.3873291015625,1.0,2.0
338.5,386296.0,301.75072232123523,454.7361872558638,532.4434242245837,441.19134521484375,289.818115234375,521.909423828125,1.0,2.0
339.0,385821.0,301.8762997220741,454.9032864247081,532.4434242245837,440.9844055175781,290.33563232421875,522.0112915039062,1.0,2.0
339.5,386336.0,302.1008110294986,455.22961239357,532.4434242245837,441.2054748535156,290.8631896972656,522.48046875,1.0,2.0
340.0,385776.0,302.2879153093923,455.8012176354615,532.4434242245837,441.4673767089844,291.2946472167969,522.9327392578125,1.0,2.0
340.5,386460.0,302.5676037665573,456.20718977236646,532.4434242245837,441.3755798339844,291.78643798828125,523.1190795898438,1.0,2.0
341.0,386890.0,302.77293561753686,456.57200965455604,533.0337700371338,440.8719177246094,293.0521240234375,523.3751831054688,1.0,2.0
341.5,386157.0,302.8294097073287,456.9682702332844,533.625336729807,441.09368896484375,293.01580810546875,523.5424194335938,1.0,2.0
342.0,386908.0,303.20727901965165,457.6206398314311,533.625336729807,441.5579833984375,292.9397888183594,523.8927612304688,1.0,2.0
342.5,386963.0,303.25421525574365,457.67269963887543,534.2181202467771,441.5579833984375,292.9397888183594,523.8927612304688,1.0,2.0
343.0,386146.0,303.4113074700118,458.20601261853466,534.812116541875,441.8398742675781,293.8423156738281,524.6163940429688,1.0,2.0
343.5,386656.0,303.5877675296096,458.53026072441503,534.812116541875,440.1974792480469,298.82318115234375,525.943115234375,1.0,2.0
344.0,387150.0,303.76281944060054,458.9172038614373,536.0037313302959,440.1795959472656,299.4717712402344,526.8321533203125,1.0,2.0
344.5,386308.0,303.9254799769938,459.10891953870816,536.0037313302959,440.2326965332031,299.57940673828125,526.9356689453125,1.0,2.0
345.0,387102.0,304.1436879989688,459.6194077712559,536.6013417799102,440.5104064941406,299.2408752441406,527.5313110351562,1.0,2.0
345.5,387377.0,304.3166019040566,459.8706339830801,536.6013417799102,440.88629150390625,299.1809997558594,527.8123779296875,1.0,2.0
346.0,386699.0,304.4379480129164,460.0695599580568,536.6013417799102,440.93841552734375,299.52532958984375,528.0452270507812,1.0,2.0
# px_per_mm = 47.750 +/- 0.500
# seed = (430, 330)
