frame,y,x
1,-0.3870298064985131,0.6328132893154171
2,0.1388345129720771,0.9804512218979463
3,0.17925661490099318,0.9419253858876617
4,0.5026660403297355,0.5720823005655432
5,0.8215846450464103,0.7108439187338946
6,1.139545941961079,0.7450224260381896
7,1.6492966259352275,0.5744448240596598
8,1.335950811551247,0.539324617542989
9,0.7948086332530737,0.2210831727971504
10,1.9178678265733287,0.09816066919457418
11,1.9345904630792679,-0.08411144409656617
12,1.4109562747713318,-0.33583176688019556
13,1.0450210849292132,-0.3162979274664735
14,0.33865431592251793,-0.5052783981415991
15,0.38976493103397336,-0.5813019222584306
16,0.5758419280450783,-0.28090845460042374
17,0.26633731395111343,-0.2103020036392287
18,-0.087303453725951,0.5728455455465289
19,-0.1680235372917929,1.075285045398116
20,0.2558570628109579,0.5938229372179658
21,-0.1164058510382403,0.18837642267801324
22,0.9778007740491516,-0.1466106721195335
23,0.5270778392905757,-0.13101787169295254
24,0.38075179592059494,-0.016976870858276122
25,0.8738321218900661,-0.19667034077953904
26,1.558391609042657,-0.06251494155048054
27,1.2681611978612704,0.09820407094535
28,1.3620565775626767,0.022664518229887007
29,1.3635878774772683,0.09396685223530736
30,1.8218855577289041,0.6133166870982719
31,0.9560893751259502,0.16858321011836785
32,0.9936262867816964,0.21753846890489942
33,0.43851948298409293,0.30546239419903876
34,0.21740278666495985,0.786135895118061
35,1.034916026917132,1.1766069135273944
36,0.6316374115444332,0.9405964724868237
37,-0.08883857438008291,0.4432316481043712
38,-0.06083646862966126,0.9724848965833612
39,0.2987657904031775,1.3896902117671257
40,0.32644438832090517,1.263269383527093
41,0.09150485102527503,0.598988951314626
42,0.6663753132752438,0.4590143827606006
43,-0.35014914384891294,0.042703910777959875
44,0.1955540179153198,0.46872046985704824
45,-0.270090639932633,0.031780332477461926
46,0.2571640112340921,0.2315520002555221
47,0.49884019430661064,0.10453310869669002
48,0.39570672374138577,0.3683306412917776
49,0.8571513775040309,0.35295639206152096
50,0.1202655459130969,0.29156224987281304
51,0.07423000135141389,0.24165889125147116
52,0.5941032086995437,0.23177992104003453
53,1.0224858743713718,0.26117939840456844
54,1.269626235432916,-0.2751508388793568
55,0.1677066016622908,0.21573021218079652
56,0.4312259610493945,0.02682524616988588
57,-1.019051359612233,0.357098473644646
58,-1.1064039250918156,0.30445072045543364
59,-0.4229934659808373,0.8474061092783001
60,-0.6201743186028414,1.5383347551506181
61,-0.9186940857723178,0.907911952829277
62,-0.49407622058963657,0.5745673887437541
63,-1.2705644760732204,0.5480233326106719
64,-1.0463112729518662,1.1351120664089898
65,-1.4206633818744605,1.2908033539615242
66,-0.8580336270041544,1.0829323814676073
67,-0.9092786834550876,1.391210085984138
68,-1.5263447582236878,1.4189367052719806
69,-1.3518143790726547,1.5187154950484092
70,-1.2268740422717455,0.8639018522232738
71,-1.7389207304151397,0.6827090297917334
72,-0.7329622862253373,1.2639275197108164
73,-0.4943270672097974,1.5799914778710291
74,-0.13854837749693438,1.4759236824298194
75,-1.2114033228463108,1.5315428025326805
76,-1.0008818588459176,2.1389439167524067
77,-0.6285444486654169,2.264952997785246
78,0.13742981066719007,1.9349399651543575
79,-1.000183252730499,2.2659294556794465
80,-0.3483858617924719,2.4185623929308684
81,-0.37665887324407527,2.5018811662775584
82,-1.1442675607447614,2.629569750815895
83,-0.7126196178519282,2.690121923107645
84,-0.3679193003855098,3.1470652886029056
85,-0.2989336072564705,3.253955524673044
86,-0.048614875115357115,3.4075539680513387
87,0.36158796395629705,3.075525853990969
88,0.05066556413663048,3.073231649288875
89,0.16241387570766874,2.6938207239704686
90,1.050143875791812,2.300254592544441
91,0.6932107971712267,2.9090615202546406
92,0.17734781694303903,2.567801235317718
93,0.23833254294381018,2.8626493048129036
94,0.11757229637767264,4.153428324620778
95,0.600847373737424,3.730290846081483
96,0.29667504391491467,4.8267753846813015
97,0.45298200849718884,4.665642477394451
98,-0.364713565227769,4.830566602589285
99,-0.15644296363053412,5.121304566991643
100,-0.33726946386765666,5.59456002086566
101,-0.4460640485588098,5.691870647354735
102,0.2503740572468927,6.061290578649732
103,0.21865105079085373,5.8618455428836835
104,0.6019952149139309,5.825473774768207
105,1.027075312251397,6.02627550026894
106,0.9584730796484301,5.7132619197788665
107,0.8578886498976523,6.035755070367177
108,0.7989074380118719,6.485492372489896
109,0.28301092251528326,6.680480087056435
110,0.7123981439481079,6.447752345065727
111,0.6222632373845979,5.839143688682491
112,0.4019401008818297,6.238058935607129
113,0.7253205440338333,5.638397944264882
114,0.09468062259113497,5.401012429500318
115,-0.01798513790350667,6.077058086030974
116,-0.49243869246552363,5.499985025985675
117,-0.45041580178585977,6.064447073508167
118,-0.8314948560687292,6.448134454264646
119,-1.5817422531035885,6.146588386979184
120,-0.8226432517346337,6.143520038221492
121,-1.221632726244953,5.281135921681985
122,-0.4600334441474372,5.939674138866777
123,-1.1398638188346064,5.741669613862478
124,-1.229610033617409,7.022811111258926
125,-1.1290544042201076,6.748395914766537
126,-0.07903114274370293,7.483481044694512
127,-0.2182430654592633,7.613448957818596
128,0.06137897493242894,7.247030625728899
129,-0.3708669684089352,6.866566559143262
130,0.2085848670719901,8.058216134011676
131,0.09954730218426337,7.570992476440073
132,0.32669336340786614,7.901600402108473
133,-0.1074363810613933,7.917135177612106
134,-0.4308544219223745,8.472958739493679
135,-0.27092588961865904,8.229819921646232
136,-0.2987494141247811,8.35260873494213
137,-0.9637891015206113,8.824641762506454
138,-0.7418390042251317,8.13573547621864
139,0.000985792947314823,8.172556741547941
140,-0.9442933453905562,7.9027715236415705
141,-0.1308721685453217,7.603463760113171
142,-0.9720948663131368,7.747442344181616
143,-1.2503511159996064,7.573781837158223
144,-1.1651480480656091,7.666975899175871
145,-1.692168009088211,7.603181936703577
146,-0.6459610592016614,8.210563411291638
147,-1.026121331602523,8.175455506594343
148,-0.7459880796979622,8.540686909657074
149,-1.4111474452855524,8.269678371058493
150,-1.8903756025123262,8.25424368596211
151,-1.5805921900777329,8.080164758553101
152,-1.5492727473284897,8.536128265009054
153,-1.6420494581049712,8.612324420497094
154,-1.880829156784604,8.95139793992863
155,-1.6134382302645807,8.608592623103606
156,-2.097428300630092,8.409850946680894
157,-1.4803101802892162,8.339518675481411
158,-2.5330049863032107,8.4148139238687
159,-3.3222413847142223,7.987751498737169
160,-3.287666477975446,8.071830067069472
161,-3.8008531988069447,7.939194275635363
162,-3.8046169231379863,7.857734887945848
163,-4.0956815185830475,8.127701193653618
164,-4.302257307775591,8.060621301036532
165,-3.4239472471904833,7.8668995520940115
166,-2.8515976999750365,7.442455494334029
167,-2.8734822215823264,7.399910003708712
168,-3.101891320799754,7.144498029344211
169,-3.538239814505584,7.4119248945201335
170,-3.329561104593133,7.0103018514933675
171,-2.8817016308612904,7.441228100890312
172,-2.814768195188104,7.624079933647174
173,-3.063311544394795,7.608179605476298
174,-3.123484168737194,7.665383822417488
175,-2.955596144034397,8.340716430699077
176,-2.0976411399739607,8.579278701667725
177,-2.545556228017017,8.341472984963955
178,-2.4668215683087102,8.623761381894989
179,-2.303267427314426,8.421181442080915
180,-2.2684374918060235,8.35967724840408
181,-2.3336667874848636,8.267515646569024
182,-2.3964048186533047,8.32107143460811
183,-2.5488393065234654,8.28684901591918
184,-2.581975679605891,7.92103296609792
185,-2.404567462690415,8.507117794972778
186,-3.005631202476703,8.501179190484226
187,-2.3872126720028364,8.467922536840875
188,-2.410125750034268,8.59265005479269
189,-2.6342924133218513,8.090478173423426
190,-2.5631090206113436,7.864770602406442
191,-2.2428333070496653,7.9518910862021945
192,-1.8333940747144513,8.030925255365368
193,-2.5166580881337373,8.037438858580577
194,-3.2246266688523777,7.33737285230696
195,-3.0384585203665555,7.563629958152604
196,-2.956177159871059,7.2659720222509385
197,-4.001083331021489,6.336567410501471
198,-3.450491028307951,6.594711590761371
199,-3.701637237499422,5.949384182546306
200,-4.207125095697776,5.155000143040411
201,-3.9169502612825227,5.3196236558818555
202,-3.909821352047033,5.278348416059592
203,-3.2760205886794465,4.545947266057438
204,-2.9123049356376964,5.4784193066779245
205,-3.6579454862674186,5.395324198782379
206,-3.5027637770413236,5.966278965638208
207,-3.942428270048112,5.991810196843631
208,-4.199391337753692,5.6753788192851475
209,-3.607394945574802,5.534085724941656
210,-3.7256468607461763,5.8543345343095545
211,-3.41641304344871,5.719465763025738
212,-4.619601860507778,5.415464241083777
213,-4.720035591876076,5.637055542578504
214,-4.393943382337666,5.949666250842062
215,-4.254704292683908,5.008039162226152
216,-3.9152646101067456,4.569760554310069
217,-3.9532419483722427,4.8749695170550895
218,-4.371133736378977,4.730158456625423
219,-4.153025857979466,4.835001111594432
220,-4.139368719300135,4.572169301847127
221,-4.550604764799171,4.394982489475028
222,-4.7987704810732135,4.001941050305062
223,-5.15545218154075,3.5596186670827326
224,-4.619823639386673,4.164716637871324
225,-4.459788420381377,3.984240437752311
226,-5.372089281185955,3.8270565356499855
227,-5.180978808742016,3.885930284199739
228,-5.198427246437945,3.857312409710745
229,-5.013275663984312,4.2085665489308575
230,-5.074814774140629,4.563210319463002
231,-5.8534873214711425,4.557832376609145
232,-4.921098584591841,4.642264541108572
233,-3.988556864557004,4.807030653876821
234,-4.354552527489952,3.634171017561129
235,-4.671419638036718,3.6118463459623618
236,-3.946753168039225,4.214905019114034
237,-4.119432998189915,4.137981616330585
238,-3.9267207447332377,4.451340857140251
239,-4.801493200285493,3.993275217691564
240,-3.6085157954194464,3.973408938585141
241,-3.5526653651208933,4.148535589489661
242,-4.063556991756168,5.246654443370546
243,-3.489273574672675,5.206885770946314
244,-3.8480169850171295,5.249394920680999
245,-3.5422347642189274,5.363949688207495
246,-3.927901875985594,5.1849030252548385
247,-3.649931828919338,5.122316635253409
248,-3.264798753143479,4.978926181800167
249,-3.9613008101117773,4.1081815320377455
250,-3.614744771088435,4.756618903696085
251,-3.7038740011752815,4.792410558299103
252,-3.7218708761051733,4.0317844189878995
253,-4.259048362395257,4.556701502908662
254,-3.9645191542242366,4.815535781599543
255,-3.8585311905096447,4.284064376347576
256,-3.408618694066597,3.919653531226383
257,-3.8682220734012294,4.015187901221926
258,-3.9542850956551043,4.372590236448721
259,-3.7095307264879445,5.43908672235596
260,-3.149110744221878,5.89528106343663
261,-2.839583131076612,5.587484438950639
262,-2.066445650757278,5.292822639983589
263,-2.036802537006488,4.233125108315436
264,-3.2609396380180247,4.267329645531804
265,-2.705415169618465,4.653045525000444
266,-2.7203109576275604,4.925875342926116
267,-2.323741006957311,4.793214864199579
268,-2.0942984517967527,5.425364513114576
269,-2.1543477641925657,6.084316257504583
270,-2.3328591829293934,5.277917092073991
271,-1.976973665705016,5.034990071154519
272,-1.9792395194714618,5.38380347743364
273,-1.5455313463021216,5.874458393341786
274,-1.2411497425343934,5.393457926122091
275,-0.7286462284317211,5.463196955297688
276,-0.49645927922948274,5.488916714939729
277,-0.07139135503707311,5.470758969738623
278,-0.6608423231220077,5.467308539591729
279,-0.6159013026477429,5.55790651288382
280,-0.26956056555575925,6.108264394671239
281,-0.35878588648111415,6.290216740129435
282,0.1661322194829657,6.497859528602128
283,0.34013118969637174,6.7009326596510155
284,0.25841753587262045,7.0113386518474785
285,-0.3737403377838387,6.27029258552915
286,-0.6296460888277937,6.249814167381705
287,-0.8760371896352148,6.011429171560007
288,-0.1380749662577232,6.117768687976795
289,-0.9936112702263611,6.087539634579333
290,-1.1862617330047773,5.8863755012655625
291,-1.6588079105043894,6.057983340522245
292,-1.754588629470753,6.288433954826143
293,-1.3504787173301278,6.164383959156068
294,-1.7647391171829314,6.633385211687053
295,-2.4899712596287102,6.163949701421317
296,-2.532195064189745,6.476735231944909
297,-2.4705173985201436,6.48277217362636
298,-2.670860974661858,6.431883542176288
299,-2.2328428962503812,6.522090036663585
300,-2.2098021969173822,5.941436863307347
301,-2.0388259169738494,6.200943519588741
302,-2.212613787563231,5.934321428600138
303,-2.598200954663465,5.836076923480731
304,-2.7161049660823013,6.5188705345931375
305,-2.6717212486982906,6.687384052099949
306,-2.9845517294631465,6.779847677082238
307,-4.068318127646296,6.428066488357619
308,-3.8663349578634785,5.956833326056789
309,-3.9034054198397565,6.320129055844015
310,-3.5041048991643478,5.504867661989488
311,-2.877621041541422,5.679035285618817
312,-3.001766686394168,5.690532808927084
313,-2.165413651884341,6.094331948359661
314,-2.189097718278944,6.250722448525235
315,-1.9932876048683863,6.343415907219792
316,-2.5191841430394133,6.645058428387271
317,-2.5253034270493857,6.814847350604994
318,-2.8466597283022748,6.645579567473084
319,-2.7626908063928823,6.954763217402479
320,-2.6578663621680483,7.251176342391479
321,-3.057953052959299,7.277971064770733
322,-2.873419792298672,7.029092030360414
323,-2.9900669788767957,7.322022184905409
324,-3.0166547927082004,6.582093472314777
325,-3.7315117820484702,6.838678411033226
326,-3.3561046766462557,6.714859432306633
327,-3.5910074875748657,6.4952705342579415
328,-3.5684788806151775,6.554914154999507
329,-3.703276791532793,6.696325399568335
330,-3.803370469398434,5.944435179803328
331,-3.6843553843704235,6.145761362950113
332,-3.218896757018425,5.952746251837091
333,-3.0785170899679595,5.927020402678033
334,-3.138786946690458,6.130972612604781
335,-4.14466061301336,5.712168690944352
336,-3.8333101719700626,5.857256143682321
337,-3.6123728137699316,5.642317723931476
338,-3.2760735271511,5.637209174093443
339,-3.5575512709954418,5.640602336573893
340,-3.6085426261457183,5.128254695307827
341,-3.612416513183141,5.1334956946590165
342,-3.3613408024146363,4.033860757528007
343,-2.972100331192609,4.384068070038846
344,-3.3146907130005605,4.345178073803621
345,-3.447456828487875,4.083401435628675
346,-2.8253671934673674,4.811453286288589
347,-3.207544042296198,4.876916698560449
348,-3.1643358650614695,4.863345775728947
349,-3.515173477618884,5.338524952402653
350,-3.1988559991966663,4.806955301680968
351,-3.2113138496934943,4.576622237221921
352,-3.3572416820692017,4.843929212058679
353,-2.807513882039637,5.508617135602175
354,-2.5388547538944812,5.394338636949368
355,-2.5376531560401907,5.256564140741058
356,-1.9503530399786844,5.193081318987942
357,-2.257398594454943,5.288276992091381
358,-2.0669874566212796,5.544767446770408
359,-1.5983425661680828,5.8407448411091245
360,-1.9297424119083217,5.210026328810756
361,-1.6214881694003471,5.840065212663274
362,-1.4366597362364202,5.9457120599556355
363,-1.917128956951025,6.305624300892735
364,-1.902878647121658,6.17737232703139
365,-2.226056243164505,6.063379137969983
366,-2.3995575596240375,6.479362503380701
367,-2.4573741369518993,6.297366060095503
368,-2.6501802379123705,6.828565934477504
369,-2.60480575839066,6.245569841955937
370,-2.527685191875265,6.75564593314922
371,-2.617902439324671,5.885920072480292
372,-2.5493728015439734,6.014456578413792
373,-2.2607925462818006,5.846944203958496
374,-2.2391695199196895,5.682110774938066
375,-1.7526330062902131,6.202429288551306
376,-2.1093657568903077,5.844273768039498
377,-2.1688021909252044,5.780752277324741
378,-2.2327339847964947,5.366716768390909
379,-2.2203279633634043,5.243456771588451
380,-2.4800211164541115,5.437549367830034
381,-2.219174621933044,5.542763708908349
382,-1.9867415167241138,5.654145980509712
383,-2.121027752689764,5.6491929824541955
384,-1.5199142516781814,5.559794403608187
385,-1.7253778160335476,5.3069243062576295
386,-1.3936907077352876,5.84287500173884
387,-0.8318493565379861,5.351088583590272
388,-0.6559317019855725,5.767584821101013
389,-1.0327933403257377,5.849666993614402
390,-0.6313129114109672,5.9213961969032916
391,-0.48598434510116506,6.495520051310478
392,-0.8894470097164449,5.952776835462021
393,-0.5893182027065766,5.943132907230168
394,-0.9360895663171177,5.80889752567923
395,0.16195326953161915,5.893375617126607
396,0.08817772368886748,6.2770209956489404
397,-0.05368476606755332,5.829265984977153
398,-0.6113043750948453,6.173754104678235
399,-1.215368385831898,6.838403574650352
400,-0.20940177866341037,6.341989696751538
401,-0.1391011840832765,6.949819848326386
402,-0.4428172669803102,6.991979624365927
403,-0.05777262309576714,7.194088588362544
404,-0.13592499149622841,7.306205199442406
405,-0.17765265599574862,7.439280477147759
406,0.18476843474200458,7.421462531121883
407,0.5443622892011002,7.270638400099169
408,1.0562487898625375,7.507322978804475
409,1.942766242654891,7.0505878626856955
410,1.9193188125371154,7.162849058398883
411,2.126975135687171,7.476781713476165
412,3.0353961850326376,6.817821035662839
413,2.7244153711196746,7.104576201929214
414,2.76346176216932,7.380754269542519
415,2.41712812812029,6.964606144177476
416,2.952504434064954,7.040127650101974
417,2.301188890158027,7.554560085749004
418,2.899410918536649,7.604143793229879
419,3.234284470818272,6.944715294961095
420,2.8712321080268013,7.24653665229716
421,2.77231428560381,7.128768138015624
422,2.9023697790155962,6.94045109947582
423,3.270137437327344,7.16080036331032
424,2.9219371818719244,6.879224715438402
425,2.666987269976328,7.53195964781862
426,2.1048173412448667,8.171625031706233
427,2.521051813216825,8.475002017015685
428,2.2778111921988047,9.0356689585413
429,2.1158868699674724,8.612329827376659
430,1.6915335237365197,8.938536375541876
431,1.5603674174586295,8.920822905872104
432,2.129730298939739,9.27883874436262
433,2.20324372675218,8.880945618803988
434,1.4804431095733595,8.916629398851937
435,1.191309919427193,9.096161495207765
436,0.46012555963992696,8.608648327903923
437,0.5346921934211031,8.405821894828794
438,0.8908538610778715,8.022900876447835
439,0.7538811731612473,8.386772079856073
440,0.23345309475227605,7.809808117462653
441,0.9309141859011252,8.278279471800863
442,-0.35789788675999556,8.468213798171988
443,0.307784011817843,8.762122165653807
444,-0.22940075136943305,8.809500049575325
445,0.9667757212430607,8.662216493221019
446,0.4543098672743425,8.78580519222062
447,0.8177089743338526,8.787040826210335
448,0.5444621973160285,8.778557427534748
449,0.45340125895217087,8.612850890989636
450,0.973284896453046,8.723566265269838
451,1.2104624311253511,8.67961091362987
452,1.9888428742155986,8.31578310997387
453,2.041277401336861,8.568204301077895
454,1.7242430030365976,8.690778466074164
455,1.0753751025290867,8.528286878236164
456,1.6268139026404946,8.105850021348944
457,0.3820476767220078,8.05334070904425
458,1.009274846692603,8.28687581245188
459,0.35014523985271195,8.313616654107623
460,0.4117420345256081,8.22887349092731
461,0.21285550881310558,8.131584769638126
462,-0.2846904901664309,8.067783790824432
463,-0.19210318254059072,7.644136362496115
464,0.40824251794261796,7.910966680218199
465,0.2247462219017692,7.9948555824953225
466,0.35705519661602847,6.999731439249171
467,-0.6927055544064737,7.387191324755041
468,-0.77793984998035,7.263204070795874
469,-0.08758538757195311,7.664434626078263
470,0.36249633161693673,7.910947119601748
471,0.6999414684704074,7.572042783729283
472,1.3439300415560298,7.638178440847643
473,1.1485236963753562,7.8326560818585085
474,1.7409292744126832,7.568936545939991
475,1.7701797703959594,7.710300103445809
476,1.7382205210866708,7.718828941002465
477,1.508612123605931,7.7088585639934
478,1.9158033981558498,7.913024779939589
479,1.4861156552694157,7.969910990908784
480,0.7757058019446453,8.155551004093635
481,1.2893640498479073,7.836470801747979
482,1.2928638563936314,7.658004468875838
483,1.6466493493589835,7.486661942749551
484,1.0964993696960574,7.440245699287426
485,0.7514314005682697,7.321378924264466
486,1.3218776747818999,7.489189572201494
487,0.8067167054199451,7.745759561052693
488,0.6184309699356738,7.122526804765758
489,0.603427739335343,7.29875540217262
490,0.40678645537020963,7.385323642273783
491,1.1025793381898334,7.712741918912599
492,1.221712052831598,8.068032958288239
493,1.4576221376875735,7.972632643402822
494,1.206506852617352,7.949111848195537
495,1.7230643718933334,8.00889698752413
496,1.6836622561371621,8.15645616847721
497,1.617282461446936,7.882124546398399
498,1.5549212958325374,7.7693167872811335
499,1.9865896862813095,7.695208077075194
500,1.9984772343868447,7.799037642890314
501,2.007805785765768,8.211860505975935
502,2.0172199767905736,8.746248362962865
503,1.7374802222428412,9.14074401505224
504,1.7028089828044588,9.12108587571922
505,1.4620086626644417,9.400197964991314
506,1.0046157526192818,9.5748755779036
507,1.1963147706626238,9.503892398478976
508,1.9614371675062248,9.415208303001013
509,1.9266281902660969,9.970236179345884
510,2.160781758002055,10.410165541987308
511,2.3757090358648756,11.042121482422456
512,3.0806565619002546,10.404424460750839
513,2.781717523619472,10.2388961576115
514,2.3246856106061706,9.975211938570691
515,2.8762214644874984,10.18340259126832
516,2.668647818872355,10.675087028504711
517,2.393854234305921,10.281653430368397
518,2.6775240511411824,10.613794570118925
519,2.254842363564892,10.797076724742816
520,2.4662281185209123,11.409202344828525
521,1.8028382761593016,11.639452335811528
522,1.8265962689499957,12.026732691972537
523,2.1119153651584015,11.752231590965323
524,1.8437278345804138,11.973988496177705
525,2.195012001094648,12.669232794324731
526,1.9067999608688604,12.563073605484314
527,1.8087642375348028,12.619317073153432
528,1.798106595464296,12.54607579194534
529,1.6711972837211744,12.388393319448427
530,1.1708384218185488,12.414786874923996
531,0.9737671653515384,12.806284818368432
532,1.230715635474907,12.745372635224664
533,0.9654596104253581,12.260560986946427
534,1.1985201632664448,12.256648561845259
535,1.3551153439100265,12.216909044825641
536,1.1985033746600209,12.680403329208447
537,0.47853919284268165,12.636631413561672
538,0.686556860894885,12.454433206416832
539,0.19168944174707875,12.351731246122268
540,-0.4144689405671313,12.280310906696386
541,-0.1545816842793753,12.768051357136834
542,-0.4741740365998054,12.655938585706462
543,-0.5134509585181852,13.102830893705214
544,-1.0159976146813754,12.568899345757785
545,-0.45273421598702246,12.466158714405134
546,-0.5484653632061385,12.888362866373514
547,-0.030073602677441635,13.706554945006118
548,-0.2480325445460285,13.237696877125265
549,-0.8803938761482877,12.689642848801357
550,-0.3851832836590904,12.76694931582004
551,0.1825237840406444,13.148672839342598
552,-0.27028032039842076,13.258298319012408
553,0.19272738857037802,12.813050502180841
554,0.5925770037697292,13.267189673458706
555,0.07932383332064885,13.271939613203546
556,0.32735868335221807,13.085695829227474
557,0.835398065793491,12.967752715481895
558,0.7372833029770502,12.460129191543288
559,0.4912856302742527,12.334647266799738
560,0.8305608245646718,12.936005232968844
561,1.2028837877968785,12.982943832338963
562,1.092261006310502,12.866063240537505
563,0.9202772597613778,12.714012603668623
564,1.0206816025772643,11.98439066802069
565,0.9786020432396046,13.13276652820697
566,0.6362510891050921,13.092175271109692
567,0.4945598098360519,13.040329253386854
568,1.1000377326783126,12.689778313636124
569,0.2963988373818084,12.643166335144707
570,0.8649351448552691,12.487492041719756
571,0.8794538204956599,12.608075463734998
572,1.1512082546185234,12.764497453878649
573,1.4128054369744183,12.751493973749403
574,0.8083527476719392,12.223952399908756
575,1.12290890752733,11.768718162087966
576,1.2800831263949752,12.646918600042856
577,1.1359248306689844,12.384806592829113
578,1.138261475540304,12.13484425138186
579,0.941408640893096,12.362253368425877
580,-0.11480145668264341,11.81889118000078
581,0.034302249672115565,11.317712386680473
582,0.0023494144163082736,11.784087128718744
583,-0.5720458299786466,11.420207865227258
584,0.2503460196275368,11.524022509262574
585,0.4063832095439341,12.043420553639619
586,0.015586116014634221,12.079332176722202
587,0.17726350531432408,11.119621543537558
588,0.16752323358745597,11.436719600322188
589,-0.27255437600436794,11.639323519973319
590,-0.9882974720431308,11.202404291143933
591,-0.9860543180696177,11.098444484962682
592,-0.5589861583650679,11.557711541637147
593,-0.5008089650710242,11.567580383318827
594,-0.13351934360104328,11.66191062572985
595,-1.1147926968690434,11.029252999305104
596,-0.3640238671774739,10.566248982582906
597,-0.6836528071321435,10.364673437543331
598,-1.1632012728027232,10.967020050147392
599,-0.8496932049457218,11.200580225860367
600,-1.2013597442569353,11.721161822935084
601,-0.3830645843973318,11.436912171500987
602,-0.21845109052772493,10.834484157580198
603,0.3871835206135479,10.969195323983222
604,0.4341566322348835,10.739667727462459
605,0.28770752933658894,11.396645208367163
606,0.8116004825042111,11.514484466943806
607,0.5714008185889763,11.113584199229264
608,0.7948087020117891,10.769098202649717
609,0.36180886475423646,11.249771529334366
610,0.9266501449808331,10.651645168463732
611,1.5000524131597501,10.680580169758311
612,1.4448636694293904,10.518191030674174
613,1.1646645762407972,9.947119955780309
614,0.8935025445348165,9.9516150483
615,1.6047230829386967,10.728393777282523
616,0.8276610124907658,10.525080718556953
617,0.6709649217126995,10.394994091878605
618,0.6191957399308384,10.225503767438601
619,0.24113870844742147,10.238644535738592
620,0.869064920399227,9.92896930644578
621,0.39474163250006344,9.354187635336078
622,0.32513047836421965,8.872316535560499
623,-0.38645916918118334,9.04806460018853
624,-0.2801993585631436,9.257908357305697
625,-0.49917345589776496,9.363942829154416
626,-0.4373645362228198,9.017927687790106
627,-0.5765761376930298,8.84733301897351
628,0.07280042081895854,9.084530288664721
629,-1.3371434885001574,8.850086475072143
630,-1.0704106230206847,9.276441371081184
631,-1.4451004209426404,9.020047983149466
632,-1.6096264860068628,9.014820330718445
633,-1.382483165849906,8.621962255893985
634,-0.9986156467335527,9.05285725639003
635,-0.4936606261611822,8.866917283478303
636,-1.0084618838245523,8.386053055496538
637,-0.5128772309357679,8.246772022203782
638,0.0705501269885711,7.743029200491077
639,-0.7924960186019855,8.520224613746151
640,-1.1810832920167442,8.557112870723637
641,-0.09121439024972244,9.403185429793986
642,-0.5680017600259626,8.847016681950755
643,-0.65123523768473,9.34143690785688
644,-0.29373766258991385,9.640888092094517
645,-0.407000457468884,9.263694251239277
646,-0.2891508201849736,9.457753311802943
647,0.7663468997633839,9.757403591123772
648,0.7992334004385685,9.82141718376606
649,1.2208413285080513,9.416594198826527
650,1.158834557581163,8.295132008899834
651,2.5139608538655525,8.889678727019652
652,2.627420663832898,8.566642635281621
653,2.509682190936332,8.596731265101415
654,2.5272516035553814,7.717189451298729
655,3.2210321424921458,8.393061451333633
656,3.1552690751089902,7.7663806006789775
657,3.5475725697343767,7.567273717343371
658,3.3090632591300193,7.760242647457715
659,3.850398973984933,7.578004341925969
660,3.822002357459593,6.895349221353261
661,4.785250984391698,7.77617161570611
662,4.446298638586147,7.805823771997829
663,5.026804564967426,8.115875961843448
664,4.554215772412326,7.638113391987741
665,3.9930585440978095,7.521859449558105
666,3.9678831011713336,7.746198239340311
667,4.469391367879689,8.309675300470325
668,4.282436544348456,8.528616949916525
669,4.624155931439854,8.427678233146613
670,4.169369375563635,8.376965616352845
671,3.870513123885055,8.04030779864722
672,4.6889587940816035,8.392003496258573
673,4.779362730708269,8.445027702518942
674,4.106663032561505,8.709059290660562
675,3.6752686377721737,8.840287632163387
676,3.774631147778205,9.422027712130063
677,3.722490526311184,9.459124799601222
678,3.701099359063957,10.03821736144944
679,3.42255666440565,10.152239634447284
680,3.3856097334644772,9.44245778056202
681,2.7131728577849934,9.924292236940842
682,2.1321202130979113,9.697626078579466
683,2.7259740604512874,9.556022377177221
684,2.3133981994347423,9.749754011173655
685,2.1435015550135037,9.809703903615535
686,2.2121689068525967,9.752823796762701
687,2.120060937438094,9.799002780389081
688,1.9787808739603912,9.828466436555935
689,2.1395930317440213,9.65135909757642
690,1.7948208360012734,9.652652437688754
691,1.5286862791317444,9.798615168550722
692,0.9860566100744116,9.323132265189436
693,0.9005578298495728,9.006115323633157
694,0.9901833158855601,9.055776395232247
695,1.0393568173681929,9.284340207180005
696,0.2790812022841347,8.829960097880653
697,0.20742003978987983,9.189548874146347
698,0.4760109432409477,9.752954800767304
699,-0.21654411712083965,9.578983807009681
700,-0.5591247472498463,9.816417687274976
701,-0.36962958743070995,9.943899183281484
702,0.09093284159062559,9.752655681837474
703,-0.07685550734657767,9.618176941186302
704,0.739793788699642,9.591458207944646
705,0.9519884005460315,9.530713433034622
706,0.4886786124014903,9.404207349007459
707,0.8688904605971041,9.110729317865042
708,1.069661526476393,9.180153643261777
709,1.1894791581880406,9.46385907811717
710,1.0943609534952639,8.83255332632563
711,0.5752332966952468,8.884531240584122
712,0.31594885408549966,8.726576070742372
713,-0.1923985940905968,8.725403090868902
714,-0.4460501275152588,8.457406828326116
715,-0.6438268382085064,8.616349738379755
716,-1.016290992358025,8.911286027721541
717,-0.9711741207855188,8.982885676265559
718,-1.0829134001052463,7.990603830197905
719,-1.544750966544834,7.968073403193385
720,-1.160270611454777,8.20547292770341
721,-1.6958530960770615,8.316604622794793
722,-1.408442469902024,8.239653191945795
723,-1.4921261653399374,8.397744976337634
724,-2.0293023011247913,8.444443586884354
725,-1.2545101340103249,8.001150619181416
726,-2.0507570005626117,8.007474320976987
727,-1.7141730331759548,8.130100852086676
728,-1.2494760395441749,8.246395961982714
729,-1.306698823841413,8.319639044177777
730,-1.7196993089923265,7.916354401427823
731,-1.643025731740106,7.70771971719258
732,-1.9927776840521603,7.605966206236454
733,-2.0660511115687044,7.74742167989823
734,-2.0708819619064833,8.046695338430778
735,-2.2188837255873555,7.864622075952693
736,-1.7559949520268776,8.207934501630975
737,-1.4721291709984117,8.06813070686397
738,-1.1907883724248278,8.613481704292875
739,-1.005186218253011,8.857153075958674
740,-1.3707096018662572,8.59202692218149
741,-1.206013580073527,8.697245605645463
742,-0.8205348460892685,8.284889289175654
743,-0.22804337646703166,8.459277640290363
744,-0.35013882548131037,8.467793118438854
745,-0.8905610954199816,8.890446151448913
746,-1.070658999022326,8.62768957575696
747,-0.8149119415873549,8.415980382425808
748,-0.7439169576291171,8.723181736455656
749,-0.615777194100682,9.24585530869106
750,-0.27605443046116324,8.851288461907927
751,-0.8212164382644236,8.63334750798509
752,-0.8129167099978581,8.571175606924077
753,-0.7156568832749235,8.176801562077168
754,-1.1058576799795141,8.725051723280606
755,-1.2214470744705501,9.53000374359094
756,-1.201792489853903,8.701917953408246
757,-1.6249386345561292,9.073541027806508
758,-1.9531376685510615,9.521677763583984
759,-1.4179061195782183,9.436938978150067
760,-1.440847565613257,9.466510563213822
761,-1.5124556867625178,9.392242640535338
762,-2.097362864798522,9.484768100817767
763,-2.622937793509692,9.608067167895348
764,-2.684963952693273,9.906165368434838
765,-2.3285036293324244,9.723086162445306
766,-2.3361742916985953,9.023579641732438
767,-2.471914444900128,9.180366542032697
768,-2.4055479633002697,9.31340814259978
769,-1.9115612407788993,8.68887835836533
770,-2.513470545101778,8.883920276731253
771,-2.1635835971864874,9.387259428688273
772,-2.3020197042295547,9.439272332411901
773,-3.066944275985314,8.890825066492862
774,-3.064284650168861,8.961627887814478
775,-2.9676246506376054,9.399143863302633
776,-3.166313429924652,9.378086331348543
777,-2.8647574822223745,9.18190696130986
778,-3.2033979253368328,9.652288097868299
779,-2.7136982906561804,9.36394766112924
780,-3.0821059940055515,9.075359876246305
781,-2.8338512838300063,8.637836599016019
782,-2.31139152102166,8.593573797099031
783,-2.191768211620251,8.869098362875414
784,-2.360635587122446,8.9641305309698
785,-2.096220340965208,8.958696475664622
786,-1.7498327753948297,9.166809722033445
787,-1.770646656259221,9.478706750559612
788,-1.7251323546755986,9.625265209219986
789,-1.4527310552434491,9.711650180874003
790,-1.25813613669102,9.446837709603535
791,-1.359240332607344,9.485693888850784
792,-1.7048928090010778,9.243480538660624
793,-1.824041760042796,8.437340128846387
794,-1.670981166902456,8.034814385426392
795,-1.458787315782021,7.909339329995044
796,-1.5757970106081995,8.450750584648194
797,-1.599297698000748,8.137323426526685
798,-1.8088764690554315,8.564482712772657
799,-2.2854490726069705,8.979230406878651
800,-2.079878116067097,8.592607616642713
801,-1.5428754142551897,8.766669688562244
802,-1.188068895845535,9.070811182232713
803,-1.7023301387105807,8.760485135009827
804,-1.9000355622820755,8.33568060386272
805,-2.2484251513940037,9.229810741724716
806,-1.9407909762402182,9.369653737386914
807,-2.504345740088909,9.00864528947308
808,-2.4435974030565575,8.56012759692995
809,-2.6395196688270635,8.283143502428338
810,-2.1217643368382615,8.865728787454454
811,-2.136950917646605,8.052222232558371
812,-2.076662982252843,8.488626712313804
813,-1.7886651125368807,8.049684890961357
814,-1.859347794968898,8.546271523274358
815,-2.3021744320289557,8.578085408028263
816,-2.174505578411733,8.470289170923275
817,-2.4888494154282648,9.12691888145067
818,-2.2458449931727302,9.261669522934422
819,-2.0090369619290036,9.680109128833193
820,-2.274665085132659,9.490039746242854
821,-1.7938967228864484,9.587294826887465
822,-1.9159839291647582,9.705447872510566
823,-1.578362190063026,9.37430340942005
824,-1.4287645771162913,10.403323778921221
825,-0.8090195679171707,9.780316003887355
826,-0.4598490589116511,9.796400004178265
827,-0.265971737203452,9.97840951644175
828,0.21757948640485547,9.841229731070543
829,-0.32235006277537315,10.674973228013918
830,-0.8919236004693896,10.07321760333523
831,-0.7938117766527871,10.406122234629091
832,-0.5718609523854936,11.795090215571172
833,-0.5850045413849746,11.129791289365606
834,-0.5339951130326342,11.95379907761112
835,-0.8518833066194182,11.06282347646671
836,-0.8545258694775817,11.080419113018227
837,-1.3484301712540852,10.506858420433574
838,-0.850664767388849,10.380806805393357
839,-0.5277972327712807,9.966810019656933
840,-1.0206696216971567,9.582129275906441
841,-0.8741049363867637,9.786003709263388
842,-1.1802936798414785,9.73653132002814
843,-1.0573003110839727,9.787276947401587
844,-0.6944397184268449,9.184778526171122
845,-0.4334631097723527,9.38571438660699
846,0.0029812756121024298,9.071181177516717
847,0.00037901397347284366,9.29084967495542
848,-0.465991449785868,9.01652951374434
849,0.1589865743682965,8.950644587572185
850,-0.21208461892227826,9.01787156980919
851,-0.5842685203033957,8.667049059281206
852,-0.21409561648935832,8.731815668843769
853,-0.4905068500927715,8.85299197805457
854,-0.75597657432583,9.62730442146543
855,-0.7866532132356266,9.648664215322945
856,-0.8977812681894495,9.68939920066521
857,-1.0382532230919064,9.290083266284347
858,-0.8787147848997385,9.503883618092699
859,-0.9837026149701165,9.990382764228471
860,-0.2860401089328507,10.158280267908346
861,-0.5285176571781317,9.573788330644863
862,-0.1012312887976734,8.68695154279617
863,-0.048258220063904025,7.839975614226313
864,0.2811234189304817,8.44021389911045
865,0.53476288520474,8.890197819885872
866,1.0131604492617343,8.404602408793377
867,0.8312626271531219,8.091885846011984
868,0.8868156494279302,8.112066404251813
869,0.9039769736179106,7.930664911074636
870,1.191893077671578,8.090074818988237
871,1.4307958614263356,7.922164368425493
872,0.9694918271472528,7.497551967716551
873,1.2736883390083193,7.934448193711399
874,1.0216012072945357,7.759024058569266
875,1.260796874289356,7.374685785493725
876,1.527219080746121,7.422549958973251
877,2.342903207397449,7.714357831427139
878,1.5482029296128106,7.824990828469956
879,1.456009255336593,8.054680626906539
880,1.854534191265997,7.432839212999058
881,1.224421329667793,7.359225721392565
882,2.033354162414675,7.135564234622581
883,1.7920069872962434,6.74826681556955
884,2.197958992547639,7.023945212721475
885,2.4980428794036857,6.833092596787591
886,2.5474727013484495,6.159902620000676
887,2.7346324923825494,6.238738042735789
888,2.554492540786773,5.8223522716630685
889,2.8186568711180535,6.011107513976506
890,2.1522730400912526,5.732043879014265
891,2.5781928479020606,6.582274577856229
892,1.657977272905261,5.985951184773865
893,1.1916259058293903,5.483534098132344
894,1.5006781075111402,5.5636340199934935
895,1.5677818472040455,5.435873584618886
896,1.7605757787313236,5.144538767445434
897,2.182821394557516,5.125564942672753
898,1.8432110787655596,4.798058345476054
899,2.1206942146509444,4.479267766937563
900,1.719905057249397,4.396501816439896
901,2.3706457956405913,4.373643119774698
902,2.2982539314240413,3.957968734516183
903,2.6918007105995403,3.8746157623600475
904,2.659299749956084,4.267451320080434
905,1.660687271239634,4.21949301911168
906,1.6527653826663415,4.3559672383590256
907,2.437788996538186,4.508588611075781
908,2.5862290572890507,5.284106187620595
909,2.156476897099143,5.372787829335575
910,3.033221614742041,4.873057772593169
911,2.721113814240284,4.719853006398076
912,2.80466296413903,4.305793731450013
913,3.304699195877103,4.372011512315991
914,2.8965819981533114,3.964285853268801
915,2.420937341857305,3.7163553951305786
916,3.0544189935039463,3.8491144050582644
917,2.8565502735850847,4.189679378042387
918,2.601357315529037,4.353092601097651
919,2.5258796297665453,3.6715958954267642
920,2.858685942808088,3.3211257108510126
921,2.682390020055671,2.4700840623070617
922,2.4911407762182214,2.18881603092632
923,3.00540679457099,2.0636205189532983
924,2.8663445635890787,2.044802878394625
925,2.2006351400735227,2.071767769028675
926,2.028979966884384,2.2732395213593204
927,1.971090257333742,1.7552393717212154
928,2.119281916148789,2.12459618934113
929,1.0189037666539884,1.762039827567961
930,1.3634926653071175,1.7176744099055985
931,1.897376616033985,2.087144774211227
932,1.4033281630914525,2.5844573224628378
933,1.7005777270379634,3.0077746561504926
934,1.302916431465284,2.9387344427249116
935,1.378301882721409,2.6840401983165805
936,1.2461963247086,2.5866384567102996
937,0.6685624904257081,2.50540978375528
938,0.8152113931775191,2.5189507095941934
939,1.212695671943601,3.0628074921304793
940,0.958771897696816,3.077896888868653
941,0.9918908187300822,3.077751940155064
942,0.6916482684146004,2.907231126778546
943,1.1890271133377333,2.51266694982316
944,0.38017221540322776,2.071342143529643
945,0.6873424041013169,2.1452793814999978
946,1.0539432407181488,2.0259931981771073
947,1.1642994233574107,1.6333476684917938
948,0.49288313393545213,0.8880374259872977
949,0.5348201347085181,0.5436342819372024
950,0.4802715633678085,0.1488224640168605
951,0.8964818281480108,0.22007599968307529
952,1.4752436260200383,0.251240774869843
953,0.7263112454373634,0.375798535514868
954,0.45479344485636014,0.38028539130240446
955,0.6291327946125538,0.044484838112891334
956,0.32484775212083,-0.6684949489946062
957,0.6140081379869861,-0.980482388317399
958,-0.3326065599434552,-1.5352190540599324
959,0.3717621631609087,-1.5292545354924105
960,0.7994965175392066,-0.9898987586059417
961,-0.1077671527687718,-1.2797247049330114
962,-0.5393827957641478,-0.8894793795744229
963,-0.0267184782809351,-1.6328338295141156
964,0.2948153203437018,-1.0630080251895366
965,-0.27352352229999205,-1.3449430144730732
966,-0.933163327295736,-1.2949369803196595
967,-2.384896889978215,-1.315527220292928
968,-2.076969222224973,-0.8870652217168239
969,-1.732921508196534,-1.0785997406494485
970,-2.4727848799010355,-0.9474347026780618
971,-2.5054597393721263,-1.8552132362091782
972,-2.6790247848252866,-1.2227571325790194
973,-2.7411695800131985,-1.3425162801673562
974,-2.7610368471448936,-1.4636415051748664
975,-2.0824343248473443,-1.7981890923348862
976,-1.7095503957609899,-1.579149009577738
977,-1.3736376222983346,-1.1479166592295136
978,-1.814463155858552,-1.0006979314455695
979,-1.5968393696292646,-0.8859122548176088
980,-1.7087078644178362,-1.2458953744622627
981,-1.7065988194069355,-1.4454989070445794
982,-2.220662619523682,-1.324771642100429
983,-1.9181558512767438,-1.3735202114095617
984,-1.7830550115268495,-1.1800038339447243
985,-2.6871876827319174,-0.9050805745936117
986,-2.032213717609347,-0.7178365074142377
987,-2.5991696618528306,-0.09218725601613087
988,-2.6618612352259166,-0.5850334080152724
989,-2.252677160264205,-0.6747891152552591
990,-3.1565073110912656,-1.2827815818560522
991,-3.430970645774018,-0.9842031435082567
992,-3.091348581538764,-1.1662108029675622
993,-2.6040781496468983,-1.0628631308149854
994,-2.3282886107071916,-1.4103647050659147
995,-3.1386693076224974,-0.7910032886495507
996,-3.185151196888247,-0.9688585227355151
997,-2.817638728435242,-1.1830987698431894
998,-2.615886649668739,-0.6925615734377626
999,-2.3995240332091896,-0.6985665274370155
1000,-2.689263153026698,-0.6784850598409269
1001,-2.8135655934662065,-0.47196782679592
1002,-3.2304966947591707,-0.9766349240066163
1003,-2.813622730936959,-0.7674464119517337
1004,-3.046234265090684,-0.2938337032485182
1005,-3.500431215643387,-0.027924220105860043
1006,-3.2329529284850103,0.0507854611896876
1007,-2.454220098992139,0.41709108930369343
1008,-2.6261267988679426,-0.24879782185727806
1009,-1.8748846911536516,-0.6509825397581398
1010,-2.109254371679283,-0.597149979299891
1011,-1.1491957817066112,-0.8428350746604213
1012,-1.390331525641697,-1.0909312151417392
1013,-0.9949749748584462,-1.831621472505518
1014,-1.1771976697724675,-1.2636726744044704
1015,-1.6058267915798907,-1.512422633131807
1016,-1.5582806247833436,-1.377125538131236
1017,-1.9830327087213913,-1.6087970030324563
1018,-2.496381088718929,-1.8566417938557895
1019,-2.335288076142209,-2.4622874568412905
1020,-3.113774197458306,-2.5992860782193787
1021,-3.0185297360035537,-1.9649192414136942
1022,-2.7994480971268354,-2.1093626579937745
1023,-2.364089630686903,-2.312560501121428
1024,-2.4499480324736997,-2.0161281280761068
1025,-3.236234978310333,-2.3026031269106837
1026,-3.0210536970578037,-2.3998578221886566
1027,-4.221955807781715,-2.5332927771410865
1028,-4.176228446724899,-3.5179184893061586
1029,-4.192883489995992,-3.4186852541118413
1030,-4.167654063130537,-3.5990817286688115
1031,-4.57663253981311,-3.3266819079431116
1032,-4.576977463147442,-3.360899682891204
1033,-4.324561064310828,-3.121573213379973
1034,-3.9005593608296945,-2.926942665702781
1035,-3.806091176378251,-2.780246176042201
1036,-3.8439715564244,-2.9049331551008346
1037,-3.118812146794361,-3.201861037487322
1038,-2.7306486692636662,-3.232874451814799
1039,-2.723980818811251,-2.880987342506684
1040,-2.7817053802546297,-3.25418854764261
1041,-3.6881309916227103,-4.036639281855426
1042,-3.74072137391832,-4.136545620808731
1043,-2.8964261874091823,-4.2786088422060775
1044,-2.667528270747437,-4.9342144776740025
1045,-3.1565433955224145,-4.986825819063264
1046,-3.8689324282596997,-5.269954304750701
1047,-3.658889879224384,-4.695800226189928
1048,-3.6643708464539455,-4.577437802305015
1049,-3.214867568102807,-4.572739002336557
1050,-3.3975318435619157,-5.2884548984381805
1051,-3.3038306503282993,-5.833373146342941
1052,-3.2140357824561394,-5.471255066070477
1053,-3.2550433484119785,-5.963916475947404
1054,-3.031302378451028,-5.751737997078339
1055,-2.278986124953448,-6.09794000980549
1056,-2.509874226294942,-6.460844140800028
1057,-2.4445572891105796,-6.496881223607927
1058,-2.5278823367859338,-7.103024829174566
1059,-2.84331593009585,-7.109350889568018
1060,-2.6483750173054608,-7.391064260812144
1061,-2.879981250252206,-7.709488015602152
1062,-2.675417573053155,-7.021958620256129
1063,-2.297557609440039,-6.522983103050105
1064,-2.1153353116237206,-6.704631540839413
1065,-2.646894205031326,-6.264707833685772
1066,-2.8984047091563396,-7.206900329303009
1067,-3.146576652720211,-7.584418051599238
1068,-3.219513887903818,-7.963913756383985
1069,-3.385695312275524,-7.617723198651491
1070,-3.656709382684451,-8.129373050942416
1071,-3.893773546521476,-7.339849374646661
1072,-3.9561701650522902,-7.621708784419585
1073,-4.215962461121091,-7.678305705659403
1074,-4.216630844551738,-8.026102632080748
1075,-3.958582301964547,-8.342915876865408
1076,-3.6650176293078953,-8.054669381999606
1077,-4.177844779530053,-8.562723920512493
1078,-4.291487267363487,-8.923722791785021
1079,-4.646588287546184,-9.748184675684586
1080,-4.499038362074361,-9.29740095428645
1081,-4.634277915683201,-9.775289645090897
1082,-4.395553106891245,-9.596931849672641
1083,-4.6552619512104325,-9.987987148278231
1084,-4.721924410151334,-9.356021093974853
1085,-5.232815180094608,-9.40783291135356
1086,-5.454071835456701,-9.4541320690059
1087,-5.609822737859558,-8.940970296671551
1088,-5.851710327028482,-9.341480996881803
1089,-5.66992387859047,-9.556329477393183
1090,-5.786630819170367,-9.74178169259064
1091,-6.027744095283709,-9.746143176528188
1092,-6.299935474694276,-10.259044328217627
1093,-5.617940346057498,-9.87810457372528
1094,-5.504283517289007,-9.877671373401965
1095,-5.019258702028016,-9.916114584843683
1096,-5.000452869250848,-9.978913950791927
1097,-4.602762765309203,-9.882540787241414
1098,-4.629465631229667,-9.914210681154021
1099,-4.608193972300018,-10.603242277839202
1100,-4.534935601826822,-10.911744744664283
1101,-4.8069314762246185,-11.01214996726289
1102,-4.699765149864636,-10.93074767680491
1103,-4.775370254243219,-10.845632305929382
1104,-5.157994131912528,-10.524668616150725
1105,-5.332336916108169,-10.97332514345795
1106,-5.622582825354558,-11.417524074420115
1107,-4.403691582314608,-11.00524965545471
1108,-4.977898234517092,-10.946069833981346
1109,-4.661617506343284,-11.257276369934255
1110,-5.112137238797032,-11.61549306922742
1111,-5.332694380300318,-11.48752840831263
1112,-5.637767727794314,-11.809614230830675
1113,-5.947782308587925,-11.127238164389475
1114,-5.7795868357807025,-11.598826551789335
1115,-5.828105496461372,-11.41874752305556
1116,-5.823197737751299,-11.87544858858361
1117,-5.163483750106228,-11.801087743171635
1118,-4.7878384152044795,-11.68376548127448
1119,-5.310488017927534,-11.603380439810378
1120,-4.99245912206104,-11.097309928381044
1121,-4.781590034013629,-11.363963873931441
1122,-4.905994043364194,-11.968395235503372
1123,-5.057988643474898,-12.145009102143785
1124,-5.529771053774551,-12.423219488741402
1125,-5.743020203652867,-12.34441132477524
1126,-5.6176551900422025,-12.294156566921334
1127,-5.32551838958004,-11.654793577453308
1128,-5.983307900769278,-11.481257432302842
1129,-5.733717584609179,-11.617171292795975
1130,-5.380708074138394,-11.929844942834057
1131,-5.922430203376768,-12.480958454786457
1132,-5.503608018457301,-12.149461555075785
1133,-5.455810138640268,-12.438460079764589
1134,-4.858680343918833,-12.570780030157948
1135,-4.923820905905554,-12.306612681660244
1136,-5.33479642418664,-11.840171418888062
1137,-5.073193098230678,-12.27532370316855
1138,-4.847749976168043,-12.491973435971307
1139,-4.844453065426304,-12.620821027181627
1140,-4.004461737304586,-11.934000944273725
1141,-4.294204577844617,-11.934899718339746
1142,-4.023547287555594,-11.916111630238046
1143,-3.7891877144575585,-11.944942562899051
1144,-4.579122113032028,-11.728788951830117
1145,-4.184103504309062,-11.759675724698663
1146,-4.200061848847162,-11.934094137665358
1147,-4.639699875106943,-11.675232231662774
1148,-4.324551947945306,-11.607273534120113
1149,-3.0032268194768323,-11.272282458866506
1150,-3.6123210892418887,-11.14159694142107
1151,-3.3976782571831454,-10.912542711762889
1152,-3.0649940426151714,-10.728704965151845
1153,-3.2665102598411027,-10.643962551851825
1154,-3.124387283865814,-10.61401069232598
1155,-3.22104217408187,-10.533295832048392
1156,-3.1510405163990107,-10.34063550117727
1157,-3.3011547900204556,-10.547961857352282
1158,-3.422599015605364,-9.831315405217202
1159,-3.341194067052344,-9.439775917088248
1160,-2.97989118676794,-9.253709910760811
1161,-2.6827012610012164,-9.293282313284978
1162,-2.737652621282395,-9.217138605551725
1163,-2.8197812221421046,-9.099358205949898
1164,-3.0411430682072162,-9.384864190989148
1165,-2.516199605374812,-9.481592264068448
1166,-3.3605112128282872,-9.559334602638772
1167,-3.5343138243972936,-9.575935115610303
1168,-3.5579203382873676,-9.734746318510377
1169,-3.692712847344187,-9.4636585737776
1170,-3.9152909471944124,-8.986349371776976
1171,-3.790121784975304,-9.132780392496167
1172,-3.8072343679613856,-9.858658222352329
1173,-4.2698891866689275,-9.968464846408404
1174,-3.867345789539049,-10.256500084958
1175,-3.287923201573948,-10.298935692537064
1176,-3.3821551025897385,-10.237673140477096
1177,-3.717867229944704,-10.74536123567012
1178,-3.9181990450075475,-11.277534490895981
1179,-3.679139828098973,-10.79966290468223
1180,-4.001526485691346,-11.209053947224554
1181,-4.473273939081811,-11.065074351998351
1182,-4.714528219864647,-11.321861939064426
1183,-5.221337032309885,-11.532859476240526
1184,-4.775298541951083,-11.616119132185478
1185,-4.527256920197856,-11.690782696713548
1186,-4.556439730468747,-11.6806487480594
1187,-4.683826581866836,-11.824423898670656
1188,-4.091517294988368,-11.48794631476853
1189,-4.399648702709912,-12.426916884249458
1190,-4.190129063422404,-12.641324564054246
1191,-4.494662903998042,-12.449552288743032
1192,-5.0548009128365194,-12.358852659380123
1193,-5.02459938366044,-12.415061168664241
1194,-5.934108963180018,-12.201307598912308
1195,-5.761482787987922,-12.325062146864392
1196,-5.284052847038241,-12.448631352868613
1197,-5.474984937451864,-13.66036227872529
1198,-5.434656166907167,-13.260205109843394
1199,-6.114158137554189,-13.070445508838258
1200,-6.52012142503931,-12.85422454869608
1201,-5.959724080505569,-12.704098339927265
1202,-5.239639411871514,-11.858675015699175
1203,-5.056376814088766,-12.028425370736992
1204,-4.988285157995413,-12.057361468137076
1205,-5.059997338292624,-12.428144984308052
1206,-5.349565608539937,-11.795433035671063
1207,-4.8180082723001805,-11.878980929432187
1208,-4.8817055526637345,-12.195488455399168
1209,-5.781210568223797,-12.320137135381744
1210,-5.678165235535858,-12.148735945899046
1211,-4.731410916516522,-12.469061593521351
1212,-4.929713708330721,-11.93816082066241
1213,-5.464693692382266,-11.996633966534004
1214,-5.749123444398147,-12.842258281622701
1215,-4.987641456288127,-12.299012587985372
1216,-4.949150886245606,-12.178374756686667
1217,-5.0052900361492325,-12.385346178746046
1218,-5.105791984496834,-12.717657298040407
1219,-5.44225361827821,-12.497216274748133
1220,-5.965514819285173,-12.405033076145997
1221,-5.60880820250753,-12.129405739245657
1222,-5.935006730882309,-12.708022375619331
1223,-5.680683665634748,-12.874284703780472
1224,-5.451250469063524,-12.843915355103725
