particle,r_px_med,r_um,circ_resid_frac,inlier_frac,r_px_frame_cv,n_meas
297,20.17530884690421,2.9032269430695155,0.008317523427514042,0.898989898989899,0.003729100652566517,8
902,20.153621402184722,2.9001061197743816,0.006407006159033628,0.851948051948052,0.005264381604385761,6
12,19.16749228415026,2.7582021396892222,0.009910668344888957,0.9393939393939394,0.004419880520292957,9
24,14.500000000000016,2.086550000000002,1.5290652734752773e-15,0.8888888888888888,0.004383050200259745,9
1031,13.725855797755097,1.9751506492969584,0.1507417981194441,1.0,0.08086603543694834,9
627,13.518546589122561,1.9453188541747366,0.15107954186795347,0.8857142857142857,0.19682288955265867,9
915,13.383647830050007,1.925906922744196,0.19115158160911477,1.0,0.04683876905965539,9
1102,13.30998899853966,1.9153074168898572,0.017716339339055084,0.8055555555555556,0.030371782812532045,9
305,13.193628332464096,1.8985631170415833,0.010934029919656555,0.7878787878787878,0.011347524909137896,9
13,13.161855210219445,1.8939909647505782,0.18076542686519537,1.0,0.061225394433352384,9
151,13.094446772329597,1.884290890538229,0.008807521854406301,0.7714285714285715,0.008776601414273843,9
1000,12.904743784146643,1.856992630538702,0.2083322898682024,1.0,0.07736324958917738,9
22,12.717163647694813,1.8299998489032836,0.01787743280374232,0.8333333333333334,0.006747410442740166,9
11,12.710613403792959,1.8290572688058067,0.1662299739896543,1.0,0.15538460433602877,9
410,12.339989869513088,1.7757245422229333,0.05887777379773124,0.9444444444444444,0.0764930380732033,9
15,12.251301854878442,1.7629623369170078,0.04499065902849104,0.8611111111111112,0.028738907700595798,9
72,12.246436620571895,1.7622622297002957,0.23685251288421943,1.0,0.08834404666811888,9
306,12.239962836226093,1.7613306521329348,0.18617121547806684,1.0,0.05377448198432098,9
1154,12.13267002254582,1.7458912162443436,0.24692805337692772,1.0,0.04916115209128442,9
1026,12.073575892160909,1.7373875708819548,0.18105669751780606,1.0,0.06654591607458349,9
197,11.893903901893898,1.711532771482532,0.14510954111876606,1.0,0.04363847397383147,9
203,11.180426381393431,1.6088633562825148,0.454909526465705,1.0,0.05679138514579274,9
428,10.83631940194417,1.559346361939766,0.03221961656085486,0.8571428571428571,0.09125675509419054,9
835,10.76444195598552,1.5490031974663163,0.34567397475359724,1.0,0.07342505682102346,9
382,10.597353085458934,1.5249591089975407,0.17239643305325766,0.9705882352941176,0.1906917130912006,9
28,10.500000000000052,1.5109500000000073,0.01493948272104226,0.9166666666666666,0.039689623054041355,9
23,10.500000000000032,1.5109500000000047,0.014141981478189828,0.9444444444444444,0.010216376753832648,9
93,10.461212960206652,1.5053685449737373,0.018161819852865,0.9722222222222222,0.05568193864405302,8
2,9.288496562620326,1.336614655361065,0.026983109009799028,0.9166666666666666,0.014313731754580063,9
9,9.26622811715422,1.3334102260584924,0.18384550255819262,1.0,0.09204662993666796,9
103,9.000000000000012,1.2951000000000017,0.01550140924811204,0.8888888888888888,0.04036967591017974,9
8,8.961696435762553,1.2895881171062313,0.024539935676082862,1.0,0.04937412123686486,9
981,8.921432047893246,1.2837940716918381,0.0956920453874469,1.0,0.12552570978117195,9
385,8.890702866834939,1.2793721425375477,0.1406823523284508,1.0,0.10471778495934549,9
496,8.883093745846983,1.2782771900273808,0.031531067275772234,1.0,0.10619829769882719,7
827,8.815602642829313,1.2685652203031381,0.04630105528267522,1.0,0.19915478291599562,9
81,8.664646158835675,1.2468425822564535,0.04600950702596337,0.9722222222222222,0.32583124117809537,9
716,8.308848427780726,1.1956432887576465,0.13360760713724126,1.0,0.11377809625116762,9
945,8.215704878706335,1.1822399320458417,0.024582165183865266,0.8888888888888888,0.15770172985987027,9
703,8.215297098953002,1.182181252539337,0.028248945853854263,0.9722222222222222,0.07260760470900833,9
25,8.133681681016085,1.1704367938982148,0.03052426197971038,0.9166666666666666,0.13353792443290444,9
615,7.674688738265492,1.1043877094364043,0.04158598128549753,1.0,0.13731428215861646,9
411,7.500000000000008,1.0792500000000012,0.016438143922754996,0.9722222222222222,0.12312594284103387,7
18,7.393339228268257,1.0639015149478022,0.021650131031632297,0.9722222222222222,0.10126717886240803,9
1,7.2957902515798425,1.0498642172023394,0.015997257513209427,0.9722222222222222,0.029346600915602664,9
17,7.226514295179903,1.039895407076388,0.03150427066427888,1.0,0.0640800099911734,9
497,7.184621551097988,1.0338670412030004,0.027221599346145292,0.9166666666666666,0.023834541131119366,9
120,7.104772175732687,1.0223767160879336,0.03791300765225431,1.0,0.17810149880099196,9
7,6.7396369373081955,0.9698337552786493,0.029117199283706097,0.9444444444444444,0.14034490624827006,9
1157,6.595082308785014,0.9490323442341635,0.03343090171938857,0.8611111111111112,0.13829589791880612,9
246,6.3719116408076575,0.916918085112222,0.057185549415066074,0.9722222222222222,0.13596650589051154,9
383,6.073882035580628,0.8740316249200523,0.047069126282491346,0.9166666666666666,0.17123010354214852,9
57,5.395339504555259,0.7763893547055017,0.02750666616488511,1.0,0.45576388919896416,9
1023,5.365061903934089,0.7720324079761154,0.02713523316648987,0.8888888888888888,0.05443720438420953,9
163,5.3520419829354,0.770158841344404,0.03543389075637671,0.9722222222222222,0.054271389211962194,9
1131,5.242015896956783,0.7543260875720811,0.04339630297448839,1.0,0.22291603997004902,9
271,4.965232851969188,0.7144970073983662,0.13532254334704122,1.0,0.047013197873953305,9
92,4.185546716252156,0.6023001724686852,0.026774476467863365,0.8888888888888888,0.2355926750454827,9
556,4.1694922178851215,0.599989930153669,0.03616849686871894,0.9444444444444444,0.3705031225299512,9
582,4.1661603043291535,0.5995104677929652,0.046710143282590516,0.9444444444444444,0.07448585515357095,9
968,4.130997203139744,0.5944504975318091,0.03390311782541339,1.0,0.04225820772726649,9
