particle,n_frames,D_um2_s,D_err,intercept_um2,fit_npts,size_px_med,size_cv,ecc_med,nn_px_med,mass_med
112,1421,0.09511640375797503,0.0005766579503837031,-0.021598545956630105,30,3.3088679563723224,0.010289021829351123,0.0525548583598101,14.700587646017606,2606.258556067436
116,1421,0.015797210123433502,4.3348996312830366e-05,0.002937400522469739,30,3.316139072854977,0.011219122139271795,0.1453314060810219,14.638518618666792,2266.759780068431
21,1421,0.01661122052056698,0.00012379202099538982,0.008017652665467357,30,2.948387469203334,0.02317167325027673,0.1738890949939416,14.791110443789673,709.2597672842868
17,1421,0.022483038502967557,8.504942828504681e-05,-0.0056010027852187744,30,2.9123533099199697,0.01888722121685839,0.1492584198526956,17.33575378739718,678.407423838626
57,1421,0.08258452652362322,0.0003649858954274926,0.0054853471627279516,30,3.3593549238896347,0.015416661077724133,0.0948373979749183,13.833187729244617,2232.93892083687
37,1419,0.052124952621321184,0.001543712758983202,0.1996718663582158,30,3.306694484835801,0.03315392602351981,0.1249691613697895,15.39098113818525,1614.2998531552562
32,1410,0.041137201394538164,0.0007029220964437922,0.05517545924335122,30,2.7209250603925774,0.053819618697358476,0.0783094137333374,13.320410982664423,1768.8717393594004
117,1303,0.014620199760834866,0.0004775506560957811,0.3533341814685925,30,3.0561574568375907,0.02726721487356257,0.36450324454472,17.84621390134259,399.38490591129965
756,1249,0.199195610560075,0.0013454346082341837,0.0643671031108105,30,2.278755808986635,0.1069073881449414,0.0615916443035109,92.03095552681164,1295.9561216325535
922,1213,0.20371886053702262,0.002065442879526173,0.06299205799120455,30,2.3254167422658,0.1405087394988647,0.0665247564029215,65.90267100883665,1347.250370769339
1165,1155,0.1940224174941617,0.0007856607674084478,-0.03350111610728556,30,2.482375603529756,0.049427527722063394,0.0460904446337824,134.38160252624817,1725.7832768681012
15,1136,0.049412946041328676,0.00013184606122330328,0.01510480785112404,30,3.0234440592173284,0.02228688835351162,0.3424173956485246,14.109137923067896,669.8901057480073
1427,1031,0.1357018793301854,0.001957342748310481,0.1715155376854148,30,2.535483831070166,0.0812328850811224,0.1440328600594462,200.525265537976,1353.709038267606
1830,990,0.052311227398457054,0.0009868552633933057,0.08691134407925696,30,3.322530955478663,0.031121814698903724,0.11406812244039485,16.06963438118342,1811.6501949594299
10,982,0.040706949857510215,0.0005700994100649783,0.08930408533009404,30,2.838920565370655,0.07841416794755397,0.23045050282062765,16.20773364582317,1679.348383040005
1912,977,0.21469164580843988,0.0012618746144114003,0.04106329635100942,30,2.745292190912134,0.13146281503445909,0.2866004608692221,91.93391553033186,737.4751217759693
1980,920,0.10426622424907928,0.0014188655398095454,0.1121380122500761,30,3.0015349395462128,0.03870206571868087,0.08631575447732265,55.5843111736481,1864.8294878602374
2614,830,0.2744782129202168,0.0022554816888744507,-0.11601077187503657,30,2.1462561800005977,0.0989529313217469,0.06743906162105825,54.42281709228446,1221.0433132310573
2593,822,0.21176106356132107,0.0024988047370649875,0.21664522296148941,30,1.8563886490628305,0.21424701015131137,0.1016446410629192,210.48350976045475,676.7420969076198
51,776,0.09877830378097695,0.0012368886488589488,0.010680369043307393,30,3.3170458554740385,0.022152245075266072,0.051005676701601804,14.529691180317226,2495.1978581749718
1790,739,0.2232562827792655,0.0012960369739718589,-0.05586063861074286,30,2.134979984656465,0.10850991398956852,0.0738131308898272,48.56407640519746,1115.1421972724247
3116,716,0.1594838033338291,0.0007556051170324995,-0.010848297714621306,30,2.805277377728129,0.03930108238611393,0.0413586352035913,88.20001875865404,2004.718354283973
109,713,0.13342183261295,0.0013757694426447746,0.06022553859142551,30,2.652002098951958,0.10043839755680038,0.1887618047882587,131.92145351777455,1260.4515756659655
3036,706,0.28704949412942393,0.00292533582243797,-0.04013064872596618,30,2.1653798458780065,0.20636027711090354,0.1226850168801124,69.953016954444,874.1446013723503
38,700,0.08793850286633235,0.0008981775072810839,0.0990539785715506,30,2.171897922512761,0.1577367127518561,0.13077349987224018,16.01681432583058,879.2114609954473
189,700,0.15852820864373396,0.0014195007916359766,-0.0015556087769631678,30,2.862633268449894,0.07166327090344778,0.07467445218645015,87.45022158164556,1756.5833807189315
3268,680,0.09784901947385588,0.0004354427878342293,0.0008846083381022135,30,3.293556811980853,0.014488827225026146,0.054632388787814304,14.829944199538788,2628.7248413810476
3357,659,0.0860124842887015,0.0007320397049762221,0.03621682635352898,30,3.3163838672950314,0.011672684235439983,0.0670442807045139,15.799000306256056,2569.696379553155
3141,659,0.0727303559085773,0.0013367752860157333,0.284969173620168,30,3.079520045170882,0.015942329707087186,0.3895057022691668,15.571773007107893,405.6912859449928
2391,646,0.09779762686330963,0.0006122997419569049,0.0036841519972747616,30,2.6138961186145337,0.05009802415600553,0.08150207067730536,18.730235371879903,1502.5341635046989
68,644,0.10984913052557564,0.0007622414424920518,-0.031030333321750266,30,3.3319960855154633,0.012153030520323817,0.0642164682847175,15.697750466323553,2621.4683471207045
111,640,0.12512053238327656,0.0011706522868250595,0.20318688731063564,30,3.0740078621033193,0.017955902642601825,0.3831032407612628,15.573568971075165,390.7398766822279
67,626,0.12037013792620527,0.0011438553111229517,0.13299534115035583,30,3.072653680402363,0.01611887617554361,0.3840012616844444,15.93035924055226,392.56097632931824
3512,620,0.22489594562145393,0.003008857340343996,-0.10356634064523365,30,2.5659462253997316,0.04486786085907787,0.039403712940363,58.34174650020991,1806.7723027094262
310,616,0.3037528958140347,0.0024360001672085125,-0.10851193163181305,30,2.1216944253978802,0.12211699015561935,0.05412497682935685,266.95538050611685,1003.553210173699
2612,612,0.1973188100524076,0.0033134239229086044,0.14397078627165286,30,2.3529643530482502,0.1527722903361163,0.0598562030159248,73.92259710926488,1412.6342180396346
927,591,0.13725187281496518,0.001112674411008852,0.2779327735287662,30,3.079774665524684,0.026366844081272333,0.4262551879674282,14.450244500802869,471.6421381861457
853,589,0.18843861770027892,0.0017285033482877445,0.08399107607576876,30,2.4591311886942013,0.1254556384709517,0.2155462403740889,96.05859438194383,842.0781920794617
2560,563,0.12859716929605533,0.0008204967163878128,0.21875852018846131,30,3.072079403381084,0.016156855741631383,0.3936478929532913,17.299235358346582,485.1684088871632
2013,555,0.06485227314591395,0.00167322328201185,0.2202693851857765,30,2.6641481503119366,0.08228055252038649,0.179906362299763,13.395931487521262,865.7095512976891
267,547,0.2897385360095683,0.0016637238025125204,0.07070395542240569,30,2.1259346156337333,0.20857107868092936,0.0915498916425942,51.471062979955505,830.0141963423018
102,544,0.08389731933892319,0.0007682798853645683,0.026261204946401773,30,2.6280502414027196,0.05328263884833412,0.06137257908390565,18.597596766127175,1605.3763069409652
576,540,0.054937968405196706,0.0007624311161785846,0.11547519712210573,30,3.2352460020187044,0.017576150428575594,0.17193633933610653,14.710299443575416,528.4913137630185
2774,508,0.032333800810631703,0.0006181308980924056,0.10177548067568865,30,3.045296594855288,0.09232936689914886,0.15350318948417296,14.709242350797192,1281.6346242648633
134,507,0.03569391069079099,0.001338531548439477,0.34616059928692183,30,3.420135601497251,0.017263092570038018,0.0596491659157603,16.909233695976884,385.3429065988208
1900,494,0.03468922266068205,0.001266649200178545,0.4572647488690772,30,3.0757376800065233,0.024926610269660223,0.2906042275448865,15.9889322675917,411.8474805126368
2865,492,0.11444826540094279,0.0016641397937381234,0.08859999606562378,30,2.6617154156499856,0.028151040116310727,0.03929696859631865,97.66106756580774,1961.2862526298077
910,490,0.040599979775296786,0.00017769171154846628,0.023843193667670893,30,3.1343922223962526,0.0318021145190632,0.05870047373913745,13.679668289382281,2133.7789383303634
115,482,0.008521007227607852,0.00046816609529056044,0.10592347844705696,30,3.1353748996930033,0.011709214399586807,0.36464053920523354,15.58322456101257,431.08374338167613
1822,466,0.12145663392729399,0.0032963145207336886,0.2888665558993402,30,3.1367479200622688,0.016485614255203198,0.370386353234331,15.134714730914325,375.72691401178804
3787,463,0.015791150813002863,0.0006920703754144139,0.28342732573657003,30,3.2430444079445078,0.01824672373383395,0.2440442504256338,14.603809332545703,352.1512432037013
325,462,0.0709294975627868,0.002376427754392907,0.2908221104525971,30,3.1148279349554437,0.020331754070395856,0.4160046462017164,14.539943328332349,432.15700978917977
107,459,0.3624545430969125,0.0015620432758389237,-0.0947157746390926,30,1.9537094641779265,0.18103174294385357,0.0844829074799524,114.37630283781797,876.9869612192629
1492,455,0.027877508214295663,0.0007826015779326331,0.2034728122592294,30,3.276729546627114,0.016576292615402166,0.1969122688554559,15.863516212316807,381.0841933747325
896,447,0.16350870082578894,0.0019638695589559163,0.15867540878264227,30,2.5492497115333466,0.09043573597160065,0.0637706923407319,95.01597185235923,1517.2883528934783
3863,441,0.107738214077218,0.0022889558897430298,0.228395641156845,30,3.121484153249241,0.026854161235762876,0.3634782851718696,13.69002036892321,489.09496002859424
3430,441,0.16418091399699905,0.0009186412492732498,0.0421117874200183,30,2.438743567933819,0.06415134096099677,0.0371036428716761,230.75592681442336,1533.492309532898
20,433,0.043120134889796484,0.000715529560918499,0.10134370913593886,30,3.2598743268384798,0.03127880544270153,0.1103323574293309,14.48032314369434,556.1583710249369
180,424,0.03992931875861855,0.0002302660360569913,0.006536444672216413,30,2.53917485432586,0.0514875913125549,0.14997751689124655,13.5502051466786,1036.3052089078774
99,423,0.07591022407366867,0.0007421199040420223,0.09441907361773877,30,3.353680588439924,0.03323699196265975,0.0886854255986535,16.298988532119697,1734.8517441700028
4354,421,0.25324572334248574,0.0023725926024390624,0.06729742127603944,30,1.96538192171171,0.21478706388669147,0.098754336903489,112.03040398936109,721.2328523330942
4303,420,0.08770176491995606,0.0020483237809915487,0.284183185060505,30,3.073563525614514,0.015163662464081205,0.3929591716230303,15.981746125380113,406.34819783446324
1078,410,0.05470023673638524,0.0012776539650863018,0.13798374514526995,30,2.4888712231591654,0.08231328118977907,0.10265961671794804,13.29097726494155,1471.178051776867
3246,410,0.011730564123743915,0.0009295674159948052,0.1700771998412304,30,3.16345958040087,0.012921536763903453,0.3520309224589081,15.805143178189791,418.81063346493727
940,409,0.28191031330792565,0.0027739981002125615,0.05610244225770254,30,2.043055703446957,0.17949271514433934,0.0763976867162647,166.36547458819845,734.0006560709967
3344,409,0.2267641986039901,0.005183268853191822,0.19063346168716194,30,1.9414396285813729,0.10884965856913223,0.0844620218975286,66.4479478309296,919.0347542665014
35,408,0.20347007559056976,0.001758610038887308,0.0982829569504218,30,2.8031830032874208,0.12175961453430167,0.29408318931375704,200.49336058186634,778.11538497569
4210,374,0.055476877424203534,0.0010402839385637683,0.2311476939881611,30,3.2596231788854455,0.012607876796022356,0.20289259627761805,18.813479010002787,597.606342283498
3333,372,0.04447798845491383,0.0005634570352126097,0.1765856014976509,30,3.056953792160391,0.014513846836673736,0.4750351506771562,23.666477565620482,526.3858751935567
814,371,0.3117249394247304,0.003618185595679958,0.17127949257678965,30,2.648845034421609,0.16730523259316887,0.3486771236511097,111.42675079203961,374.66061819793833
4558,368,0.014908074619605444,0.0013799319794512096,0.32181041403091437,30,3.1574894619034493,0.018597116985958822,0.30559641098902446,27.60305876893682,392.97802130995626
498,365,0.10211622452304918,0.000947178442831956,0.04317765415567548,30,3.293860293315463,0.04216531970959005,0.1095031249609091,13.031382223473965,1994.1008904535763
125,358,0.06755901424867677,0.0015023457449913863,0.37174794848202913,30,3.096137116584914,0.017129931879494725,0.4461307046525159,15.249251564384139,516.8489352231622
118,343,0.012251822136953262,0.0012372540101035457,0.3956007189115793,30,3.209162837041723,0.022115862787597175,0.2519808413133415,14.4866449583689,368.90761278586245
4651,341,0.09230680768288461,0.002862404457886822,0.11397768385808589,30,2.7435984504466093,0.03901525494273442,0.0425074957979223,82.13125797900963,1901.18435691995
23,330,0.061705802368690686,0.0014986576512682243,0.22801471697380915,30,3.1882071921802595,0.02311316318463169,0.23866249094991204,14.404743149455037,496.37800644080284
6,329,0.037953196875987104,0.000939114641825185,0.16014484762494183,30,2.910806210106196,0.06370394697520083,0.1642036206256403,15.622736377977295,1319.9939372771669
3520,325,0.13473704817772444,0.0022079219156334855,-0.0615555428509582,30,2.6093625535329155,0.03868355420703127,0.0190163043394328,373.6626674445967,1862.285947589264
934,323,0.10484142879171417,0.0015138967085975969,0.14446201229616268,30,3.0572575571076444,0.027947926304080814,0.4022460694624003,13.188605542122998,520.6084629804237
1767,321,0.08352828284605913,0.0014493774664749506,0.10105043961299968,30,3.1201965540052976,0.014323408340844,0.3764330149239814,13.554594486573157,501.025164127428
3924,320,0.1591588203834621,0.0006868058429806236,0.0729561416852429,30,2.5810281031813362,0.10438734612991296,0.22106432502650014,142.6065865965665,1037.2217249662729
635,314,0.15892829597910343,0.001065416950449634,0.1532467946581846,30,2.464633400238572,0.06942874045981337,0.07390784743346634,133.49681612809968,1315.5989292512982
3386,305,0.44562158000489244,0.0022190488192920495,-0.10493911278892572,30,2.0318058075776952,0.08545814002946195,0.0723275946287454,73.04814195711702,598.4038454028768
4483,304,0.2435269375567589,0.002432596068024178,0.2826037228117366,30,2.4222527218259957,0.11180288277064376,0.1095619652603194,120.41311927381615,929.2184962376098
86,304,0.1140808408047076,0.002410210392377708,0.20331998161010942,30,2.4187993685943114,0.060747959726674766,0.05468447388066855,101.69183308966319,1537.0887992627236
3995,301,0.05978926860597966,0.0005512271579190423,0.03443453975297445,30,2.816252882208868,0.1004967878729301,0.1423402955296934,17.036176767038175,840.7233701171159
4687,297,0.059327222218293764,0.0014293429960694141,0.32351595730016014,30,3.299469209521322,0.014738068216035323,0.1985946185234111,15.519667087801016,394.91336013829584
2857,297,0.5475815149129574,0.0036196730554160315,-0.26746947883352706,30,1.9904508014598397,0.1075965706547101,0.0926166991207526,229.87162987646832,446.9677027657573
3193,296,0.07036721983699808,0.0029567069133241983,0.3049109613940789,30,3.1904912864297295,0.020506083454432295,0.2667001884478808,13.635674351926315,350.9610208143324
4832,294,0.11652343964780759,0.0018165818362165488,-0.05346072247797284,30,3.1122974374776944,0.01872788305885122,0.38072413745359557,27.641656171455303,641.0430410929678
599,292,0.06928898261844674,0.002623758673291846,0.3139311538422594,30,3.085386651072671,0.01596928115511592,0.37911003193121673,13.957446575268776,526.325249608466
2925,290,0.09788474433974277,0.005841339414745021,0.4335745579957266,30,2.5834854054091854,0.13264213987272494,0.10994933918193239,13.049555158251957,1183.9516807697983
363,287,0.19483992124729585,0.0017120090773519224,0.10667579021425395,30,2.3119903652664235,0.10936615867335109,0.0539228621211301,186.42199628875395,1394.8878023542725
4977,286,0.15257751606588377,0.000625756624075433,0.004404605175308258,30,2.531471110005028,0.03888758399785188,0.049605485842527,132.9401532528251,1794.9313122435992
1772,281,0.20891423908411436,0.0021353607299684,0.2012985773066128,30,1.8884599913130369,0.21711555320422143,0.1355738541808722,44.0069058915111,596.0901689348455
3292,281,0.046924438224785904,0.0011788121468201635,0.1718179352673703,30,3.049352509080851,0.016030869367289122,0.3905458475714756,24.63432467872623,535.9890028293811
722,276,0.05696440155132449,0.0026839692930295893,0.13655904160343915,30,3.1531698313496004,0.01568700613077812,0.2569834727083923,14.246863638081006,323.62614451714023
3531,274,0.05247544579531729,0.001101505779373181,0.16293573754709653,30,3.286654907415051,0.01477261250022454,0.1933158989092569,17.399456064406987,382.28473853388607
3587,274,0.06474479457602374,0.002380916890304953,0.21663956339789514,30,2.854223735909061,0.13086770890907884,0.312120374872632,14.043887983382005,573.2895831126806
4119,273,0.031320353974971925,0.0026443576308649063,0.5878407727145446,30,3.0391964358766628,0.020930294879194594,0.2749204138606154,14.868153393671555,429.256778082625
3115,271,0.0464039263691632,0.003473728639632072,0.37661516708695364,30,3.254129499490501,0.01787391418278085,0.1992249493855938,20.311377734658166,576.5406786206462
1550,270,0.022587727467775973,0.0019031847212986333,0.32117488900665164,30,3.2038039249927426,0.018187832566503935,0.2182724368000245,14.13240806521782,509.3184162527393
49,268,0.1887754633630243,0.0008904231072513167,-0.010596317842208066,30,2.4801966867430814,0.05170354406302733,0.050458154962788104,134.47900654086976,1707.9143210782104
5061,268,0.2871979270256902,0.002726830932494961,-0.14563265227478162,30,2.0659839196646144,0.10724531610321822,0.0861190229092336,53.93258873209908,1020.8243149164371
2393,267,0.14415619525923354,0.0023823890844345604,0.11744377842029378,30,3.171273829926477,0.018877423468631603,0.3273364797165526,15.138711810731095,410.6008749584912
2522,267,0.07092997350318019,0.0017120323643151243,0.2715671714481278,30,3.145022483647008,0.01727561426116517,0.4174421635380365,22.727846869389733,472.4081610688857
5050,266,0.043061291799782284,0.001261622841805366,0.2882648390649669,30,3.1030221298906557,0.01643142267822615,0.3870942644272488,16.713919462500193,510.3792105941709
4220,260,0.07678480942476416,0.0022344841271943606,0.3640907407633787,30,2.165361242389754,0.12454256836822149,0.1184735062314119,13.189678420575586,1092.983449645471
3983,258,0.07614719883090895,0.001918115830095025,0.320359652227769,30,3.131006779640523,0.01732664306410202,0.38075869749003094,15.092151548547394,376.37629436683756
1613,258,0.061696952526170974,0.0017031148092049467,0.2453123442163454,30,3.0631494780195787,0.015378732933178024,0.4175553886794515,16.367650423511762,507.0751659098813
3192,257,0.03264234216785133,0.00369014858847709,0.44611414841958924,30,3.074831876500013,0.014215657483499825,0.4391574779874269,23.742794445128588,486.2059524763101
59,255,0.16191199852124355,0.0055104034801922415,0.33396777326919375,30,2.174715145694323,0.1095681175338109,0.1495768355559264,82.00133532541624,775.2767141680764
101,254,0.12882827824652168,0.0013419318574659303,-0.05516116120595371,30,2.903104873400754,0.040803927446163596,0.0576133682971402,13.628303057187424,2033.276564201694
3191,246,0.09702152991902356,0.0022934222236328525,0.26060879243274543,30,3.066881300500077,0.01722844709641052,0.37152363306068703,16.002555613082038,390.2964880610524
46,241,0.25380262282959776,0.00638036645056185,0.33404904172988237,30,2.117368692077408,0.17999336501134694,0.0783293370109003,87.62679515927279,699.7315163514924
1713,239,0.21095326591219993,0.004098849168772706,0.27187610139480667,30,3.0677478584585343,0.019472513006742746,0.4267725298511782,64.08243510066899,426.2376181291187
504,237,0.06078561884113909,0.0030933812762443027,0.29905203871112196,30,3.109875989702591,0.015650830290032943,0.3923537876900247,13.648535315719357,535.0704469011631
1305,236,0.2330699146943838,0.0012793822104012447,0.0765009193139163,30,2.132699996790679,0.22153830942901526,0.09133485757331915,85.26924019058387,628.3338817730524
1654,236,0.1503035101389895,0.0018773954368939555,-0.017739504494314256,30,3.2910328162696074,0.026284819850990928,0.0754334533724865,46.457301202414214,2144.6129423008506
4396,235,0.10763436893627773,0.0074133185547471635,0.45870657729536607,30,2.1280218093788545,0.18630806792154125,0.0904567910686339,16.033850191808753,611.3381241338111
1143,232,0.17410295504550224,0.005724813578664104,0.3303603547832828,30,2.0937229374104698,0.12538475062839147,0.08301555631864779,91.64582519448085,690.2584461084383
3468,231,0.23813789529113066,0.007479698264262969,0.388850598273627,30,2.936905934542066,0.11742020346891124,0.3681841268660048,92.90688895432872,546.298709850827
1053,229,0.06558811750678624,0.0009431608309098436,0.17415086824943732,30,3.0476273483418304,0.014509486964366342,0.3932960496505374,17.49112161920808,499.01357394516674
5142,228,0.04560594837863786,0.0007166347960379193,0.20339500192712592,30,3.0666265980317755,0.015397927787267084,0.48104291886380635,26.211329873805816,512.5402091066753
3676,227,0.11375147276848661,0.004200170111580279,0.15201978342404332,30,2.8847046393703075,0.07075303945579038,0.1075033952610666,82.98024300404647,1635.5857900928925
1474,223,0.18196163768583773,0.0063608453176575205,0.3597224846822061,30,2.14660680891476,0.11491231153800459,0.0612278731371408,98.27194193382532,619.2790867601763
5241,222,0.2781144201207367,0.0036036973384461915,-0.0713538024931513,30,2.19677243080963,0.1460751587000531,0.054795928747804604,91.59084890675364,1189.7253360738619
157,221,0.0882873843358579,0.0015346933373803903,0.025706387867901304,30,3.0834115418235206,0.01875828229982358,0.331204210970357,13.405574569568063,626.6763133934345
5248,220,0.08367754132878451,0.0013731296941519395,0.09909181945858328,30,3.2012472648382193,0.035626069787788386,0.0598385939810702,99.17355604560021,2002.5906796321945
2949,219,0.2740583030383969,0.0026402613398060037,0.06815232345687641,30,2.013457954036791,0.08808011690874622,0.0686529186400771,189.9559300820786,744.0664083804036
1336,218,0.018200221625805493,0.0021516430499835615,0.41534920699414274,30,3.169273196521674,0.012908007200794797,0.35648353159484447,15.829662721705603,415.1965239359349
56,218,0.09181945192873864,0.0013381844176988502,0.129617837959314,30,3.0573510017414627,0.013383038337957133,0.39572354942651755,17.194178691040655,511.75984979543216
4888,216,0.10739044515519469,0.0031478660874572776,0.14057033715693498,30,2.6656740079766204,0.04267394287005731,0.016687435202154398,348.69782810761683,1824.0521027009208
5233,216,0.06046875485985118,0.0019109098139708655,0.3706841281009431,30,3.1079783300464383,0.018079463075435828,0.39850821277177273,14.831373056579517,385.5771802490549
3494,215,0.08314912734784408,0.0032082077046315916,0.1676975950431326,30,3.2175371365492618,0.04672466529834068,0.1042600633090037,14.853876027619313,1786.9581072017452
2398,215,0.05253433737285695,0.0020832676266934343,0.3440074781320384,30,3.074698942157697,0.01915543103291403,0.3560011561020506,14.350264061796798,527.6588726740055
5291,214,0.24341852822218743,0.0010409303651600912,-0.04652393014836501,30,2.5381523886046944,0.09530836983575999,0.29095775676383717,129.70506202170304,1015.2306939322805
1607,212,0.12270275938759118,0.010055460044692145,0.503427308065062,30,2.365086352087144,0.12802461462882073,0.05621310737608835,216.05845283173963,1441.9119630811572
5304,211,0.3595433657191541,0.002623559716136311,-0.2027853662397434,30,2.409777873959536,0.052258659196604156,0.047314791037337,102.29180164979299,1516.1414800223213
5230,209,0.21961602621574142,0.004996575323319293,0.06876859716161803,30,2.2711592119292643,0.10604128844734644,0.0532982032290611,128.02809631462597,1414.3983469200691
55,208,0.09088287840551768,0.001551566595902339,0.19295564716695257,30,3.254115458635133,0.05855622678475924,0.12955470258505897,14.199395044759683,1661.1506208975857
499,208,0.10448011807238253,0.003073377242336041,0.5057101490635991,30,3.1526181212372055,0.01619186663009398,0.3539026022529771,15.351984207778921,356.87258905308084
1065,207,0.09017755856933221,0.006520551632524402,0.5870158474773807,30,3.119915835536488,0.02202225296008394,0.4065561950342153,15.231983968420016,487.3218044422027
5232,207,0.05923148215234078,0.0014135371594063324,0.12774262246555845,30,2.475801510025807,0.14929843525368103,0.180536413840768,15.15702058363762,695.0672621078693
812,206,0.044952591938240104,0.0026968172388089377,0.5898739141001746,30,3.1016549993000258,0.018747837203665452,0.437354346482563,15.57699840144981,555.8952596705956
131,206,0.3208059983889245,0.005989171445295094,0.2626745487976416,30,2.577694138524997,0.11349556758560693,0.30077796327114237,173.91190856044338,802.3464651949067
4181,203,0.08361775152457267,0.006361069642108892,0.460524370975181,30,3.0827176734417265,0.021411301688031396,0.4357413152332915,14.749616948850989,444.6592133758073
1117,202,0.24512153720269333,0.004357905366575166,0.28470083365307186,30,2.8071084595155997,0.16822581596558484,0.2706434302602319,17.03171478300807,634.314211979306
4850,199,0.1170325919964155,0.006108102315473724,0.43741202057456946,30,3.1707885154587934,0.022338827498521695,0.3015322806329965,13.443964569225972,367.4124734447652
4382,199,0.03429100953528613,0.0007750261733768803,-0.020154059824127633,30,2.9402490829593724,0.04848434372252527,0.150843039360336,16.00865591441631,1796.019789322205
5124,198,0.0716063439538604,0.004286945289838956,0.36417170946474275,30,3.1040643023320063,0.019038176126159746,0.41426977560060163,16.466718678936793,459.7099199783163
1436,198,0.25513835448208827,0.00507361976791271,0.15622714301188712,30,3.109135061914694,0.03066765939825869,0.4095498146819616,20.856224603035475,525.8923449425727
729,196,0.08844775776599105,0.002780250303342402,0.3456729766475993,30,3.0868535722893893,0.015556889119859373,0.36894955885749603,15.663747120594905,399.93793909505916
4075,195,0.09326439748101543,0.005337099728073028,0.46694020582109236,30,3.3420676176233823,0.02769353369795456,0.1082660298612235,16.407530455517087,548.0055251501299
1191,195,0.15194175702423438,0.0038759634257899862,0.2530097972050504,30,3.044639070916724,0.06267881125461386,0.1276431707845146,39.54804996246042,1672.6013270489514
3939,194,0.04625543819980264,0.0018338846422259855,0.23584988748735808,30,3.2011528276275296,0.0319826519175377,0.16750670902513703,13.343383629341133,454.64188585339554
1858,193,0.027837996166907443,0.00048516161338129233,0.039092941712048995,30,2.8413300902970864,0.03550381527877972,0.3816814134821677,14.638207793480609,387.241000750351
3657,193,0.2508050480968566,0.002459094081408863,0.10488713866969071,30,2.689604543932012,0.14255562601467403,0.377821816109696,76.70845909154757,500.8873853928817
75,193,0.1662423005219792,0.004264600890220064,0.1250609468080104,30,3.149314499725586,0.037256395440368364,0.4119365436387469,15.079428182545378,510.6720450775729
5382,193,0.12922769427096809,0.0047709096227311655,0.2960633171265475,30,1.9372312154919835,0.07850969233515574,0.0885478432543861,51.78658928953944,619.9561332907947
4436,192,0.20717661815114655,0.0030975291097797993,0.18784114481589356,30,3.069018405186645,0.014983505390990453,0.40655912548641804,17.292055281357985,467.26987278442886
5399,189,0.17853655980421201,0.003224676883164234,0.057011932502532905,30,2.478976004090432,0.03849478628890021,0.0620833666012723,73.67853186256075,1559.82241715767
693,189,0.053162792621967714,0.0020740881104339593,0.22591902187382773,30,3.0320523339474583,0.02123898502329654,0.2113884936699449,14.162189986194715,632.550533481394
297,187,0.09577713899452879,0.0015604336217995307,0.14293357098324952,30,3.0610518473707584,0.01618142017456461,0.4432336567597063,16.261052952377785,549.4298534385418
1904,186,0.10490452104272793,0.0028401756075719727,-0.08131354257813599,30,3.0707120591105186,0.019576567833644108,0.3238939329506826,13.491278281821133,602.1573677240001
3780,186,0.09285249270080476,0.00126118806062564,0.1965836682164429,30,3.1992807929258333,0.025693391549981272,0.21617877267680763,15.019935244432983,520.9179976209612
0,184,0.06973455251727491,0.0013078023264896483,0.17481764379239306,30,2.999722033568007,0.05423020782437719,0.32170654589456055,15.52200600288296,557.8558262855611
1961,184,0.15584139979991596,0.0032852789931388086,0.30514809443225,30,2.44904324717639,0.10963443659665123,0.09149952347740514,140.33388039059562,1330.1487114964752
2559,181,0.21452144310574767,0.004762103190829065,0.2753724291748087,30,2.112364861489812,0.08090210845344843,0.0624237127167086,102.72317471343823,640.1530667239923
2571,181,0.14814847163136574,0.0036447753281590046,0.14840863907256413,30,2.83105857136434,0.03108306869574227,0.0549908429732318,82.16845346509928,2009.7955336960647
3228,180,0.06128653482769122,0.0015286279852396666,0.2203952787276225,30,3.269123166650551,0.016510734047389185,0.12805680540160314,20.51013734230392,488.565014697563
2515,179,0.03460766573697399,0.002060677137174957,0.42055502464211225,30,3.4368211244783606,0.01847394979029097,0.0556454952103299,16.787985724749063,377.4391616447271
2684,179,0.4645399526741187,0.003944596994782487,-0.027036406768907513,30,2.959417769998152,0.18915127293257475,0.4303959596187116,215.82027684630825,550.9747956411768
2669,179,0.026262168609848223,0.001541828253169104,0.30652883065767106,30,3.134967567236506,0.017954629110511718,0.3941311425868588,17.561226513251373,390.1650386157818
16,177,0.01750389869236062,0.0005892948086048938,0.08929829657893779,30,3.2658864571423574,0.017146938968023447,0.1981382639681145,14.160123784082238,385.4068568007362
4195,175,0.5720304925488089,0.015349589679413779,-0.12885143464463866,30,2.0342910118634983,0.06089529508232797,0.0804873982827618,201.51956900298444,354.50203629356747
527,175,0.23253586989857955,0.005466616160698784,0.31914769046715674,30,1.952988600007397,0.24450609441565765,0.1406173709197455,45.16423408810508,684.2592371478131
114,174,0.22126201098647816,0.002196735382694996,0.18731332922812258,30,2.2238609820026536,0.16803074320439604,0.0742189810424902,106.07588424305234,1135.0386459697334
18,174,0.02726116108115513,0.00047232625233165326,0.003905065932196842,30,2.752227119730837,0.02568449359541693,0.3610977991069675,14.493440002342929,348.48561581796264
1528,172,0.36427949961447337,0.005267694604491107,0.46008773810906983,30,3.1130988427313686,0.021413850171374847,0.3850133237338908,246.50111881385254,409.1659400802486
5112,172,0.15513232462474077,0.00796838589683961,0.4522753613717185,30,3.151849930214251,0.021089137523748507,0.3379786164701736,13.267574151004009,287.329923052961
4191,171,0.03777063323778656,0.000498551752971626,-0.00930154674725173,30,3.0355601959372844,0.020586523450368016,0.3345266950565574,16.44505415087036,565.0615109823683
4933,171,0.1483906101655128,0.0018184613961264695,0.06828188220552361,30,3.1766191290283907,0.018380193240459308,0.2401238699742583,14.294958662383802,497.4183265053821
2867,171,0.19008801527875152,0.008497085525301385,0.3611156650089936,30,3.121545709908413,0.031200065579021316,0.0657517508859991,76.52001051957357,285.858973126595
33,171,0.09754119252952362,0.0026594146413582674,0.36003166156572675,30,3.048716773848932,0.03810360118325993,0.4086907811603952,26.473049140991375,503.0417332329976
4998,169,0.24778009205674187,0.006748349475420109,0.0676820784694526,30,2.1984278354858606,0.20320379870073843,0.2279543562320073,80.54384245157782,535.0972541188545
1985,169,0.7165754241462138,0.005404955537217389,-0.09589013915926291,30,3.077971112215497,0.25567214176248426,0.3451978112825459,97.70833065879506,401.0588044215109
1748,168,0.16577787935828878,0.004473214930670772,0.3268876794049512,30,2.762738715642345,0.06797133463386577,0.036622211714711195,129.35273080335233,1917.4081467725464
3752,168,0.022387313235630882,0.0029614757557632,0.2904865958114679,30,3.1675696746306667,0.0139809894291193,0.41016678038228394,21.28085034309748,514.2697418346177
546,168,0.12016899594362229,0.0061984359004019374,0.41712897638501917,30,2.9067658605264626,0.050280444715258485,0.0848297962341092,76.97128063823983,1740.3104692486636
169,167,0.02898456296669969,0.002801218942796494,0.6093729506463763,30,3.3114686569067926,0.019208737454867862,0.162362122616888,16.578009638136823,341.77547973997804
1940,167,0.02542874388773418,0.0020728397388607134,0.28038810924255836,30,3.2290235053006247,0.01833790154327646,0.2511122211500336,14.468518481062857,372.967490681483
3229,167,0.13117392462390529,0.0028177315388280837,0.29992599487218796,30,2.314711088196691,0.11052437974146585,0.1075977478981845,116.99236230759307,1066.3141996674835
2958,167,0.0852543979062859,0.0018820604571211097,0.23865092276781522,30,3.082108204882124,0.06353129639230355,0.3966927926748821,18.326242718343316,586.717371337002
3044,165,0.4741353422400912,0.00256665984638758,0.023507940678483406,30,3.0747086806287385,0.06277611583637994,0.2804072112578835,17.026171231857155,557.039174032402
3856,165,0.062042891177763786,0.00837441820647408,0.4586115921839937,30,2.967170023949502,0.10537721621920929,0.3217717809797352,13.836850970787548,542.1644959877133
5493,165,0.02667082116515496,0.0008172656732993756,0.09325835068278819,30,3.2337424771376337,0.017209720911374446,0.1724870937457257,15.074709037310777,521.5542954755077
986,164,0.32099163999991,0.008865954672250915,0.36639394352613514,30,3.0343679653367297,0.03083289528265719,0.3898959043470216,63.66969614058427,506.5507391081518
413,164,0.021107909771747604,0.0008819538701291458,0.06254246068949326,30,3.112368205434649,0.022271102168161236,0.2686506312577533,14.51647718998209,478.0183034419577
4029,164,0.10012048767367147,0.002683435898651802,0.2933493627614301,30,3.0809608102915385,0.01630559617470143,0.36400923133251917,15.568925723415983,416.52134253990675
642,163,0.05019905940305575,0.0020388898930863773,0.24359336615471822,30,3.261265757606499,0.01360615336647614,0.2447008331948394,15.600471819145943,528.5858644596673
2176,162,0.15242308446152442,0.0034702304453028145,0.08652380269490434,30,3.0551479784006537,0.014780840019811387,0.4066603746851597,15.48674452703958,473.2270658429154
66,162,0.1362964918765829,0.0030257532220828794,0.35950794651633494,30,2.7067351565837168,0.07658561740846909,0.07014516001520925,107.66251973531291,1380.5885221413014
1051,162,0.00835678171820775,0.0011581531702513515,0.2736081120930614,30,3.283596607224008,0.015529195299946869,0.14998991989560675,20.335238682823622,289.1214602428976
2549,162,0.4935083308333176,0.0046877663694556305,0.06234234331913557,30,3.0160948289150924,0.14984805647749905,0.3492059948799273,295.26349560090785,474.9912642649945
44,161,0.2570541000254082,0.007490765891886562,0.41615062048047613,30,3.066294623620918,0.08677299422031114,0.4363051048449081,56.33025387192663,468.5169122509123
3885,161,0.0734288605685832,0.0021321630191120764,0.2337480791936064,30,3.027135471146189,0.022132304201039406,0.416441975675668,217.49020435167486,499.6930027859499
4251,161,0.17374398427082974,0.004705920330584994,0.11726639977168841,30,3.117036460609021,0.018427259314025904,0.3917766685839061,14.77334493925814,386.8345609640112
3128,158,0.174950935203865,0.006364675866362187,0.36718469368042383,30,3.0115039330061224,0.0391618122332337,0.37637126891496653,16.840673162858902,507.9173738197362
54,158,0.09220316841159394,0.005221394341925423,0.48549878873883123,30,3.126240945638868,0.015716006770885447,0.3813017670284103,14.419729040424178,380.92865160265546
5268,157,0.0576769778838422,0.001753147272268508,0.4694410031027566,30,3.2200860051813684,0.02037852785053572,0.2080979507180223,15.408376888908567,475.1762453535409
76,157,0.15151380889344712,0.010084390443074636,0.7308892070860195,30,3.1426308063715447,0.03617244044425118,0.3942047040051152,14.630224405706405,498.5400059136417
2892,156,0.4754965274985142,0.006166561315049181,-0.11679660263190308,30,2.8941760064576565,0.12096517110322672,0.36102933180557617,117.07932244450356,304.5556056647055
4023,156,0.05201919379898515,0.0005722600568927275,-0.005354409706729205,30,3.0840492351753186,0.019655271898029757,0.2856331969976331,14.368756207886921,630.6674182969448
89,156,0.30263885220427117,0.008088563140092422,0.17259489671680445,30,2.3869499170001185,0.14972641337914777,0.1826941863431057,90.24705471140315,893.2839666689116
4120,155,0.04941600959764019,0.0018064613498300491,0.08611300277792239,30,3.2437794720291784,0.019770603580607563,0.1430533648888854,13.18364106861049,514.5204047409425
251,155,0.13778255463045588,0.0037787634430058786,0.19883151596275297,30,3.256580898570796,0.02188230895903074,0.2464136658151549,15.655028888374842,259.8025610153359
3675,155,0.18901251040767394,0.00532023767313389,0.11737339003284676,30,3.1133830529232718,0.01916553070119295,0.399379278629169,14.679788176252199,399.9059062073845
5235,154,0.08742410162740048,0.002020085322786161,0.1492249484239628,30,3.296140738184342,0.02629504074653004,0.1382485462938814,15.692064779389295,541.5941413656283
4512,152,0.33275810468524536,0.0038018180706605683,0.1756078615504846,30,3.0264779254518794,0.046236529295146954,0.3299785458590133,15.644225948347124,592.113072506432
4300,152,0.10006267187861716,0.0012593480948990814,0.11109334461748423,30,3.070562328926155,0.02038944053841555,0.39581614033206364,15.889000353159698,489.42979205222844
3930,152,0.14056658012111026,0.005217994893512492,0.34403886468800166,30,1.97297341801502,0.17320769275118958,0.08158578374173686,212.76195053131858,657.0031065163439
3757,152,0.1293712439513821,0.005073030303641954,0.14971844409291496,30,3.288114853264368,0.054280745717017985,0.06482467796543309,14.208567078416301,1918.753515084809
5003,152,0.4882330176404391,0.004180816381233434,0.06644408794610636,30,2.057626122794427,0.06607972675341171,0.0773507794762999,196.04429747896657,342.30465189669985
5429,151,0.09175286582314905,0.003573482956306222,0.4079797483908087,30,3.3670898907994644,0.02697677962525858,0.0943554563723881,17.078378837469327,349.801603466583
5564,151,0.3492450229120879,0.0051277418872495125,-0.13405927362080242,30,2.0319303197681258,0.08520967809885208,0.0733683642879842,108.68092194914995,436.3813282492021
5101,151,0.03444427730043756,0.0019267123179803984,0.25965298688896776,30,3.0734874600423967,0.015421733801690561,0.411199126394549,23.717603588384907,545.9758924920493
5512,150,0.12457228562749617,0.0019277000317365974,0.0827368782144578,30,2.958443046294796,0.08146524907094913,0.22589106844384194,15.436867192663208,552.2044447279065
4945,150,0.019436193903869206,0.0027180595716410675,0.4896766774445569,30,3.2370378117122818,0.015044604266131014,0.2623019067264831,14.394358367761354,291.55632691304544
3309,150,0.19618062872231132,0.007244190942143479,0.431491959584385,30,3.164847891364201,0.016748865122556182,0.38148925601389794,19.21643044310165,397.6292710809598
1194,150,0.08059296452622529,0.002393470794104243,0.3262716142675164,30,3.0966870318910207,0.018719090612530513,0.39058365117466515,15.232584302579484,380.566160208753
53,148,0.3790193521594636,0.0041956082411343755,-0.05633662181275098,30,2.5040164657426134,0.09162635756653947,0.08127370385522086,119.57632958990001,710.8339039758458
461,148,0.17411615226670557,0.0037913217637598365,0.2253083626186884,30,3.1422772942871413,0.01801173488495106,0.3620739255000739,15.492896568491654,355.27172347511373
4117,148,0.17002626156341982,0.008819707807904295,0.2595229113692645,30,3.1295635351000377,0.017913282506322514,0.3731128727476518,16.606866810953214,395.38293224337417
1470,147,0.17430824311554768,0.006035553177555836,0.26038294713789273,30,3.005701733480454,0.04762532719881047,0.2032794360355776,16.040376530406103,579.2863441822939
2044,147,0.12548503833890054,0.0026277795533557577,0.08028260071363777,30,3.10995862514335,0.01702209831493509,0.4402304265020857,15.669047773588249,504.8425615238281
5242,146,0.1310034807184082,0.004783672766074615,0.3801282296764051,30,3.114893721748892,0.0211542536824453,0.4063036276283653,22.349151128974853,432.0581759799941
3919,146,0.25866972759670226,0.005181154772365765,0.16649679866696965,30,2.8138025801129456,0.12709898870142175,0.26165725071043777,16.898422808487993,650.4681275520383
4474,145,0.22985486224440693,0.004533413510669712,0.31790305281931264,30,3.042032041955101,0.0322185328839146,0.4025449956309601,57.92907953925597,425.540265561274
522,145,0.13305080725549429,0.006096044103392518,0.4927313697011297,30,2.352385466699208,0.16148317504527218,0.1565666796670198,13.1416905611655,811.7895938149376
5119,144,0.0441005803993231,0.0038317275406860394,0.495190323282973,30,3.075165415326369,0.019036116335734377,0.3692835998425037,15.581792029315519,398.76623272664654
3328,143,0.014761219425479349,0.0015632558532124173,0.31190651318740176,30,3.1767520795114943,0.0235637336734967,0.2332530426338292,14.927618846367746,491.8356408282367
4716,143,0.18328082979466492,0.004148532049993204,0.1793351402111711,30,1.936344405779787,0.1344671997987205,0.0991544021590075,67.99886431652689,603.2073780946092
2410,141,0.34183396956981305,0.013602060039355806,-0.18599788550080468,30,3.0424532435405536,0.0162629215440665,0.4361845162442019,21.869819134416478,488.7119852239167
77,140,0.059823545980442164,0.0023405752931285567,0.2514499242108669,30,3.318660417025714,0.014766653193992228,0.1446064930353658,20.93778752863222,522.1567367945811
1825,140,0.049825157817974045,0.0037808259413404217,0.41755128065176816,30,3.084165964252997,0.01510946104142235,0.43911507018579754,15.929746178524411,528.3221413630145
685,140,0.04399950218839405,0.003979619267347175,0.5132627607382344,30,3.363170067123362,0.016204262489554304,0.1075487592068239,15.452008355157755,514.1824860113845
4943,139,0.4705738467534674,0.00404699070381836,0.09918189032196607,30,2.997429525704012,0.05987828401709771,0.2751720340011166,15.340612572532267,526.1506418096584
5261,138,0.17598193729801906,0.0030111970617895914,0.08425667647470493,30,2.606268069162824,0.15235163199924634,0.1370599961735311,13.235901592746007,999.384861960375
1082,138,0.13753695138772912,0.009122157507226098,0.39550158488954795,30,2.0437623359756554,0.1483830833189222,0.07724475941262504,15.28457817978603,718.7511717189293
70,138,0.14527757635143393,0.006920169074535849,0.5620507397581872,30,3.113043920001118,0.020202089762549485,0.39589165182740016,106.29417405753027,340.29753897356625
3476,137,0.6048139598445644,0.012109253156581755,-0.4776786935285357,30,3.004525572040198,0.2073519010174207,0.3379485223100288,298.39240241894214,464.91092424899705
3470,137,0.02256944214297777,0.0020046915178319716,0.3587393779324376,30,3.355397255902942,0.013881669431229536,0.1069505802481155,17.953410100438365,539.7096138631165
9,137,0.016886125525120557,0.0005467828501147226,0.10552122361487148,30,3.0827531531679604,0.02348185341682127,0.2898148753520508,16.39589146210965,337.74846956881515
5630,136,0.4758448555854426,0.007991854921843698,-0.23515610665174744,30,2.1337978286879964,0.10542130156006244,0.0789984609554079,228.4421563431958,389.68454963254555
79,136,0.10071062281330959,0.0034224390208621295,0.44172990397393147,30,2.3755895043554895,0.06020540190181714,0.0767440244493172,127.26541933147988,1292.674953063626
1046,135,0.20931705171048437,0.008972621830617615,-0.01859242471439224,30,3.0358855674715284,0.018200061643403685,0.4246196296023129,17.700934375198624,500.9432330029524
2380,135,0.5754848414835362,0.005668314813890775,-0.18509311284893742,30,2.826348857315364,0.057052270572264564,0.2815720735311346,64.46279327335907,622.3338698779278
2090,135,0.12217983717178243,0.002512099992342309,0.14133282816105652,30,3.112682317357685,0.015527108946101691,0.3477296006975151,16.97197531535155,524.7979406645903
5648,134,0.10473813336808085,0.002359345729087872,0.29076489375609604,30,3.0748121597754077,0.014280746051073543,0.4046388299913871,17.216055364340573,460.3457793680978
5084,134,0.05230884520318788,0.005061954816857037,0.4180612385511273,30,3.113273870342785,0.014205657032893984,0.42439059458749007,15.46657770477362,471.9596184957598
734,134,0.07764025978203153,0.00042930648123550144,0.13742398225403255,30,2.7805761460052416,0.03428458100225988,0.04175578540220345,146.49632007813238,1943.7922096369748
228,134,0.30539815214727234,0.004105196911412346,0.21914648422151936,30,3.0041995202031244,0.1425603550094473,0.4353373680721423,54.784008663352196,554.6754209964599
462,133,0.04896830277236906,0.0031611634805902246,0.3898686356126156,30,3.0244542554557485,0.01657817940779854,0.4018170890099475,25.362394977885728,509.2125524607372
4579,133,0.40868104450060083,0.006155301696476765,0.036719207593429594,30,2.880704608769284,0.03674187579578368,0.3095167835402868,15.574721822402482,655.488463012182
2735,132,0.06948061532103861,0.0027183888793854962,0.40628100769986153,30,3.140815797748575,0.028081569065787536,0.21881981397056205,14.802224222633416,490.0289613070305
5106,131,0.01103645634789401,0.002891576178273764,0.40131310678877186,30,3.4325669682427487,0.017333229571332803,0.0609381834771028,16.176387071707886,356.0423674809485
2584,131,0.3961055484037806,0.006924354708689742,0.18085321052303388,30,2.314641506390348,0.18844600911226772,0.1451180923216843,126.2520812220669,709.9122148659102
4787,130,0.17794382236858644,0.004166553038036807,0.2203534191436635,30,3.0568768241001303,0.019612789522579162,0.4347345242320271,15.395840360064764,484.10527300131844
5055,129,0.05146511234826238,0.0070225022760256415,0.5914832177488374,30,3.0410084999712472,0.017367521768177588,0.3116160193954361,16.660878964657325,527.9465420339833
145,129,0.4165898582274707,0.010139677874914247,-0.3191246929587316,30,1.9479971091945096,0.18375261591880931,0.1022960816699066,47.662861642954404,637.1726166313493
5487,129,0.01590531120646272,0.0028012476352393344,0.30130624147633284,30,3.1771644379381327,0.010726591958047637,0.3485761407655322,16.03171761422109,407.9621608126743
1815,129,0.511339639034757,0.007132568142161357,-0.3573798992661631,30,2.955669350318336,0.03745913590818887,0.3589562453218514,16.141118562355658,612.6941554321323
124,127,0.042971701634957615,0.004376126932992765,0.5004026505237191,30,3.098642659799603,0.013964090267743267,0.3696489054950676,15.633766473941707,396.7904887979352
3222,127,0.024871927582950246,0.002210553200874388,0.3529128592983583,30,3.117161047542114,0.01547771064697323,0.4046352898554775,16.322234852555717,484.0014143345156
936,125,0.18323968590058426,0.0041897774790845225,0.26751270856045467,30,2.6305501261431194,0.06551171183781816,0.1700539959775387,196.41997647059367,1435.273362650926
1833,124,0.18432940955730598,0.013969949288264972,0.8161592941568799,30,3.112220737105664,0.019582817051613417,0.38006026343067567,15.269142816435673,397.0658608610528
3555,123,0.1967084812811312,0.009859727444324782,0.4462922917731299,30,2.2830475217779043,0.17495007415491676,0.2185566159880196,88.88757236304187,564.7976464690776
1187,122,0.018734197073076768,0.0009950037799209182,0.05134897447662265,30,2.879890864892907,0.011455666405929162,0.22449552979524567,13.464385207703609,767.8135578405066
2907,122,0.35662042116440534,0.011275684414191682,0.3259063201916354,30,3.131282091458378,0.035271482439815906,0.4156823752537091,15.484454261652473,498.71815221379916
4422,122,0.4071523158092393,0.00947679523048682,-0.33473021975518785,30,1.911415788263181,0.22817893216364718,0.11683339978818595,103.44955988123776,531.9138654197077
5677,122,0.11520171426879387,0.009083121171671475,0.6874098597248701,30,2.104141283178299,0.1459462017797098,0.1035525455730134,16.316694545250563,675.7920976118467
4581,122,0.08321695531492206,0.00667745624012315,0.41224195192459534,30,3.1177085092748302,0.025704716166597738,0.3595064073828774,12.80701036402728,411.9038359729035
4919,122,0.23742852739745468,0.010996460261525785,0.4119401672070736,30,1.92267948548818,0.08583046885132692,0.08828828621244825,55.699835352053,523.4638502545436
2645,122,0.11978621499294272,0.0038236258886664874,0.32429377400057435,30,3.16222524639643,0.03776185407376339,0.25629603170185444,27.54983726534389,258.1343217886033
1188,121,0.24599719296691372,0.0031320426799737386,-0.06251606888338,30,2.8450861465331605,0.04874642807874332,0.0517838750685669,142.51874677990193,2018.1619316345548
3801,121,0.5611279427770781,0.019395777391875903,-0.30152012220400143,30,3.0472470011002204,0.03239770784252218,0.343514781333741,16.887921810768248,476.6587713577546
279,121,0.00358350535536116,0.0012704201719288702,0.1431444819095692,30,3.1669528396102824,0.019724814177688548,0.2548291330119955,14.243218244980845,330.89544301125363
490,121,0.06596897298430644,0.0020562833031018495,0.33972500546214807,30,3.019084444259092,0.023396237958873755,0.3194514499145499,17.85456330120471,542.8045498179499
50,120,0.08828529160301814,0.0037204776016524516,0.22064680681582455,30,2.108611252986195,0.07812791808259838,0.0697111419500436,87.25756137543982,785.4733323630855
5238,120,0.12743255349869903,0.0025475763138384654,0.37490273108535166,30,3.104989852705918,0.015473128131232274,0.4323016645083797,14.588038633345345,421.19077951067266
2271,120,0.17743016570581682,0.003976204520022853,0.33996659306084537,30,3.2634961632166863,0.011598792112468692,0.2283675338582435,15.18225661816179,545.5254534433379
4215,119,0.023470948891416998,0.001731035992342465,0.1633263866104897,30,3.270950174528464,0.021917097821865416,0.1799893571728777,18.43028873465854,338.6531432755307
60,119,0.14877753222161338,0.010804268199437986,0.7365524971725202,30,2.849976714973665,0.03842915585980094,0.0948963605452254,87.49727650287325,1623.9538614292826
3954,118,0.04152491227108002,0.0037579367395587948,0.20822935339148188,30,3.0217422660417848,0.01586894728528071,0.3943797980037683,53.87985409352473,515.0263270764902
3683,118,0.07921468779490436,0.0008052800678271446,0.013690363890304142,30,2.923722193750348,0.021189800308671652,0.2582214835392155,13.573966278116618,599.2589693445528
4305,117,0.012200077408724018,0.0018762177740213252,0.402188373053647,30,3.45408353536896,0.013693077134388616,0.0550376011189077,16.238582808242708,384.752354438462
1047,116,0.05896247428435537,0.004154389517606283,0.39037860643114863,30,3.073588195225779,0.018144176656259236,0.4214775694391717,25.83968070745499,484.96014276413064
3184,116,0.6791575777204416,0.01806640690293684,-0.6749074916425379,30,3.103429436669611,0.05263154241968265,0.40800822600499115,57.235858063717416,448.32270436820477
4499,116,0.04709252111429401,0.00241129962884252,0.2765109372890411,30,3.0653005171567287,0.017400603401706266,0.40584169040938195,26.591987517247667,553.6217287500082
2965,115,0.21305259126306864,0.002681764091691723,0.33228805490578206,30,3.070638116711905,0.02460071010739506,0.4344422436939147,98.32668929443426,432.0685806649048
2629,115,0.21814360681374376,0.011559630103122899,0.4755901959001565,30,3.056515161748901,0.1621393304824163,0.2968751190137238,15.826298453197113,547.6676954669733
2116,115,0.019034042946150444,0.0007916980600397246,0.049327664397909456,30,2.9853130098281,0.01282622119415217,0.4241334826794599,13.484317493334403,453.6468237093307
2210,115,0.04610039791280112,0.0070226635595942565,0.5465414945118163,30,3.067510861735629,0.03369959438804886,0.3999661178868105,15.357562846745886,423.69686267402585
4719,114,0.06152277433435671,0.004035239202161035,0.43098295262149605,30,3.0459315927671713,0.03612772437592665,0.2887066599216601,15.86413906881718,315.1710220644513
3517,114,0.1815883282403758,0.0059852862258425975,0.36675359552365644,30,3.1134631297944164,0.021218836266825282,0.3829954909134522,14.236233960995229,502.5279852987542
2716,114,0.06171468848686988,0.002532555498726139,0.4212099234225257,30,3.0432332667388486,0.01340246989401272,0.4127677561999057,26.128746334181876,546.8269114526306
396,114,0.4252007620011214,0.0026554727647004625,0.11042168690358922,30,3.0724979966803687,0.22014751891925186,0.3693440868903924,42.29704733424866,393.44620640082076
5191,113,0.03915424856516538,0.0036740620022621753,0.6156916865345573,30,3.164235120993507,0.01566095271428904,0.353105696165448,15.902474092870571,322.8887316319112
1506,113,0.04623809733722747,0.004329702466614443,0.44616797037318834,30,3.265421225285753,0.019794809357047184,0.1911210440196914,15.361358322299296,343.4892966267089
5472,113,0.011115973020766959,0.0014655444574004305,0.11864362765939553,30,3.143620991973503,0.013468758149166841,0.4191498428119224,27.422427753769906,550.1033414973134
327,112,0.15731110680020385,0.012090306391211256,0.9387709511390903,30,2.9589104070918184,0.1203339237647904,0.3491985993617076,14.267483945446928,331.50620429292485
3379,112,0.050673979364948274,0.00225105278989916,0.13099628608695185,30,2.8408211955854927,0.09123960696432906,0.22092136471954427,16.11971612180666,832.1566996183952
4920,111,0.33146739834112127,0.003532901083421493,0.10720598303033574,30,2.3938186398379826,0.12110755994382782,0.2042266656547577,77.26506971633532,624.3889451213021
2851,110,0.16029243608781835,0.008159846276714984,0.35008718517835796,30,1.888468803896431,0.0704972160318568,0.10782999081431775,129.71559411655613,598.2911821720102
1614,110,0.07533451060902144,0.0034981807432625874,0.21028205696364696,30,2.9731531757182514,0.025623249367964285,0.4309584972810897,13.119255323252377,620.2386642295005
2919,109,0.01353234459796999,0.0005249015718272176,0.06293917408446606,30,3.027693698817347,0.013658730272574164,0.3710242558827549,15.667177289165254,462.0634568119028
4740,109,0.17351340729998507,0.013337183632038192,1.0804120173320426,30,3.130297088889889,0.01980251207058247,0.4066973876793549,181.82486182791854,378.28649506412216
97,109,0.24635626733539062,0.008500664202220658,0.12731459672476084,30,3.12360244438636,0.01820233297981212,0.330858516993686,18.671875034172615,528.821512018752
2753,108,0.17931652447162855,0.005133421256712727,0.2753044711787166,30,3.095538766974124,0.016922947998697202,0.44010803513525454,27.393435792372834,481.5937129866179
2028,107,0.2720038414877324,0.0062213085941632855,0.08505146831727539,30,1.9724143463218493,0.23742493425317013,0.1057680770897206,64.15061389067503,653.8131020560832
5403,107,0.33867396494707375,0.009368761605503784,-0.1029743168540046,30,3.128996300568323,0.24098489852561839,0.309762686541953,177.66392557639384,337.7035118902862
4621,107,0.1843072139968086,0.006813615355426286,-0.05627843934446511,30,2.891021948904223,0.029708608041640668,0.0562771850274238,54.28435521634321,2005.883501391445
3462,107,0.6249708099533509,0.020172068464568146,-0.01200267091213086,30,3.118473415233109,0.16102429303972982,0.4013493955178104,77.97335075218808,376.6710930427363
1814,106,0.03570331794992988,0.0005788243373615383,0.0376663753884531,30,2.8765787113714163,0.01717548717108055,0.33876463897217435,17.54513926380239,559.0923659740682
5206,106,0.3336403789369553,0.007270825200654161,0.25054252306572544,30,2.9956494687822834,0.0323276248891659,0.347058097967483,15.155679795038647,561.3970639140812
5066,106,0.025846388269081005,0.002438514861441024,0.32111091988968476,30,3.3577287235982403,0.013474022917087844,0.11158351195658175,16.91718137037487,541.2791004168769
4725,105,0.08239425706464776,0.005963700853964205,0.5449089319122324,30,3.112781021009111,0.0180295692052672,0.4378564327282434,37.22426769209719,468.48970641013386
535,105,0.34049185996611203,0.007123445034316721,0.21183825618831528,30,2.9941247410191454,0.04552332159559119,0.3554981199812832,13.335445892298845,353.11199856777256
2447,105,0.0682911153767446,0.0020334757660551575,0.1804732796841447,30,3.047025196778129,0.013440298459211679,0.3957783284861425,144.02761414203067,519.5225624609213
1409,105,0.044117979541559674,0.0027630654433426624,0.3869160940642971,30,3.352306517762353,0.013756338969111994,0.1155156177112421,18.951972354554268,535.4538817327694
1292,104,0.21676524309197695,0.006885316696958701,0.4612798512682584,30,3.2532387103218325,0.02362533901225923,0.2113639059621399,74.58872478244274,234.27230058241543
3498,104,0.05558074680007304,0.002198233337405454,0.10138025495419264,30,3.066647897365481,0.032132829454736486,0.2628249009030823,14.183983462025973,640.7679622296696
824,104,0.08657300326022829,0.0031782920530933,0.16153248631175351,30,3.227701861946046,0.02069804364646215,0.23046698590240317,13.904236927709352,325.2837779183683
2150,104,0.1171626503497577,0.0020596651048443025,0.1950242815200808,30,3.270363723800129,0.01089240156106446,0.19741182138203411,19.888962273683887,572.0001465876812
5505,104,0.04201088913107186,0.002667063619106966,0.184205258527833,30,3.0281484822736475,0.012694604781369157,0.4102924284308225,66.99572940494906,521.580709000468
1242,103,0.39858435195522496,0.004247666239649506,0.23336727399204274,30,3.092136677610473,0.018434914080533254,0.3965569248705279,88.65311321171859,437.4659320992959
4659,103,0.30906756530299867,0.006906445095761935,0.11849742098912071,30,2.931014256297205,0.06306358489364906,0.3106577643664342,15.886958253082991,563.3519914146227
4421,102,0.3506789253867295,0.005601025586676168,0.46326669028557466,30,2.9420089045632523,0.13361550253767404,0.36022991888602063,69.5950024239981,504.4988876078841
4815,102,0.39135426454842565,0.01057670748524802,-0.04743741195730224,30,3.1428487628033057,0.019045037339842658,0.3848606170682909,160.856235359974,381.11669560941243
4239,102,0.08652697938495399,0.0036438005245667967,0.1666891330123525,30,3.11354363137695,0.015416298544376776,0.4182048446278082,14.35875516838929,439.1696583650698
3534,102,0.022360325817586266,0.0021285546246757395,0.31261431596668604,30,3.0090542785134957,0.022288825056307277,0.41350195505959475,15.418948538837054,443.4340179998678
3404,102,0.2870253809077391,0.01284783338778003,0.01112418890425977,30,3.176876305117929,0.016753095177846882,0.3173575119589171,14.373049136470922,396.3169256442635
3139,102,0.5413843465456106,0.007811846390079237,-0.3262410029083482,30,1.9437481903217504,0.15105773255959828,0.10884055060410669,202.32810407026153,625.4103154444939
5264,101,0.8640754275123069,0.025805857269419585,-0.896940899466315,30,3.1017976174121604,0.01546399157643477,0.3739940804345338,16.778349915041577,400.4230342166948
2495,101,0.11262653441399365,0.003748615367465127,0.2758647792878364,30,3.2185553014766497,0.019249029774075502,0.2575829702389582,13.785802936943565,344.0056138392545
161,101,0.022946846389344473,0.002543342032492363,0.4047977709873433,30,3.161067373336973,0.013280361226797231,0.3713321590881462,16.39589146210965,405.28335342185807
1342,101,0.09967628355442207,0.007824672951184844,0.5586815442413778,30,3.106449233197387,0.01624581152551454,0.4263147891512945,15.986440196942416,503.7398739581166
1935,101,0.11308363894630767,0.017590579895303896,0.7808265673812043,30,3.090937626495528,0.032922020781984515,0.4074594595644789,21.295034711798394,420.1550640091085
5327,100,0.004622236600315034,0.0007576774062458837,0.12769545899660892,30,3.174208469233271,0.023733992856768235,0.17797722346678352,18.53321874804554,258.31249883291866
1097,100,0.09219533151904881,0.003791671082860512,0.025574026017567694,30,3.1942836418396094,0.01610353539366222,0.25117461437049027,13.675860020569047,353.25022026717636
2987,100,0.4191262169126885,0.019800340237899228,-0.0053037271331169665,30,3.2022282020363546,0.01846508677868499,0.30783316323082677,14.361208559237038,375.383083619961
2990,100,0.35238138828983073,0.009778506778105954,-0.3225344597498841,30,3.059246877012333,0.017640929930597734,0.4647767828134879,129.71031534112547,502.87375806181
4804,100,0.25257207761208295,0.0038680629228132193,-0.10124632353204525,30,3.0455598382402354,0.019790799988785187,0.3912446004838825,13.700769621071125,471.778565079981
