t_s,M_px,R95_px,R99.5_px,Rg_px,n_comp
0.0,0.0,0.0,0.0,0.0,0.0
0.3333333333333333,0.0,0.0,0.0,0.0,0.0
0.6666666666666666,0.0,0.0,0.0,0.0,0.0
1.0,0.0,0.0,0.0,0.0,0.0
1.3333333333333333,0.0,0.0,0.0,0.0,0.0
1.6666666666666667,0.0,0.0,0.0,0.0,0.0
2.0,0.0,0.0,0.0,0.0,0.0
2.3333333333333335,0.0,0.0,0.0,0.0,0.0
2.6666666666666665,0.0,0.0,0.0,0.0,0.0
3.0,0.0,0.0,0.0,0.0,0.0
3.3333333333333335,0.0,0.0,0.0,0.0,0.0
3.6666666666666665,14.0,27.242554592095715,27.617025493900368,2.1152989849944066,1.0
4.0,18.0,27.1145303521625,27.604223069907047,1.9914942587705469,1.0
4.333333333333333,22.0,29.045474486729912,29.19174933034053,2.448646109301024,1.0
4.666666666666667,32.0,29.130659718982706,29.735728653016118,2.810068393295793,1.0
5.0,42.0,29.199299731744308,29.965737894972282,3.872544207553451,1.0
5.333333333333333,55.0,44.78146416010606,45.56550604444742,7.916589966280612,2.0
5.666666666666667,59.0,30.62999451717501,31.21310775096541,3.8631428203530445,1.0
6.0,67.0,30.747227240057487,31.812676384351047,4.176491720571546,1.0
6.333333333333333,88.0,30.564621682407875,31.748103038001393,4.48244682572527,1.0
6.666666666666667,77.0,31.272926350144328,32.13147636437214,3.9755535643088105,1.0
7.0,101.0,31.064449134018133,32.10905278168674,4.660369851443121,1.0
7.333333333333333,101.0,31.400636936215164,32.90879348607591,4.615751960426424,1.0
7.666666666666667,115.0,32.50986966581184,33.498539412571816,4.900059796710868,1.0
8.0,123.0,32.74597638094946,33.693124058259095,5.218904303176943,1.0
8.333333333333334,192.0,32.89815803083966,34.85885808689269,6.246921985121508,1.0
8.666666666666666,161.0,33.421549934136806,34.73611783924285,5.785460065161632,1.0
9.0,189.0,33.60952166989509,35.250699370931834,6.200448712304944,1.0
9.333333333333334,224.0,33.523099203242836,35.20162946824111,6.639284453527122,1.0
9.666666666666666,209.0,38.816012027642955,43.24786654613176,7.247106090763464,2.0
10.0,218.0,34.73036585828703,36.19876514984257,6.548817027593912,1.0
10.333333333333334,230.0,34.6936526945045,36.01919240430787,6.832842129670356,1.0
10.666666666666666,283.0,35.38078472925017,36.529828712873716,7.555563593994132,1.0
11.0,274.0,34.94852293472,36.340248678820856,7.418215172899108,1.0
11.333333333333334,290.0,35.96163551109337,39.048737718114936,7.6690042792371935,1.0
11.666666666666666,302.0,36.12201342924518,37.90658078381089,8.038986349152676,1.0
12.0,313.0,35.93034309657786,37.31577715346697,7.971456648538678,1.0
12.333333333333334,315.0,36.28219192216731,37.771895502825714,8.3064788769267,1.0
12.666666666666666,354.0,37.206853655209635,38.97278677324051,8.923956391079605,1.0
13.0,381.0,37.20215047547655,39.449770441776444,9.069322800561665,1.0
13.333333333333334,385.0,37.58723149796238,39.50842223668047,9.083302940505162,1.0
13.666666666666666,389.0,37.58457073749975,39.1327888247715,8.770420105814882,1.0
14.0,481.0,37.21558813185679,39.77846633865283,9.963650378384745,1.0
14.333333333333334,442.0,37.79880675213934,40.17837472417884,9.421238542405016,1.0
14.666666666666666,448.0,37.7220047208267,39.60162241579134,9.715739678316378,1.0
15.0,446.0,38.28511418311729,40.297324083531024,9.915258845852335,1.0
15.333333333333334,490.0,38.35420327163257,40.27261022292418,9.942757028415917,1.0
15.666666666666666,483.0,38.944831061139546,40.769206719093646,9.987055306703057,1.0
16.0,488.0,38.617351636509504,40.416166708937084,10.06259133740122,1.0
16.333333333333332,602.0,38.99743420941504,41.88030509098789,11.110724490121186,1.0
16.666666666666668,545.0,38.62123629157226,40.70970362938988,10.628463134446399,1.0
17.0,660.0,39.853478283593134,43.137661251648495,11.63737872387514,2.0
17.333333333333332,636.0,41.4758412041937,49.65268995754304,11.598157761417283,2.0
17.666666666666668,660.0,39.66861375233812,42.56367683698442,11.676543929823039,1.0
18.0,697.0,39.969985924300936,43.068176801837765,11.851377386296566,1.0
18.333333333333332,732.0,41.20436162545087,49.211019263870256,12.109108602122024,2.0
18.666666666666668,755.0,40.36697615783486,43.03876900648824,12.186680759351741,1.0
19.0,744.0,41.42220188624944,44.255546012647606,12.732108382103284,1.0
19.333333333333332,811.0,41.12784540253545,43.46032557760063,12.622465265402226,1.0
19.666666666666668,830.0,41.995829366993824,44.92664174375198,13.213615979880519,1.0
20.0,1195.0,70.06418761785034,73.06715410478597,23.04328592090237,3.0
20.333333333333332,835.0,41.901045098730854,44.36742663581051,13.027602929697855,2.0
20.666666666666668,854.0,42.26396627010389,46.046664597332295,13.187656452067618,1.0
21.0,934.0,42.05175344548639,45.35802497716356,13.534957947438956,1.0
21.333333333333332,938.0,42.822861916430746,45.75311534626327,13.58517845867266,1.0
21.666666666666668,935.0,43.10914280690696,46.12275715434323,13.689674965587924,1.0
22.0,1332.0,72.48310017909091,76.74587890643733,24.43700445828214,2.0
22.333333333333332,981.0,43.60045871318328,46.8209350500428,14.071718411682054,1.0
22.666666666666668,1463.0,72.24472152795227,76.80204928301013,25.351017005449624,2.0
23.0,1332.0,73.78651630640465,77.68967764276591,25.093061332614592,2.0
23.333333333333332,1438.0,73.57716973231011,77.19624277628253,25.63566444801557,2.0
23.666666666666668,1509.0,73.80650258450261,77.38862965578342,26.377921230196232,2.0
24.0,1471.0,74.65922101376626,79.27198359626831,25.881388248124736,3.0
24.333333333333332,1664.0,74.32933468174087,78.66259658956903,26.425509565402688,2.0
24.666666666666668,1800.0,74.7940504378512,79.62524566038316,26.89763323150924,1.0
25.0,1741.0,75.17978451685,79.62600072664641,27.025706548019684,2.0
25.333333333333332,1814.0,76.01348506296314,79.71157379959702,27.19591575345529,2.0
25.666666666666668,1871.0,76.24630567563221,81.0138863611253,27.389356079919757,2.0
26.0,1804.0,75.06330284457925,79.70448482764101,26.489446522825997,2.0
26.333333333333332,1890.0,75.7875301792702,80.45972986794064,27.07213269047599,2.0
26.666666666666668,1889.0,76.68115638718716,80.97752565864516,27.327475846286003,2.0
27.0,1946.0,76.96102827635292,81.06029642876932,28.100192637900943,2.0
27.333333333333332,1889.0,76.95712987041941,81.57229462310606,28.088281295218284,2.0
27.666666666666668,1922.0,76.2728643394528,80.97141268366222,27.125217793805813,2.0
28.0,2088.0,77.30749246472094,82.08074286812155,28.78853643314459,2.0
28.333333333333332,2199.0,78.7737263773456,82.9303280197467,29.365589782549478,2.0
28.666666666666668,2067.0,77.59186836888723,82.05509623095428,28.273741810007508,2.0
29.0,1576.0,46.17358552246078,52.20153254455275,17.2895220167722,1.0
29.333333333333332,2289.0,78.35175684313982,83.20600854285686,29.3542407583796,2.0
29.666666666666668,2241.0,78.23042886243178,83.46615086032017,29.11513550878423,2.0
30.0,2390.0,79.04270840754984,84.1907018099727,29.78093434018133,2.0
30.333333333333332,2313.0,78.29431652425353,83.8677321591008,29.00464462113694,2.0
30.666666666666668,2385.0,79.6442081954831,84.59030129242572,29.825408000568867,2.0
31.0,2452.0,80.77747210701756,85.98059747576148,30.752700689828494,3.0
31.333333333333332,2538.0,80.50310476666651,85.53134951517175,30.899979196098755,2.0
31.666666666666668,2459.0,81.47023963248768,86.6943307137347,30.774646102869774,2.0
32.0,1686.0,47.042533945356304,54.34211876265752,18.04124378056458,2.0
32.333333333333336,2571.0,81.5996253927277,87.14326876506645,30.9431710461508,1.0
32.666666666666664,2665.0,81.9231323767773,86.81981336528403,31.658019916525294,2.0
33.0,2787.0,82.46211251235322,88.14867778501117,31.979169160177193,3.0
33.333333333333336,2821.0,82.0792300158816,87.64414644046319,32.51944169575126,2.0
33.666666666666664,2857.0,82.75868534480233,88.58600047214408,32.34623208083572,3.0
34.0,2775.0,83.48652585896721,88.6112249680786,32.64452995519241,3.0
34.333333333333336,2972.0,83.3681580547637,88.59057503033263,32.610816705286474,2.0
34.666666666666664,3061.0,83.6301381082203,89.61528708662875,33.04686298425429,2.0
35.0,3042.0,84.01934075642866,89.89324220962202,33.26064080718267,2.0
35.333333333333336,2939.0,84.22707132269058,90.3434000967325,33.03661228515317,2.0
35.666666666666664,3158.0,84.11896337925236,90.8346552033404,33.861568261892664,2.0
36.0,3192.0,83.83674276007908,90.38121829373591,33.14473904815814,1.0
36.333333333333336,3205.0,85.4447189387438,91.41608165600428,34.120340993248405,3.0
36.666666666666664,3211.0,85.17921670036137,91.75783268409805,33.83971264102374,2.0
37.0,3153.0,85.99185932506956,91.5792382067757,34.07484607309212,1.0
37.333333333333336,3289.0,86.2820954308619,92.286475114893,34.1814418328035,1.0
37.666666666666664,3379.0,87.47741677971617,92.97843712803724,35.22692659520368,1.0
38.0,3189.0,87.23531395025755,92.65020236544281,34.44251117446886,2.0
38.333333333333336,3523.0,87.32124598286491,92.94275676703884,35.555010115898604,1.0
38.666666666666664,3512.0,88.10987418144524,94.38752268526623,35.69771431898835,1.0
39.0,3589.0,88.79639358069427,94.1269161400015,35.771367472017104,3.0
39.333333333333336,3702.0,88.45676855292487,94.3689302312078,35.95464311662261,1.0
39.666666666666664,3556.0,89.14454524488455,95.08956099165987,36.08663718119061,2.0
40.0,3659.0,88.61715409558128,94.910844206056,35.570280654844545,3.0
40.333333333333336,3865.0,89.19641248391103,95.49465409421039,36.408070803235944,2.0
40.666666666666664,3741.0,89.30845424706443,97.43971857641756,35.96356065011193,4.0
41.0,3937.0,89.1403387922662,96.26982665734123,36.328114888262924,3.0
41.333333333333336,3968.0,89.88297912640284,96.3452404964814,36.38155161632204,1.0
41.666666666666664,3843.0,90.60905032059435,97.42562611378408,36.63815352165929,2.0
42.0,3978.0,90.78546139112804,96.57080213733093,37.12975197741523,4.0
42.333333333333336,4089.0,91.08896734003456,97.13144759990323,37.61457779450839,3.0
42.666666666666664,4161.0,91.0,97.20184626202226,37.62743797249213,2.0
43.0,4080.0,91.52704505950284,97.55739075789747,37.844883153207775,3.0
43.333333333333336,4161.0,91.96738552334735,98.26492901955213,38.155164371056394,3.0
43.666666666666664,4149.0,92.3125126565136,99.22277334241971,38.15646889073478,2.0
44.0,4203.0,93.03601440625972,99.40236379256143,38.774419002302224,2.0
44.333333333333336,4302.0,92.76313923105448,99.36001796802127,38.41365945125863,2.0
44.666666666666664,4221.0,92.76313923105448,99.29602197197705,38.953031380020654,3.0
45.0,4431.0,93.40770846134703,99.7288824603737,39.12953680400328,4.0
45.333333333333336,4456.0,93.60956122031546,100.5396579684227,38.956355005293474,3.0
45.666666666666664,4382.0,94.25444283773953,101.08293557972256,39.82649207056524,4.0
46.0,4608.0,94.28785494699248,101.55173538580087,40.004089929918194,4.0
46.333333333333336,4435.0,95.37765434617634,101.6223844057335,40.17829217136215,3.0
46.666666666666664,4470.0,94.37160589923221,101.20154428989767,39.96777113320851,3.0
47.0,4588.0,95.0789145920377,102.15960494306492,40.01014717246135,2.0
47.333333333333336,4544.0,95.29113255611148,103.7586379893972,40.684422868620096,2.0
47.666666666666664,4712.0,95.94788852198448,102.86994145102413,41.40435954219632,3.0
48.0,4947.0,97.30878685915265,104.20561385627207,41.669081304550794,3.0
48.333333333333336,5023.0,97.18538984847466,104.31260640978606,42.23995012131567,2.0
48.666666666666664,5577.0,98.85848471426213,104.58871572622724,45.57406379189647,4.0
49.0,5092.0,97.99668332149474,105.25244308968054,42.70188433801323,2.0
49.333333333333336,5071.0,98.66356947838361,106.396648719988,43.015001568630225,3.0
49.666666666666664,5161.0,98.48857801796105,106.14703244608981,43.11462338135762,3.0
50.0,5245.0,99.31364425447514,106.28593107852532,43.07548726534024,4.0
50.333333333333336,5206.0,99.8436271498106,106.94262450257591,43.92112829260049,3.0
50.666666666666664,5452.0,99.95198401331159,107.95932011781508,44.25617134849649,3.0
51.0,5467.0,100.42410069301094,108.32524958887205,43.87054107345361,3.0
51.333333333333336,5327.0,100.08894534325461,107.49380777117264,43.71329027472643,3.0
51.666666666666664,5359.0,101.39280026360551,109.13606084692897,44.33989091975967,3.0
52.0,5809.0,101.41498903022176,108.66038638574467,45.103359717765024,1.0
52.333333333333336,5587.0,101.627751214836,109.29862582173189,44.52563918232732,3.0
52.666666666666664,5768.0,101.26154156589926,109.2099567377854,44.75484462908201,2.0
53.0,5689.0,102.6761877894043,109.65856099730654,45.477405833541695,4.0
53.333333333333336,5660.0,102.42070103255493,110.12392520312916,44.9764282062861,4.0
53.666666666666664,5880.0,103.48429618459126,109.77069278747314,45.616820454630805,3.0
54.0,5729.0,103.85566907973777,110.12501880722613,46.9366068713605,2.0
54.333333333333336,5912.0,104.20820480518803,110.59940782267799,46.427287784131124,3.0
54.666666666666664,6032.0,104.65873109469233,110.7634189431587,46.57201600253035,2.0
55.0,5839.0,105.1242110731037,111.60178855586229,47.306048250977085,4.0
55.333333333333336,5854.0,105.54785642017914,111.98663165269727,46.80497035475268,3.0
55.666666666666664,6152.0,105.52795709077914,111.63186895017334,47.245592337190615,2.0
56.0,6053.0,105.30622011348369,111.66512047995873,46.82131787912393,3.0
56.333333333333336,6176.0,106.04244433244644,112.1678413488159,47.36914117125992,6.0
56.666666666666664,6120.0,106.70684115327975,112.85358457915457,47.98049179356948,3.0
57.0,6299.0,106.62129242332813,112.86840193376383,47.4251836118627,4.0
57.333333333333336,6352.0,106.64450083964704,112.98228317042198,47.7538619543038,4.0
57.666666666666664,6386.0,107.32310935002718,113.53875874088654,48.014090040447364,3.0
58.0,6423.0,107.22826119098944,114.06138698087096,47.70272934142952,2.0
58.333333333333336,6464.0,107.62899237658968,114.03394202439469,48.07344576595763,7.0
58.666666666666664,6397.0,107.81465577554843,114.06235117007984,47.94528548318064,2.0
59.0,6631.0,108.2266141020775,115.10927997888243,48.34742950130414,4.0
59.333333333333336,6454.0,108.46197490364999,114.49106937471332,49.20494043718011,3.0
59.666666666666664,6784.0,108.4665847162157,115.1612120131061,48.9598830210011,2.0
60.0,6558.0,109.12447020409007,115.84351427165839,49.220641657033504,3.0
60.333333333333336,3436.0,67.62025565915533,78.99081506970633,30.31981081051145,2.0
60.666666666666664,6759.0,109.78615577567146,116.27553482998907,49.60866793886196,4.0
61.0,6832.0,109.79640190683479,116.29370120287822,49.330747475128156,4.0
61.333333333333336,6787.0,111.00720574491935,117.59400482414621,49.97962620178302,4.0
61.666666666666664,6922.0,110.6521576659047,117.63749372936796,50.40714030384401,4.0
62.0,6983.0,111.13820217910626,118.43094763035073,49.85710688972801,2.0
62.333333333333336,3419.0,67.05370966610765,74.02519818523938,30.46228613685956,2.0
62.666666666666664,7154.0,110.73436608855593,118.07971686928887,50.45917042015636,2.0
63.0,7092.0,111.39569111954016,118.25583725504787,50.81696344590957,5.0
63.333333333333336,7216.0,111.36426715962351,118.94229745973712,50.71132670191053,3.0
63.666666666666664,7423.0,111.5679162434865,118.99630199865494,50.79903881690704,5.0
64.0,7394.0,111.32093242248078,118.96232596668314,51.267926534721155,5.0
64.33333333333333,7266.0,111.64228562610975,119.35964481915528,51.38690414973878,4.0
64.66666666666667,7061.0,111.8659912573969,119.5366037351449,51.46948000276395,5.0
65.0,7475.0,112.0446339634344,120.52663471214683,51.50759402212529,9.0
65.33333333333333,7680.0,113.70136322841516,121.24279344942919,52.91755006067808,3.0
65.66666666666667,7606.0,112.53888216967503,120.7683733433551,52.08879685269978,3.0
66.0,7585.0,112.69516382526061,120.26969640284109,51.48550712602297,4.0
66.33333333333333,7603.0,113.06900535441883,121.33424908079334,52.01400031087173,2.0
66.66666666666667,7829.0,112.70669881372926,121.32443862957288,52.16831681589426,2.0
67.0,7400.0,113.11189135804302,121.56494147523382,52.7167052417094,6.0
67.33333333333333,7743.0,113.22455560954597,121.82840368531701,52.75618845686688,4.0
67.66666666666667,7785.0,113.43103564564123,122.1932883707005,53.142802546580874,4.0
68.0,7547.0,113.44161493913951,122.59412368007686,53.144079232615255,4.0
68.33333333333333,8190.0,114.09184727648089,122.80109932958098,53.804106266079,8.0
68.66666666666667,7864.0,114.06883882200519,123.45916212780847,53.477091010424765,5.0
69.0,7820.0,114.94868414045632,123.8868630263058,53.50527713296584,5.0
69.33333333333333,7867.0,114.28473213863697,123.30064550443929,53.30255232354606,6.0
69.66666666666667,7877.0,114.85817336120385,123.44601658380397,54.925533962158404,4.0
70.0,7747.0,114.23003063733292,124.02265875510163,53.613399298291355,5.0
70.33333333333333,7880.0,115.15901992943822,124.31982922345681,54.18587550685327,3.0
70.66666666666667,8059.0,115.26057435220423,124.90216138043957,55.34343698564127,4.0
71.0,7888.0,115.44522481123923,124.46563768487833,54.147116318180274,3.0
71.33333333333333,8045.0,115.97413504743201,125.0031199500816,54.61074768715489,3.0
71.66666666666667,7952.0,116.22650174061887,126.44253579506191,54.60306806726756,3.0
72.0,7996.0,116.62975458885927,126.43960780116223,54.873230565656776,6.0
72.33333333333333,8226.0,116.04309544302927,126.12196409848353,54.78261944490251,6.0
72.66666666666667,7986.0,117.15374513859982,127.22509575691873,55.388505928317116,6.0
73.0,8333.0,117.04187277415068,125.90623426425759,55.15591315371531,4.0
73.33333333333333,8316.0,117.15374513859982,126.6524772152744,55.53402612461541,7.0
73.66666666666667,8318.0,117.96100910993815,127.21041570949805,56.06532553511864,5.0
74.0,8710.0,117.88787043435707,128.4764133340603,56.96548683797664,7.0
74.33333333333333,8511.0,119.00210080324896,128.53034543105733,56.125442906920945,3.0
74.66666666666667,8847.0,117.8872341896646,127.8153746514472,55.96757646360468,6.0
75.0,8733.0,118.2404321276023,127.94272154590466,57.23507197381474,8.0
75.33333333333333,8531.0,118.99369684840478,129.0209283230263,56.30835502328766,2.0
75.66666666666667,8973.0,118.59595271340417,128.16005617976296,57.624420473499384,9.0
76.0,9064.0,119.19395822284294,128.25573906515754,57.92536151099076,8.0
76.33333333333333,8872.0,118.8940598976898,128.42092885803328,56.060179356680585,7.0
76.66666666666667,9095.0,118.93485572875962,128.41339493993607,56.72715342471174,8.0
77.0,9045.0,120.50643135221233,130.0825866548127,58.45192600168507,11.0
77.33333333333333,9192.0,119.56086287219999,129.36027068011617,58.39284292390832,12.0
77.66666666666667,4446.0,77.37085402191528,94.88044741896198,35.68462157817327,2.0
78.0,4342.0,78.48789507890606,95.66191406563864,35.519086220039775,4.0
78.33333333333333,9483.0,120.76630308751844,131.0160628626462,58.796364965711206,7.0
78.66666666666667,9520.0,120.10432964375933,129.97482282553258,58.64890500189209,6.0
79.0,9151.0,120.95867034508925,130.55841398053235,57.427089344332444,7.0
79.33333333333333,9805.0,121.33012788282598,130.78142056624267,59.519185117583326,9.0
79.66666666666667,9531.0,121.04338049479628,131.11502481425072,58.845974440857844,6.0
80.0,9733.0,122.46305460817909,132.23985723985302,59.857130095365584,5.0
80.33333333333333,9655.0,122.03687967167957,132.6582807483186,59.598891819446415,6.0
80.66666666666667,9987.0,121.51131634543344,132.8537532929985,59.312664797048384,5.0
81.0,9740.0,122.91928242927186,132.4293204862912,60.66255145559359,9.0
81.33333333333333,10193.0,122.33805595912862,132.85194714724503,60.123808744932546,6.0
81.66666666666667,9717.0,122.54060550420118,132.41042207830847,59.40982530407876,7.0
82.0,9619.0,124.46123873607529,134.1773442454107,61.48925142103908,13.0
82.33333333333333,9789.0,123.4908903522847,133.15652407525175,60.473441458411834,8.0
82.66666666666667,9763.0,122.33029055171522,133.00375934536586,58.46248394996244,6.0
83.0,9592.0,123.80690530906045,134.46982930997171,58.12896729010695,9.0
83.33333333333333,9991.0,123.4908903522847,133.8814773724854,60.6914103362839,8.0
83.66666666666667,9968.0,124.0389051721408,134.24228071364254,61.07852155612923,11.0
84.0,9773.0,124.19742348374221,134.06550627662295,61.562539857329924,12.0
84.33333333333333,10162.0,124.787419225455,134.63491323375052,62.28337071122785,9.0
84.66666666666667,10030.0,125.11754372201167,134.83215489333514,61.747401040405855,13.0
85.0,10440.0,125.57467897629681,135.49809386508116,62.01794712570838,11.0
85.33333333333333,10057.0,125.72111978308023,135.7531571236627,62.27380201833314,11.0
85.66666666666667,10495.0,125.90512236494982,135.97341551629455,62.32507672294332,10.0
86.0,10035.0,125.8828817479937,136.83149006736065,60.628652536410996,5.0
86.33333333333333,10500.0,126.8747413325364,136.76314042392252,63.28467816859381,6.0
86.66666666666667,10478.0,126.24242550743391,137.37426937777224,62.77501243442214,7.0
87.0,10310.0,127.1416532848303,137.97463535012514,63.415438413654385,14.0
87.33333333333333,10614.0,126.85602006539644,137.9718082980539,63.37494226888398,9.0
87.66666666666667,10630.0,126.57231133284151,137.27233831602837,62.60174466645884,8.0
88.0,11047.0,127.33538289769413,137.90213921473443,62.985575841297226,7.0
88.33333333333333,10472.0,127.57742747053649,139.15956489005785,63.281548081795506,11.0
88.66666666666667,10550.0,128.47664829271932,139.1413475049235,64.16731714503442,13.0
89.0,10587.0,128.27743360109932,139.4503483874516,63.64928385715305,6.0
89.33333333333333,10532.0,127.9953121781087,140.02167652286204,61.908346235284014,5.0
89.66666666666667,9922.0,128.57624194824902,140.0498114794092,62.56659337765612,9.0
90.0,11141.0,128.80993750483694,139.40516241708997,64.6967461442654,7.0
90.33333333333333,11023.0,129.0155029444136,139.3832121115919,64.38303088365997,9.0
90.66666666666667,10989.0,129.75746606650424,139.3913907466753,64.69441641837028,13.0
91.0,11060.0,129.85068343575526,140.05081186685274,64.84948646424341,7.0
91.33333333333333,11032.0,130.01538370516005,140.06919708949192,64.78619511248952,7.0
91.66666666666667,11071.0,130.11533345459327,140.02589020420263,65.1333201510271,6.0
92.0,10715.0,130.9373879344877,140.8257050721769,62.95734397809607,14.0
92.33333333333333,11446.0,130.16623934193981,140.75226413509276,65.38015528142728,12.0
92.66666666666667,11308.0,130.77079184588584,140.46161396213444,65.80333296554275,14.0
93.0,11207.0,130.06152390311286,140.05648855603445,62.4808878564769,6.0
93.33333333333333,10687.0,131.05647618905255,140.61084409182604,64.16628893631515,9.0
93.66666666666667,11143.0,131.10225015141228,140.49860136892903,66.15909960847998,11.0
94.0,11476.0,132.015150645674,141.4717275897257,66.87231843967139,10.0
94.33333333333333,10803.0,131.65371239853462,141.05647802885122,64.28702220163774,10.0
94.66666666666667,11776.0,132.03408650799233,141.42975283757468,66.2357298950757,10.0
95.0,11565.0,131.875698343819,141.0319112825179,66.54047868808941,11.0
95.33333333333333,11379.0,132.52546731776633,141.53600241794746,67.14162273939013,13.0
95.66666666666667,11547.0,134.1692959970126,142.21747423602545,71.69668331454689,9.0
96.0,12136.0,134.6337622416968,143.00576907689123,71.35306179529323,10.0
96.33333333333333,11389.0,133.4053971921676,142.8359898528228,67.75120355014387,12.0
96.66666666666667,11792.0,133.41045674426067,142.86514602020065,67.75359681200199,11.0
97.0,11595.0,133.7067684397009,142.764245673299,68.06135869135919,11.0
97.33333333333333,11573.0,134.06118005098108,142.95488683038673,68.56185950551875,9.0
97.66666666666667,11817.0,134.01865521011788,142.86357128393507,68.02524628390826,11.0
98.0,11247.0,134.35549854161644,142.98793484998717,65.80733857761444,7.0
98.33333333333333,11918.0,134.35996416995434,143.3061033015363,68.04973348607172,10.0
98.66666666666667,11431.0,134.8721601527202,143.3994420323767,69.26744108284673,14.0
99.0,5449.0,87.77128621334008,98.01958791726419,42.47940102878437,7.0
99.33333333333333,7116.0,92.76718143277726,114.10307543119531,44.78283346169571,5.0
99.66666666666667,12368.0,134.83063445480616,143.2683669134666,69.20754403577341,12.0
100.0,12396.0,134.8332303254654,143.26592404538684,69.35535791849033,12.0
100.33333333333333,11886.0,135.1508416453027,143.58621103713267,69.71663850573375,14.0
100.66666666666667,12054.0,135.15565090657114,143.58621103713267,69.70594157770826,12.0
101.0,11994.0,135.5912976558599,144.12652403816423,69.5769067977479,10.0
101.33333333333333,12305.0,135.3632149628152,143.57172356093724,69.76268468726619,10.0
101.66666666666667,12376.0,135.36986370680884,143.798897001257,70.32717193799382,13.0
102.0,12127.0,135.5949851580065,143.927446912262,70.92706481960093,14.0
102.33333333333333,12560.0,135.71348493866674,143.59477607318084,70.2660740441452,9.0
102.66666666666667,12212.0,135.87623033421815,144.27636666316786,70.69835270929214,7.0
103.0,12287.0,136.69308687713507,144.36460781036163,70.12839315136743,12.0
103.33333333333333,12421.0,136.34148304899725,144.54410755966057,69.94390851694924,11.0
103.66666666666667,12393.0,136.03087883549657,144.30883548674012,70.57726301740963,9.0
104.0,12009.0,136.01470508735443,144.30744943575223,68.86013862379286,14.0
104.33333333333333,12859.0,136.34148304899725,144.45897705498535,70.57337585242772,8.0
104.66666666666667,11972.0,136.10675857377814,144.25078853871906,68.90971947914707,8.0
105.0,13093.0,136.48809471891678,144.83072754691167,70.90173587020867,9.0
105.33333333333333,12800.0,136.74264120301368,144.8487484907746,70.90756114586814,10.0
105.66666666666667,13136.0,137.01186079133078,145.0895412376545,71.16363857870581,7.0
106.0,12734.0,137.56816492197603,145.236617056426,72.11328218534274,9.0
106.33333333333333,12429.0,137.0861043169848,145.06550244630873,71.75158762483024,11.0
106.66666666666667,11895.0,136.56134152826706,145.08618128546908,70.05592483896936,6.0
107.0,12169.0,137.05838172107534,145.69694520387463,70.00459813995177,9.0
107.33333333333333,13288.0,137.56816492197603,145.7737973711325,72.02626366285008,9.0
107.66666666666667,12522.0,137.78606605894515,145.77786174415698,71.90612809363725,10.0
108.0,12613.0,137.20349845120933,145.55871639808143,69.49784818275458,8.0
108.33333333333333,12302.0,138.43626678127407,148.6690113282311,70.63870033677125,9.0
108.66666666666667,13339.0,138.49548729110273,147.97121288853657,72.1459521700635,11.0
109.0,12676.0,138.80561892196408,149.3770362187882,73.11044346282199,11.0
109.33333333333333,12686.0,139.31259799944206,149.90238482269191,73.86517955645024,15.0
109.66666666666667,13165.0,139.01438774457844,148.94072552172,72.5382215578195,13.0
110.0,13178.0,139.1777639753954,149.8859731412899,73.82390234052747,15.0
110.33333333333333,12830.0,139.71596185414984,149.92944978137504,73.79568780659714,13.0
110.66666666666667,12181.0,139.51702405083043,150.66220455072525,71.53178194063587,11.0
111.0,12434.0,139.32623519099613,149.82795416040392,71.64113731554376,12.0
111.33333333333333,12917.0,140.24621207005913,150.7662414044729,73.90903384738692,12.0
111.66666666666667,12431.0,139.50268740945714,149.96166129460832,71.81661261515713,13.0
112.0,12944.0,140.61649974309557,155.18844693884157,74.2028584850501,13.0
112.33333333333333,12730.0,140.40655255364686,152.08306823454765,74.19682310161257,17.0
112.66666666666667,12983.0,141.15594213493105,158.2410785507539,74.97133663031761,15.0
113.0,12397.0,140.21768789992225,152.16188737503347,72.52150477853897,10.0
113.33333333333333,12975.0,141.6809794383796,157.50033046779274,75.09513772034637,17.0
113.66666666666667,12382.0,141.15594213493105,153.29691491191198,72.67782405258328,14.0
114.0,12674.0,141.65468567785206,152.7641104708375,75.69022751752897,12.0
114.33333333333333,13675.0,141.99612662522372,155.23817178205942,75.6020418977476,14.0
114.66666666666667,14487.0,142.40119227872663,158.375153650952,76.66533804838495,12.0
115.0,14017.0,141.80056316386603,153.37013948939008,76.03857397315542,17.0
115.33333333333333,13542.0,142.46754016266303,154.60205859141084,76.93800479284819,19.0
115.66666666666667,13727.0,143.0314650697531,159.59314938325048,77.26680281105665,11.0
116.0,13515.0,143.45590747165502,159.78179205007524,77.81481890371518,19.0
116.33333333333333,13648.0,143.60327259748647,161.143193996755,77.95044142934547,14.0
116.66666666666667,13587.0,143.96180048887967,161.38918713637213,78.38907444615577,18.0
117.0,13722.0,144.1381281648057,158.72006218791802,78.28892017472813,19.0
117.33333333333333,13898.0,144.00503458618044,160.36202612313858,77.6476909222758,15.0
117.66666666666667,13163.0,142.4422689919116,153.65402390313457,75.53414966757995,12.0
118.0,14230.0,144.93671023412372,161.1677790164199,78.6077729379952,19.0
118.33333333333333,13449.0,143.94443347210208,161.01018596402156,76.259740170796,18.0
118.66666666666667,13637.0,144.9586147836685,161.8674682324692,78.7302263339561,17.0
119.0,13511.0,146.07018779590356,164.5592582807414,79.18435421981279,21.0
119.33333333333333,13746.0,145.08101157567899,161.80457998844952,79.01316640053773,18.0
119.66666666666667,13392.0,145.12873586426923,164.5871952041124,76.89460026333322,16.0
120.0,13272.0,145.50996480244243,162.05041464316926,77.28196242246014,17.0
120.33333333333333,13887.0,146.3427480668041,166.7354181998413,79.76560337305051,17.0
120.66666666666667,14036.0,146.16771189288008,163.67337684260173,79.15327520491124,16.0
121.0,13412.0,146.23286144239424,166.92433840881242,78.07007107262662,16.0
121.33333333333333,14115.0,147.08704902299695,163.500367024221,79.48872808583232,15.0
121.66666666666667,14123.0,147.29629979608836,166.6683990896731,80.2202518074011,18.0
122.0,14062.0,147.12239802287073,162.9901134392049,80.15663375943889,14.0
122.33333333333333,14275.0,147.8563490012035,167.1543297359444,80.19296034904399,17.0
122.66666666666667,14215.0,147.87156589419075,168.18807903763945,80.39051090834585,16.0
123.0,13746.0,147.44914212977756,165.7274279898704,78.03251694343174,16.0
123.33333333333333,14025.0,148.2767682410161,167.75935082401162,80.99032545789494,18.0
123.66666666666667,14149.0,148.45807334023993,167.78408426410653,81.07249697951202,14.0
124.0,14376.0,148.4082207965583,166.52360922137726,80.59898438884866,16.0
124.33333333333333,14166.0,149.0260042651304,169.16885002390038,81.07541679680016,18.0
124.66666666666667,13709.0,148.51935900750448,168.6917292252487,79.15594509581767,12.0
125.0,14177.0,149.20388725248665,169.20555426306294,81.54136301195942,21.0
125.33333333333333,13688.0,148.1180271832829,169.9808063326784,79.08597335810968,18.0
125.66666666666667,13701.0,149.0,168.43683126722362,79.54603800032639,17.0
126.0,14414.0,149.42188427657211,168.6680018427121,81.69720542261734,20.0
126.33333333333333,13828.0,149.04026301640775,168.6644737440467,79.50549047509179,12.0
126.66666666666667,13791.0,149.04026301640775,169.1644168856315,79.65525169690102,12.0
127.0,13938.0,149.46571513226704,169.5405093852063,79.86175312689407,14.0
127.33333333333333,14329.0,150.86417732516887,170.42030390229596,82.18061339518486,18.0
127.66666666666667,14062.0,149.93231800042497,170.57216921510553,79.76047143175411,16.0
128.0,13984.0,150.13410660021202,170.55965222540863,79.73519256319459,14.0
128.33333333333334,14684.0,151.21177202850313,170.07351351694948,82.47021921188968,17.0
128.66666666666666,13906.0,150.65440583645307,170.92724920235162,80.63557280772304,13.0
129.0,14184.0,150.26293598495454,170.9101367685989,79.94838774647585,19.0
129.33333333333334,14094.0,151.00331122197287,171.1669953889981,80.14962700325216,13.0
129.66666666666666,14428.0,152.2558695133319,170.68234623005904,83.37704325743515,14.0
130.0,15114.0,152.67546655378223,170.79712313290543,83.09967367865505,14.0
130.33333333333334,14733.0,152.76976127122518,170.4985037075202,83.55932775501654,15.0
130.66666666666666,14813.0,153.22728203264717,170.69135650636883,82.97236186438494,17.0
131.0,14925.0,153.48029180591737,170.42047993638576,83.28545956348884,17.0
131.33333333333334,14315.0,153.1061721290554,170.94036524882367,80.8795987235537,12.0
131.66666666666666,14160.0,153.3755195573766,170.8620639198895,81.63298545516629,14.0
132.0,14457.0,154.2024642905274,170.89985339242733,81.48193995092123,16.0
132.33333333333334,14812.0,153.8440769090575,171.30318150260618,83.89780536136684,15.0
132.66666666666666,14292.0,153.7693077307692,170.4219322176268,81.60753608413643,12.0
133.0,14531.0,154.11846092330632,172.06145817276658,81.95983952221482,15.0
133.33333333333334,14246.0,154.7384890710776,171.29594211783197,82.11807630651714,14.0
133.66666666666666,14201.0,155.36087023443193,171.72361514946044,81.9808479507537,13.0
134.0,15041.0,155.56991997169632,170.8543238495142,84.43056281924548,11.0
134.33333333333334,15243.0,156.21683645401885,172.6473570237406,84.24557273827295,16.0
134.66666666666666,14163.0,155.3579734821468,171.74245188531626,82.34041228334077,14.0
135.0,14591.0,156.20819440733575,173.5204598330601,82.28617953824373,14.0
135.33333333333334,14335.0,155.51398550431207,173.66314521066226,82.88643558248026,16.0
135.66666666666666,14499.0,156.35120707850388,174.0687962405127,83.53542048299315,13.0
136.0,15599.0,156.9783424436245,172.6532941439299,85.1282980050311,18.0
136.33333333333334,14126.0,156.51836952894698,174.42763542512407,83.54034015024563,17.0
136.66666666666666,14979.0,157.3874198971269,174.2313117090181,85.85079961363824,17.0
137.0,14111.0,157.1846047153653,174.4197521760468,83.7779383159483,12.0
137.33333333333334,14168.0,156.7322557739791,172.6272429219797,83.2459248835003,14.0
137.66666666666666,15082.0,158.06960492137634,173.99938213134934,86.54989186196245,15.0
138.0,14678.0,158.15182578775372,174.2009817212717,86.87417047028839,13.0
138.33333333333334,14239.0,157.19223894782968,174.5204801104812,83.14854175995802,16.0
138.66666666666666,15035.0,158.78601888009723,175.0257925663463,86.95229247515373,19.0
139.0,15279.0,159.25231505412268,175.40032937590198,86.58726232015223,15.0
139.33333333333334,14947.0,158.64772184764576,174.9601877425477,85.88044957614687,19.0
139.66666666666666,13993.0,158.87793930660234,177.10042331971152,83.96788710034483,15.0
140.0,14799.0,159.5900999435742,175.52526880319598,86.67727707806691,14.0
140.33333333333334,14752.0,159.8311609167624,175.47952286441307,86.86755393255663,14.0
140.66666666666666,14628.0,160.11246047700348,175.28865487309176,86.84269194128613,15.0
141.0,14925.0,160.81853103485534,176.81781004374818,86.53152798274174,17.0
141.33333333333334,14752.0,160.74715956429938,177.89867843693654,87.26072545271505,20.0
141.66666666666666,14890.0,160.995651047588,178.046758597194,86.56139526549809,13.0
142.0,15451.0,161.26065781727917,177.91570978060537,86.5807894434695,15.0
142.33333333333334,15002.0,161.13596740852705,178.08378634022168,86.91865394351687,17.0
142.66666666666666,15165.0,162.38288049271736,179.21618209993764,87.18751868862579,21.0
143.0,14757.0,160.64121509142672,178.8885126733603,84.2142576950231,14.0
143.33333333333334,14600.0,161.75676180195626,179.78046334252696,84.97120476035711,14.0
143.66666666666666,15527.0,162.01172787176964,178.85457747402936,86.79452043718163,18.0
144.0,15361.0,161.91973320136123,179.24787106983825,87.0262120124537,16.0
144.33333333333334,15567.0,162.60688792299052,180.25836839059008,87.42579511962398,18.0
144.66666666666666,15889.0,162.1160078391922,178.87805882973322,87.46199382056494,18.0
145.0,16172.0,162.0863967148385,178.8495455347682,87.67974802729145,20.0
145.33333333333334,16271.0,162.55153002923998,178.8945218713247,87.51140074059641,18.0
145.66666666666666,15990.0,162.96993576339318,179.0707116383747,87.45451828686743,21.0
146.0,16436.0,162.73521433319303,179.17699117792452,87.71574192159298,19.0
146.33333333333334,16279.0,163.17475294910057,178.17922542381245,87.97412333077158,19.0
146.66666666666666,16178.0,162.78298435398122,179.76929659983654,87.9376691592069,16.0
147.0,16490.0,162.84332903437416,179.09026932484528,88.33061596397688,15.0
147.33333333333334,16565.0,162.81400426996117,178.87168573724463,88.12595164463731,21.0
147.66666666666666,16690.0,162.74212730574712,178.60254130975935,87.97829168976264,14.0
148.0,17019.0,163.0248447297326,178.8666541282561,87.97907689839676,15.0
148.33333333333334,16756.0,163.4900608599801,178.77261653745668,88.84283452763279,22.0
148.66666666666666,17066.0,164.2597022697994,180.23595645708434,88.15076251822522,20.0
149.0,16966.0,164.01219466856725,180.94197477866362,88.18972839091839,22.0
149.33333333333334,7286.0,120.76112719944359,140.4299647400868,61.6215172302154,13.0
149.66666666666666,7377.0,121.02065911128135,140.5188349109746,62.20066233054835,9.0
150.0,17013.0,164.75436261295178,181.75637454774397,89.5113548863463,21.0
150.33333333333334,16765.0,164.68454693747074,181.5971915805137,89.24214271996802,22.0
150.66666666666666,16918.0,165.08406940332466,181.306216261482,88.9592677795807,19.0
151.0,14689.0,165.09088389418483,183.85994638140943,83.18927921324864,16.0
151.33333333333334,16890.0,165.07907193499048,181.6002890502926,89.41574086601351,12.0
151.66666666666666,16987.0,165.41886226281875,182.36400401495123,89.68403595301535,19.0
152.0,17525.0,165.29125648794127,183.12569050530192,89.28096080522718,16.0
152.33333333333334,14823.0,164.6818142139259,182.9356443717712,83.50336458305854,21.0
152.66666666666666,16964.0,165.64857278048214,182.3376945747391,90.00602854222032,19.0
153.0,16157.0,164.9466574026915,182.91708500974062,87.6846397766946,16.0
153.33333333333334,15851.0,164.68910097289609,184.07538981409598,87.02116883923276,21.0
153.66666666666666,16921.0,166.90416411821485,183.43663561785263,89.99313786294215,18.0
154.0,14880.0,165.70485810099277,184.58873205046942,83.98590627312952,14.0
154.33333333333334,15069.0,166.02710622064097,185.53333910685708,84.62525605038333,19.0
154.66666666666666,16960.0,166.4384267636894,183.8069639594757,90.03479113958093,19.0
155.0,17230.0,167.12914056388934,184.01854470142686,91.28601201273563,21.0
155.33333333333334,15097.0,166.53467743211897,185.60711193270586,83.98545837482169,12.0
155.66666666666666,16973.0,167.93629734503816,185.35511785811238,91.57474903064752,24.0
156.0,17333.0,168.58351045665424,186.50828399400189,91.34864609528942,25.0
156.33333333333334,17114.0,168.44925003588392,186.18424050102584,91.81184883955554,26.0
156.66666666666666,17344.0,168.40427548016706,186.03916252798072,91.21681729244933,20.0
157.0,17292.0,168.875101673652,188.30487236471424,91.24288260733462,22.0
157.33333333333334,17075.0,168.90559096349895,187.33821375094772,92.20215774717877,21.0
157.66666666666666,17438.0,168.57387104435352,188.20754211778842,91.74149115159798,22.0
158.0,16766.0,168.4599354926758,187.56245505865297,88.70771142271904,21.0
158.33333333333334,17616.0,170.52272568255586,189.18958743082732,92.39526130236924,21.0
158.66666666666666,7806.0,125.39936203984452,146.293455003743,64.12224677273814,12.0
159.0,17209.0,169.54232509291785,185.948917249917,92.43611083707796,24.0
159.33333333333334,17114.0,170.0464638683277,189.0128991306489,92.82551073632254,28.0
159.66666666666666,17297.0,172.47898266825223,190.07893097342483,92.43628424454421,18.0
160.0,15226.0,168.22603715213583,188.28137188587897,85.68194283774308,18.0
160.33333333333334,17636.0,171.82112790238872,189.15846307110814,93.57092549156616,21.0
160.66666666666666,17415.0,172.18159006040636,190.6763735222947,93.38270423796128,19.0
161.0,15360.0,170.53254815428528,190.03858768512845,86.77422062252654,28.0
161.33333333333334,17452.0,173.761330565808,190.7717457504967,93.9273019598111,24.0
161.66666666666666,17451.0,173.66778629880602,191.40010401180518,94.14676396686109,27.0
162.0,17543.0,173.9683879329805,190.55316709068495,92.02980545954405,14.0
162.33333333333334,17682.0,173.40227776255782,190.84459306755127,93.74670908102695,23.0
162.66666666666666,17754.0,173.97427965963328,191.46153332933687,94.34708050583313,28.0
163.0,15101.0,170.42593699317015,190.13021816627827,86.5359018628296,16.0
163.33333333333334,17163.0,175.85420095480114,191.67506345033024,93.84353021298226,26.0
163.66666666666666,15282.0,171.9558082577437,190.7554276996718,86.76364413040612,18.0
164.0,17827.0,174.77127910500627,192.29997014832998,94.79333387964063,26.0
164.33333333333334,16999.0,173.51167105781127,192.20041623263984,91.25986684044612,27.0
164.66666666666666,14998.0,172.47608405660355,191.049731745428,86.45151173727243,14.0
165.0,17929.0,175.56935950801181,191.67159413955946,94.63886473389152,23.0
165.33333333333334,17943.0,175.69547518155127,191.8048980167338,94.98326065745538,25.0
165.66666666666666,18196.0,175.01713949985765,191.78418858676184,94.65776661915365,23.0
166.0,15498.0,172.54680445019022,191.41197711914768,88.3416266960178,19.0
166.33333333333334,15697.0,172.10810542036978,190.35556138978123,88.21863107239743,20.0
166.66666666666666,17755.0,175.75551200460256,191.67159413955946,95.70831453541078,27.0
167.0,18069.0,175.495868542016,192.20041623263984,95.57418179662628,24.0
167.33333333333334,17526.0,177.15318209619602,193.12106883777662,96.02291050242356,24.0
167.66666666666666,17672.0,176.81911661356077,192.58135936612354,96.21294024761607,23.0
168.0,16960.0,176.4006802534911,193.82982226685345,92.30240064555004,18.0
168.33333333333334,17697.0,177.59335555661886,193.6608375442392,96.14152741917074,23.0
168.66666666666666,17917.0,177.6901795187119,194.17883509379917,96.24899039277075,30.0
169.0,18179.0,177.15812146215595,192.75370280917227,96.48421419787871,23.0
169.33333333333334,15247.0,175.13023693937922,194.32697593564674,88.79597173098873,16.0
169.66666666666666,17752.0,177.95448540177125,193.34356722908217,96.86528378190582,25.0
170.0,17578.0,177.26435027177106,193.26484348576105,96.78666384607277,28.0
170.33333333333334,15358.0,173.40588220426704,192.01545486577507,89.85674104688891,19.0
170.66666666666666,17839.0,178.88543819998318,195.1661087355842,97.72349161113677,26.0
171.0,15770.0,175.4693699738942,194.62235194224715,90.42794361502597,19.0
171.33333333333334,18073.0,179.0256955960069,195.7399292525212,96.35643190334044,20.0
171.66666666666666,17071.0,177.90587393964194,195.76171572974638,92.8637189789818,19.0
172.0,17375.0,177.72253655160856,196.23045123882162,94.05659342296534,30.0
172.33333333333334,18149.0,179.49874563704887,196.64327765185837,97.42603953918893,29.0
172.66666666666666,18439.0,179.4466494513098,196.15409756362502,97.31760237071681,22.0
173.0,16769.0,178.5211468692343,196.23068055772262,94.01704956703401,22.0
173.33333333333334,17902.0,180.57906853833595,197.0704348515169,96.7203239106265,25.0
173.66666666666666,17888.0,180.1898985834966,197.2336356630551,98.1826524563018,25.0
174.0,18244.0,180.20543831971332,196.59849458659033,97.57492493933343,19.0
174.33333333333334,15757.0,176.57236471054398,195.9831614024518,90.95251095668529,25.0
174.66666666666666,15622.0,176.81897522500287,197.12687483369945,89.73962675074618,17.0
175.0,16975.0,179.2344832893492,197.5060491019877,94.98549431612511,28.0
175.33333333333334,17983.0,180.8847698572254,197.0444869759732,98.66956819705443,23.0
175.66666666666666,17847.0,181.23768919740428,197.68254840648262,98.57477956254627,27.0
176.0,16822.0,180.04818782226434,197.68476160427744,96.02492996907775,23.0
176.33333333333334,17457.0,181.29147798241078,197.76339343316386,99.14940687568333,27.0
176.66666666666666,17570.0,181.90340818239423,197.2198353209928,98.415063719163,23.0
177.0,16390.0,180.84108994030413,197.68954158834717,95.41175143775061,19.0
177.33333333333334,16420.0,180.9701627098101,198.83376073430748,95.59670361555153,25.0
177.66666666666666,16390.0,181.03922218622697,198.50014966885854,95.45460068397489,24.0
178.0,16832.0,180.06179481580781,198.08912394351458,95.96601828619458,20.0
178.33333333333334,17675.0,182.89614496501395,198.600100704909,98.94975058706441,23.0
178.66666666666666,17996.0,183.3609826684677,199.48433461077877,100.16505530438343,28.0
179.0,15780.0,178.02626205603008,197.84509052885682,92.0765114575462,24.0
179.33333333333334,16853.0,181.30692177406468,198.85653100199804,95.41347339013498,22.0
179.66666666666666,15673.0,178.64154050074566,197.86672186941058,92.79932690092059,21.0
180.0,17972.0,184.09481250892753,199.7063087342311,100.46792396946022,26.0
180.33333333333334,17834.0,185.0,201.5230616618793,101.37535785491252,30.0
180.66666666666666,17369.0,182.3869512876401,200.3942102910152,97.1737042141325,29.0
181.0,16784.0,182.8867135453608,201.8836298465034,98.03461977608619,30.0
181.33333333333334,16986.0,182.42669635658115,202.00408360805764,97.70999801011915,30.0
181.66666666666666,15462.0,179.76776673122055,200.60033097133086,92.54599109182638,22.0
182.0,8332.0,141.39519016547442,165.0387674125395,71.75287800034403,16.0
182.33333333333334,17939.0,185.60899754052966,201.97246589667392,101.64155117876437,30.0
182.66666666666666,16794.0,184.0032601833851,204.47699108630079,98.08808363273957,26.0
183.0,18002.0,185.68844851475023,203.53114010697067,101.43892136658548,32.0
183.33333333333334,17008.0,184.71491540568303,204.74614729110476,98.20839232078673,22.0
183.66666666666666,18352.0,186.81541692269406,205.5914367863943,101.2962990518144,31.0
184.0,17271.0,183.84776310850236,202.3715572587416,97.68032619951087,30.0
184.33333333333334,18560.0,187.3205808233575,205.70172206322286,102.363546415366,28.0
184.66666666666666,18820.0,186.90532349576762,205.226392375242,102.13237344767722,20.0
185.0,16215.0,181.1767093199344,205.0496971778615,94.27140625643324,22.0
185.33333333333334,16665.0,181.31574648144746,203.4457051559033,94.05861355455401,18.0
185.66666666666666,16013.0,181.87303191734364,207.58401310855,93.04132865470172,15.0
186.0,18063.0,187.57691741842115,206.1229431003381,102.45697969998015,26.0
186.33333333333334,18619.0,187.3902343306047,207.60789744112512,102.4440247581384,25.0
186.66666666666666,18811.0,187.4126462754984,206.81259624694493,102.76375387118041,23.0
187.0,16272.0,181.64801127455263,206.72613897727894,94.74817534521877,23.0
187.33333333333334,18740.0,187.7801905911507,208.47062143141417,103.49851754562744,35.0
187.66666666666666,17668.0,186.00537449866997,207.96035685677614,99.25582804479258,24.0
188.0,18815.0,187.98962717982664,208.16308196173142,103.22728452987344,30.0
188.33333333333334,18420.0,188.09904303746416,208.3055523882152,104.0156164693572,30.0
188.66666666666666,18413.0,188.76705220985997,209.77110982530877,102.97954867236571,22.0
189.0,18482.0,188.59798491637048,209.24934857636964,103.65911509144463,25.0
189.33333333333334,8665.0,144.98551483769737,162.73277316127195,73.01612201527851,22.0
189.66666666666666,16155.0,183.36166437116466,210.5590607576484,95.90699282801339,24.0
190.0,18520.0,188.76811165732903,209.19889301756714,103.90986353610445,25.0
190.33333333333334,16196.0,183.9028244335047,211.15261059363635,95.77977511938104,19.0
190.66666666666666,18583.0,188.66345697926735,210.54443499211558,103.8509040317934,28.0
191.0,16079.0,183.63823113199456,211.35765229227852,96.76737042407079,27.0
191.33333333333334,17742.0,187.41664813991312,211.95966488255152,100.93956053068204,25.0
191.66666666666666,18879.0,190.38014596499633,212.66315543594712,104.56313431406893,29.0
192.0,19068.0,189.64954517680235,211.4787149719369,104.5313084009319,25.0
192.33333333333334,19147.0,189.9984210307619,212.19320790070662,105.02903917477268,26.0
192.66666666666666,18280.0,187.98497275988748,211.9012713563491,100.75658634176344,28.0
193.0,18892.0,190.91162865985618,215.27636275670628,105.17205909954242,32.0
193.33333333333334,17925.0,188.7924782357054,216.59445679532453,101.31039115363352,29.0
193.66666666666666,18874.0,191.44189719076647,215.59036936216725,105.78865986379827,26.0
194.0,18758.0,190.55484673173618,216.30376308056566,105.48197504877697,29.0
194.33333333333334,17904.0,189.4887859478761,216.87261594509994,102.42392066289362,31.0
194.66666666666666,18480.0,191.47114663786203,217.35934703965918,105.25609487101222,35.0
195.0,16239.0,185.85827841536724,215.84656029463792,97.82149907564876,26.0
195.33333333333334,16263.0,185.88114456882042,216.1945739158625,97.51896520967827,25.0
195.66666666666666,16417.0,186.25627491041814,217.40137692685556,98.47187788457083,24.0
196.0,17905.0,190.45944415166682,218.40146040472837,102.35154662571178,31.0
196.33333333333334,18478.0,192.8526639669335,218.29349730010657,106.32911472825799,29.0
196.66666666666666,18664.0,193.23508983971442,218.76371338305867,107.52062058803389,34.0
197.0,18518.0,193.61198306508632,218.55680032484648,107.14144958714098,31.0
197.33333333333334,17795.0,191.349679602198,218.9301714480092,103.50215022223745,33.0
197.66666666666666,17731.0,191.69898256554015,219.14378409015092,103.67011253906148,32.0
198.0,17705.0,191.84055845539146,219.47473573425714,103.74774788265148,28.0
198.33333333333334,18891.0,194.26013377945804,219.40692112705224,108.0170409408508,33.0
198.66666666666666,18634.0,192.13952743692062,219.6645283007146,103.71713707300958,29.0
199.0,16776.0,187.55332574675245,219.47322833855299,99.370391111247,28.0
199.33333333333334,18139.0,192.80482313757068,220.12570944757698,103.98474223344988,32.0
199.66666666666666,18308.0,193.20183742989232,220.35087871153365,104.42408442664929,34.0
200.0,16788.0,189.28008343645772,219.8983279045406,99.45419321556815,30.0
200.33333333333334,16886.0,190.53870997778904,220.45003971423824,100.5260253940706,28.0
200.66666666666666,16742.0,190.37502399490612,220.26866749886392,98.56810013589192,25.0
201.0,17218.0,191.37776775834638,222.02027864208588,100.57704975438257,34.0
201.33333333333334,19005.0,194.61654604831412,221.18282029486213,104.89622633258324,30.0
201.66666666666666,20111.0,196.1134873494754,221.466137295212,108.74723903052225,33.0
202.0,16819.0,190.85308472741664,221.13172156886353,100.62301462474541,24.0
202.33333333333334,18518.0,195.47455076470507,221.83545656574546,105.74593876367179,31.0
202.66666666666666,16594.0,189.7246687243893,222.248475763767,99.21261830725194,21.0
203.0,19222.0,196.61853889565288,221.9057750108687,108.27990690804796,27.0
203.33333333333334,16828.0,191.67615827657656,222.6618581752421,99.44947706293357,23.0
203.66666666666666,16947.0,192.25971944637396,222.8781495853524,101.3057695826603,32.0
204.0,16553.0,192.51077891479486,223.4503067737624,99.85633548440495,24.0
204.33333333333334,18323.0,196.986293915902,224.1267487972504,106.32370116483982,36.0
204.66666666666666,18455.0,196.46119209655632,223.63762983621314,105.219925206899,26.0
205.0,19858.0,197.9520143873257,223.73330974967155,110.47001727115232,37.0
205.33333333333334,19642.0,198.59506539690256,224.44815655242073,107.73571844929344,28.0
205.66666666666666,19308.0,196.70447376338464,224.01881770548067,104.74746556599615,26.0
206.0,18798.0,196.8010414109333,224.74367584336437,106.53687507363614,31.0
206.33333333333334,19662.0,198.59506539690256,224.58851261807672,109.65128903085649,31.0
206.66666666666666,18634.0,198.00757414753315,225.2740097476583,105.73730654295575,29.0
207.0,18640.0,198.27543972282987,225.34857221258133,106.03308797221001,34.0
207.33333333333334,18646.0,197.77133259197652,225.40025426239984,105.31440074569134,25.0
207.66666666666666,19752.0,199.2786993132984,225.60359036474372,110.30757006440194,35.0
208.0,17283.0,192.99611359833884,226.48185282548042,102.0968199834181,31.0
208.33333333333334,17036.0,195.13328778042973,226.49067264820226,101.06187323324338,22.0
208.66666666666666,19645.0,198.28464388091837,225.85495336341245,105.54969498133173,30.0
209.0,19895.0,199.12307751739877,226.63082314369225,107.4119766937686,33.0
209.33333333333334,17804.0,196.09321760973606,227.400681013187,103.78082592868763,26.0
209.66666666666666,18194.0,195.88006534611938,227.42689917833857,102.77445833148418,35.0
210.0,19785.0,199.9109801661524,227.20404891382776,108.031308872235,32.0
210.33333333333334,17616.0,196.80383597270267,227.85922127269353,103.64320086202693,23.0
210.66666666666666,19257.0,200.23436264547078,227.84617438838944,108.91006968552503,33.0
211.0,19018.0,201.29766511396747,228.16563823109303,107.47338557144573,36.0
211.33333333333334,19372.0,200.6714974169019,227.70219585592255,109.29201977397442,39.0
211.66666666666666,17146.0,197.1756814673078,228.65700270197928,103.42311646085,27.0
212.0,17292.0,197.86118839221888,228.81830115176905,105.15243401205161,32.0
212.33333333333334,9450.0,164.57521077003062,197.24107058095592,79.64764000271632,32.0
212.66666666666666,17039.0,197.8532283119173,230.03575488878968,103.38974508225135,27.0
213.0,19676.0,201.5682256298321,229.60482301100564,109.65790634455429,37.0
213.33333333333334,20037.0,202.7747518584225,227.8635995486978,113.31743177145692,28.0
213.66666666666666,20493.0,203.03940504246953,228.03626904246127,114.13095598913446,34.0
214.0,17613.0,199.86645325040647,231.4888764947249,105.95967288930585,31.0
214.33333333333334,19112.0,202.5565351355147,229.7644091811835,109.72621703020113,31.0
214.66666666666666,18632.0,203.20605292671831,231.6213503521689,109.55003923293056,37.0
215.0,19146.0,203.03447978559166,230.81507632985935,110.46700145652625,35.0
215.33333333333334,19073.0,203.38338164394423,229.96007733200827,109.14964245530496,27.0
215.66666666666666,19348.0,202.91672902192175,230.37381473312212,111.22076780325736,31.0
216.0,19405.0,203.19842518121266,230.5996093774756,111.38743774436533,44.0
216.33333333333334,20097.0,204.71541154537897,230.41388844733697,115.07250542323015,32.0
216.66666666666666,19574.0,205.23242920808033,231.2318005381037,113.11304840313616,36.0
217.0,19444.0,203.93344502369777,231.00493490268502,110.22881843797899,32.0
217.33333333333334,17621.0,200.3596765818911,232.25912248943249,104.8373644664373,22.0
217.66666666666666,17574.0,201.1045747548858,232.39952665905273,105.46661552197347,29.0
218.0,17825.0,201.4432922465484,231.37717441909416,107.22263998035542,33.0
218.33333333333334,19355.0,204.46564498689668,232.66302750495498,110.75475188562855,36.0
218.66666666666666,20338.0,206.25202906537382,233.0767806443296,115.27498468542248,30.0
219.0,20154.0,206.49539946126202,232.400387234372,116.10943408501278,38.0
219.33333333333334,17719.0,201.561156476411,233.87643351081002,107.49120013302421,31.0
219.66666666666666,20290.0,206.1674077054858,233.57500532816826,115.43345777811261,32.0
220.0,19183.0,205.5242077369638,234.11332564332153,111.82901470059812,35.0
220.33333333333334,18750.0,204.6690008415159,233.96556235390082,111.10893438041624,32.0
220.66666666666666,19317.0,205.36601443581068,234.83904769116842,111.51019661604502,34.0
221.0,20374.0,206.34279730260565,232.39952665905273,116.69587176839546,39.0
221.33333333333334,17653.0,203.1885822991724,234.60728835103143,106.41470722136664,31.0
221.66666666666666,20371.0,206.65672013410216,235.00797782062955,116.26528000988347,29.0
222.0,17950.0,203.3360518907148,235.99539149767423,108.12960050303721,33.0
222.33333333333334,19500.0,205.91260281974002,235.6367199192697,113.67426893967297,38.0
222.66666666666666,17664.0,204.01188690670492,236.72167450082947,106.77109796064103,27.0
223.0,19702.0,208.08075351277833,236.07672822203062,116.30794454341354,45.0
223.33333333333334,19211.0,206.99154543566,237.1965423997166,112.96610430788748,31.0
223.66666666666666,19562.0,207.15127319531294,238.8090344695199,113.70180511344178,34.0
224.0,19419.0,207.15622118177038,238.15782261790937,112.1606272914122,37.0
224.33333333333334,9434.0,175.07941021506585,202.79027060742803,79.29108442038672,23.0
224.66666666666666,20473.0,209.04592775782584,237.69728648009425,116.57552261745094,36.0
225.0,19596.0,207.76188293332345,238.03702347715628,112.59649184930086,33.0
225.33333333333334,20102.0,207.52289028708645,238.80324536240406,114.50729733707135,39.0
225.66666666666666,19831.0,207.32944797723746,238.41015077178892,111.87771011726345,34.0
226.0,20209.0,206.88064150704838,238.94275342518637,113.92379228894164,38.0
226.33333333333334,20211.0,207.32824216685964,238.52693620962867,113.89551420678124,41.0
226.66666666666666,20252.0,207.01002374100207,238.96140599827214,114.02928257355227,32.0
227.0,20726.0,209.05441854483243,238.714778599176,118.59504980368045,42.0
227.33333333333334,9794.0,176.79154275756025,202.93073319942707,80.07872231146064,20.0
227.66666666666666,19959.0,208.0603277885533,240.5881957913637,114.68090610391303,40.0
228.0,17735.0,207.4246851269154,242.29617340603502,109.28671850597907,29.0
228.33333333333334,8747.0,167.4305826305338,190.33446687496595,76.42047393657431,25.0
228.66666666666666,20041.0,209.74508337503408,241.90617975247912,115.18932567065715,40.0
229.0,19883.0,209.74508337503408,240.66507261436118,115.09519146266852,43.0
229.33333333333334,20312.0,212.68944311405482,241.89370536466154,118.82708282333867,41.0
229.66666666666666,18141.0,207.88458336298052,243.2122429916737,110.17148624771934,32.0
230.0,20832.0,212.28000371686156,241.74001070424185,119.90179217032798,44.0
230.33333333333334,20084.0,210.6221735647172,241.7061250284654,116.4878960970692,37.0
230.66666666666666,18198.0,208.38809944009793,244.57536601639933,111.36749119598954,25.0
231.0,18215.0,208.54687712009672,243.93433251877374,110.7568634030886,32.0
231.33333333333334,19804.0,210.85587320649904,243.1646042003777,116.37246665324743,39.0
231.66666666666666,18196.0,208.73428084528905,244.43352777497753,111.77189576430091,37.0
232.0,20264.0,211.15361706417696,242.6777582148833,117.34183874769093,43.0
232.33333333333334,19340.0,214.11013489090416,245.52733844372094,117.36998559073318,36.0
232.66666666666666,18198.0,208.94401161152848,245.8414828892516,111.65330944918857,41.0
233.0,18189.0,209.35281225393422,246.22546526870906,110.46584068850878,32.0
233.33333333333334,19325.0,215.5110198005243,247.46445578188766,116.82795964329745,44.0
233.66666666666666,20248.0,214.30970579691825,245.80579073498893,116.57174553325268,33.0
234.0,20561.0,214.46211786700232,247.77327977458754,117.36213127117242,45.0
234.33333333333334,20018.0,213.60571111555515,247.37430837162188,117.1788818718594,44.0
234.66666666666666,21502.0,217.22223637286993,248.26446053106744,119.72249894632115,37.0
235.0,21795.0,217.27632176562636,247.8819879896357,121.68155882100666,49.0
235.33333333333334,20706.0,214.82551024896532,248.49743369856034,118.1453170781643,40.0
235.66666666666666,21120.0,216.0231466723704,248.42826602305183,118.39705815839767,47.0
236.0,21467.0,216.32914715573543,249.1400592922415,117.31065065684187,34.0
236.33333333333334,20180.0,211.93112072635094,249.57446744508803,114.5778063691083,29.0
236.66666666666666,20960.0,216.76115884499694,250.44715348165562,117.18850568247453,37.0
237.0,18332.0,215.01674273736822,251.67187260493247,112.30572594004205,28.0
237.33333333333334,18403.0,214.11375480240122,251.1259440463749,112.38783969251897,32.0
237.66666666666666,17576.0,215.08661027114434,252.24021289154163,114.07102150580744,32.0
238.0,21886.0,218.6343980255623,250.2959675485292,123.13597734434153,46.0
238.33333333333334,21150.0,219.60657969367855,251.14725532026242,122.36852897661815,44.0
238.66666666666666,21540.0,218.83783950679097,251.61350301348918,123.4111329152153,44.0
239.0,19079.0,214.48426444469797,252.79286665589504,114.93743163228939,33.0
239.33333333333334,20096.0,219.33080035510233,253.02317071984035,119.83905406311173,43.0
239.66666666666666,19213.0,214.46864557805057,253.46612894712456,116.46631806929602,34.0
240.0,20580.0,219.01187149885658,253.47977210818166,119.88546597142137,36.0
240.33333333333334,19034.0,214.72051545724597,254.08182524403128,114.89667050826003,25.0
240.66666666666666,18504.0,215.74035289152033,254.9833738545486,116.05969663280688,36.0
241.0,20291.0,219.5199293282124,254.67262774018388,119.53787283157175,43.0
241.33333333333334,19421.0,221.38202275704322,254.70904778882013,118.30449296517372,30.0
241.66666666666666,20892.0,220.2335123898924,254.27346476575084,120.3278252252374,42.0
242.0,18774.0,216.7666946800985,255.85603936117656,114.32754908778303,33.0
242.33333333333334,21264.0,219.6140931726054,254.37756566627408,120.80761986766116,43.0
242.66666666666666,21899.0,221.39286266768147,253.02290394538474,123.7063280814118,36.0
243.0,19292.0,216.76853995846577,255.67965276832692,117.23642227576357,38.0
243.33333333333334,21756.0,222.14409737825582,254.0406390760971,124.95195352909691,43.0
243.66666666666666,21515.0,222.39469402858444,254.0459566250105,124.49259533744133,41.0
244.0,20493.0,222.46392963599473,256.4579887162714,123.15874756138108,47.0
244.33333333333334,18736.0,223.77611569185302,255.67405980704535,120.43616753275855,31.0
244.66666666666666,20328.0,223.00997692194082,256.34621799359445,123.24506583864515,41.0
245.0,17379.0,220.68235013990693,256.64163443544015,115.6468774460421,28.0
245.33333333333334,19184.0,225.27594103094364,256.60495893513036,118.76583167726656,38.0
245.66666666666666,21127.0,223.86803978293364,256.8465064572047,124.02581662450774,50.0
246.0,19815.0,224.8817466194806,258.21295474812234,122.39401981839715,41.0
246.33333333333334,20967.0,224.0089283934906,257.70853357002557,123.80983789983718,43.0
246.66666666666666,20292.0,223.6429071966793,259.4096373326171,121.45008664891503,37.0
247.0,21687.0,225.22677458660493,257.9559895415375,125.67059386061527,43.0
247.33333333333334,18805.0,220.9348291992265,259.09284021782656,117.39962897011362,28.0
247.66666666666666,19519.0,219.57436089443988,258.9655744796004,119.52060760001628,38.0
248.0,21671.0,226.49392925426275,258.7981837553739,124.07410731805305,42.0
248.33333333333334,20503.0,225.50232809955185,259.4087892508314,122.75892442172727,41.0
248.66666666666666,17871.0,222.56010406010722,259.9575862696457,117.26165243975066,33.0
249.0,21088.0,224.61511523015122,258.1886601398359,124.04552776092463,52.0
249.33333333333334,19229.0,221.38202275704322,260.48688838372635,120.2791952034044,35.0
249.66666666666666,20488.0,226.18708928587938,259.9744467428615,123.6061262814519,43.0
250.0,19705.0,227.49945050632104,260.8301362094817,119.49498648382536,40.0
250.33333333333334,10724.0,192.2554282422967,209.0611214360514,90.12541985288279,31.0
250.66666666666666,20108.0,228.036510232257,260.89860223855646,124.77131794888413,44.0
251.0,17241.0,225.30423875284725,262.34861743378804,113.33444609647161,25.0
251.33333333333334,19478.0,222.60997272996576,261.1732057377352,120.83558637697794,43.0
251.66666666666666,18654.0,223.00123274709625,261.62000084076203,120.14598851794707,35.0
252.0,21466.0,226.7686044967757,261.0883424549961,125.76253989438167,52.0
252.33333333333334,19647.0,230.44890879325854,262.19923085410403,120.0284666034705,37.0
252.66666666666666,21447.0,228.8814093761457,261.60187307703313,128.0933700000195,48.0
253.0,19610.0,230.84984294894028,262.9993710049814,120.94874583809116,47.0
253.33333333333334,19103.0,224.8895283871608,263.5683504101252,117.56211735916125,36.0
253.66666666666666,21420.0,229.00927927562145,262.6728341508708,126.30035439137642,40.0
254.0,19866.0,225.45675843784386,263.73712442027744,121.90185434661467,41.0
254.33333333333334,21591.0,229.83254769738085,262.0699333589836,126.73588176277286,47.0
254.66666666666666,19351.0,225.85393505625711,264.5987443270333,119.46115477086371,29.0
255.0,20918.0,230.96449869163192,263.9997232119788,122.62472813349629,47.0
255.33333333333334,20193.0,225.44977246469853,264.41845466052905,121.11051330122983,40.0
255.66666666666666,19471.0,226.3923583963204,266.3916168105934,121.39783913477494,41.0
256.0,20579.0,224.44041523048796,264.26079917919606,121.8661946820696,37.0
256.3333333333333,21232.0,231.68977090825567,264.39086110150305,125.64052172932134,41.0
256.6666666666667,21196.0,225.8024578956702,266.45618683848363,121.27659675393437,36.0
257.0,22802.0,230.53145120441508,264.4118565846318,125.57852547406559,38.0
257.3333333333333,20783.0,226.31018531756908,267.1004650484202,122.4605378411934,33.0
257.6666666666667,22623.0,231.36551169091732,266.01133387097946,126.57097356994224,51.0
258.0,19983.0,228.54124274982686,267.6132834362072,117.51808180420863,29.0
258.3333333333333,20380.0,226.63704350681107,269.0955496257618,123.55031859856463,44.0
258.6666666666667,19601.0,227.7827912727386,268.49581002317336,122.56338912106455,44.0
259.0,20173.0,235.6802915337857,267.879893941569,121.59083042343451,38.0
259.3333333333333,10426.0,185.57680288751163,210.48040204354737,88.86514644274422,26.0
259.6666666666667,20521.0,228.67444107289296,268.961704719905,123.01785662164947,45.0
260.0,21006.0,234.79246136740844,269.8733494563891,127.50465529075261,38.0
260.3333333333333,23845.0,232.79518872542732,267.2367114948176,130.52919252753534,45.0
260.6666666666667,21783.0,234.23727255059114,269.28022276012905,125.85730305378902,31.0
261.0,21570.0,234.78117467556856,267.55060571471756,125.29117455696797,40.0
261.3333333333333,19317.0,231.41002485828184,270.37022480232895,122.30837654853596,26.0
261.6666666666667,20504.0,236.65407200070433,270.3753935191146,127.5139374709207,39.0
262.0,19763.0,237.07488266366715,270.04179305294866,129.14825016739496,48.0
262.3333333333333,19276.0,232.51075161733564,271.3968416236259,122.96237249752383,30.0
262.6666666666667,19941.0,238.58122306669483,270.6660303120546,122.6818365113948,38.0
263.0,18015.0,236.81426827801627,272.67825258077863,124.37794595083527,30.0
263.3333333333333,20888.0,237.10746395844106,271.84505641972305,128.25557845287773,39.0
263.6666666666667,19643.0,238.88281646028875,272.6115549469794,128.01339111410113,36.0
264.0,19434.0,239.39924729010892,272.23856266064746,128.72843278667926,34.0
264.3333333333333,19802.0,234.19991457330428,272.46990656753115,126.23809651264278,43.0
264.6666666666667,10888.0,195.267892718973,211.4787459250173,92.93102196502136,36.0
265.0,18324.0,237.89031078198747,275.587528260115,119.44296935406913,31.0
265.3333333333333,22374.0,236.61857492383004,271.9632676171533,129.74992166604582,45.0
265.6666666666667,20677.0,239.55375165148268,274.72014194612416,129.53546703056927,47.0
266.0,20863.0,234.7977853387889,273.6885610010151,126.2886207967536,37.0
266.3333333333333,19658.0,235.2363704859943,274.26108909924596,125.6759053222772,39.0
266.6666666666667,20361.0,240.66574330386118,275.06544060924745,123.4571298458183,34.0
267.0,19820.0,236.8179675208164,277.06491742216747,126.10810529197408,43.0
267.3333333333333,19249.0,238.32121181296472,275.45086155534256,127.31084553145548,31.0
267.6666666666667,20055.0,241.41975776035258,276.90990746185656,127.60842491510336,40.0
268.0,20754.0,239.88403448127104,275.84645371939087,131.05202180294398,41.0
268.3333333333333,20571.0,240.6885954563242,276.82981984950015,130.20758436274704,38.0
268.6666666666667,21488.0,239.01516683070656,275.627479837327,129.17506063883982,34.0
269.0,21754.0,239.00428864570432,276.9754263336413,129.3540911287095,47.0
269.3333333333333,21482.0,239.776666917657,277.3063012839344,134.69836190451915,42.0
269.6666666666667,21809.0,239.53287787210343,275.32823884588146,131.9670173406177,44.0
270.0,20089.0,238.8493248891443,279.4181808186056,125.8251502885774,36.0
270.3333333333333,19259.0,239.72776225071632,278.1928631172088,124.19439786522047,34.0
270.6666666666667,21205.0,241.23391137921018,280.17583701796536,124.33791803713301,34.0
271.0,21650.0,240.96846210075347,278.7402228374765,133.20015190235853,60.0
271.3333333333333,19672.0,244.56635083911058,281.25156672172693,129.9334648037556,39.0
271.6666666666667,19619.0,243.73243524515053,280.94623821032457,130.21277442827883,39.0
272.0,18987.0,244.02684248049192,279.5558079256152,124.79343165462728,40.0
272.3333333333333,18187.0,243.50708233858072,282.07436700775247,130.335173397091,35.0
272.6666666666667,18837.0,242.53865671269807,281.5601840449389,127.25758801066529,29.0
273.0,20192.0,243.49558448127874,281.02041667572206,129.37224770064478,50.0
273.3333333333333,20571.0,243.21081232077682,281.64241229888825,131.01892031334927,40.0
273.6666666666667,18836.0,244.86526884682667,281.9682512314126,125.34830140489494,39.0
274.0,20977.0,242.5551461263953,281.74619685286507,133.9373900228887,47.0
274.3333333333333,18273.0,246.1922001807231,282.75762901395797,125.34011064411438,36.0
274.6666666666667,17809.0,244.25314684264032,282.9855813491144,123.51491529301671,30.0
275.0,17215.0,246.08636655643954,283.479293758955,122.28282485200327,30.0
275.3333333333333,20505.0,244.72433471152803,282.9185662601979,132.0741944695319,39.0
275.6666666666667,17319.0,246.76203094655483,283.9582158404913,125.77205890750241,33.0
276.0,20234.0,244.57953700787877,282.2121187552384,133.91131426494104,58.0
276.3333333333333,19683.0,245.5074336952482,283.26504909634207,134.2656156992694,55.0
276.6666666666667,18854.0,246.11552142518335,282.8340672346265,125.57945718983883,34.0
277.0,19609.0,244.8681270372894,282.4159341898231,128.06976711799925,50.0
277.3333333333333,18552.0,244.21773030774233,282.99376314543207,123.23628108753975,27.0
277.6666666666667,20364.0,245.45875417267155,283.1558127339807,133.6759102147222,45.0
278.0,19587.0,245.92722455589737,283.4071095132533,131.80537465068122,43.0
278.3333333333333,19888.0,245.49989804397902,282.8492442858702,128.32946396354652,49.0
278.6666666666667,19433.0,244.25805840329343,282.7855704656971,123.92612322874346,34.0
279.0,21460.0,243.1673291997919,281.7044770662141,132.00146224998872,42.0
279.3333333333333,19812.0,243.31420012666254,283.13675903164705,132.94614719597786,40.0
279.6666666666667,20637.0,244.94162530557796,283.1995397243728,134.30426232289886,45.0
280.0,19067.0,244.41890212348935,282.76993851987953,132.66542315901773,41.0
280.3333333333333,21273.0,243.73140954747709,282.2291974225693,130.33455728323295,57.0
280.6666666666667,20887.0,244.83504605301,282.76074325763415,134.3905803432205,52.0
281.0,20737.0,244.21056461289962,283.364146119953,130.80556717154963,46.0
281.3333333333333,19831.0,245.3497503543905,284.6831516142308,127.45059170818186,34.0
281.6666666666667,20170.0,243.3696748694394,283.97529965225,133.13135411548532,42.0
282.0,20441.0,245.9044529893674,284.368768807292,129.55927981814858,50.0
282.3333333333333,19605.0,245.10242745853247,286.57888904470377,127.54967830511856,39.0
282.6666666666667,19444.0,244.96418074174142,286.4805888076035,132.61210941144495,37.0
283.0,19070.0,245.99197116221805,286.8401195568448,133.67632977485627,40.0
283.3333333333333,20267.0,244.45142626360936,286.84252528657873,129.04311134855632,30.0
283.6666666666667,20060.0,246.94189598565458,286.53833169532925,128.74583550078734,40.0
284.0,21696.0,244.98163104642137,286.51194502338257,135.2259542740719,46.0
284.3333333333333,21323.0,245.20399670478457,287.5806906703759,135.7003044073855,48.0
284.6666666666667,20938.0,246.1364454281445,287.74675642149117,129.13052387193432,49.0
285.0,21788.0,244.8121728999602,286.75240309023275,131.2074384929383,47.0
285.3333333333333,20016.0,246.80204520844822,288.3370855260047,129.5248831031469,42.0
285.6666666666667,21556.0,248.2820975248418,287.5588095786614,133.0162094253838,47.0
286.0,20973.0,246.0821000486039,287.0879265055239,131.51769660175887,48.0
286.3333333333333,18010.0,248.0367911695907,289.3878956658587,127.83392720632622,38.0
286.6666666666667,19214.0,246.84570067202552,288.207103820238,129.64567237676766,38.0
287.0,21482.0,248.84422833731566,287.6141922164606,136.58998908151412,43.0
287.3333333333333,19468.0,248.0711591384681,289.1020146074153,131.49028829792576,47.0
287.6666666666667,20728.0,247.16654303581632,288.36286012064534,137.06116811751514,47.0
288.0,18970.0,248.48179004499664,289.08878378769754,130.57693743133163,48.0
288.3333333333333,20251.0,247.54696518944053,288.5818709038615,136.1275231518152,48.0
288.6666666666667,11383.0,203.92032728063043,220.05651369248412,96.92567543714537,37.0
289.0,20456.0,250.02099810443494,289.42049812957083,135.01540541609202,38.0
289.3333333333333,20154.0,248.4687102963168,290.207830589444,131.7992143961904,47.0
289.6666666666667,20163.0,243.79458555407456,289.9050152786348,134.96804221265833,40.0
290.0,20533.0,247.73130548532416,289.7384645314351,138.54657008279105,47.0
290.3333333333333,19538.0,248.0246961159813,290.5445207327929,135.5069725134451,40.0
290.6666666666667,20427.0,249.28477682883596,290.6576508534832,139.85416019519192,47.0
291.0,19531.0,249.928989913134,290.7078350586063,132.90062129204412,49.0
291.3333333333333,21671.0,250.57833090547444,290.0364630838497,134.44960484734864,50.0
291.6666666666667,21602.0,248.06763187560017,289.80310554725367,139.57279665348884,46.0
292.0,19556.0,250.69104489005235,290.6899919965192,132.11679935436504,43.0
292.3333333333333,21180.0,250.58790871307485,290.8040489740792,135.17298496725112,58.0
292.6666666666667,19573.0,252.5236621383878,291.58182373154426,128.33592829230045,38.0
293.0,10330.0,218.20964582456205,255.97997825863627,97.32648025883779,28.0
293.3333333333333,20737.0,249.0903450234138,291.4886553616185,133.859293242331,46.0
293.6666666666667,20173.0,249.91478524441646,291.7435505439854,132.7981958501904,43.0
294.0,19065.0,249.28618086139286,292.31879308433196,137.85075326480725,45.0
294.3333333333333,19797.0,250.36333523994966,292.2004106757583,134.18771376571036,53.0
294.6666666666667,19941.0,252.1745427278495,292.54213077267906,132.39283215256643,45.0
295.0,20426.0,249.29951857763814,292.18315822340423,137.2292482263593,43.0
295.3333333333333,18205.0,251.8571023104862,292.9819442279358,130.47478305741848,37.0
295.6666666666667,21634.0,249.99739997919966,292.40763414530204,139.10383621269355,60.0
296.0,19681.0,249.55961211702507,292.75928248244935,136.1936717645708,35.0
296.3333333333333,18669.0,252.0916494593534,293.81446517719456,128.86888727602897,29.0
296.6666666666667,22945.0,251.07170290576354,291.9474590664187,134.74738433711065,46.0
297.0,22255.0,251.45615917434867,292.4886461528873,137.50042176451754,43.0
297.3333333333333,21619.0,250.23468982986938,293.2049275840007,136.68978650587573,46.0
297.6666666666667,23192.0,249.7042245256626,292.8383769144018,139.48455421326992,59.0
298.0,22469.0,249.80632497227532,293.60905973479504,140.101552043168,47.0
298.3333333333333,21891.0,252.00992043965255,293.27904164911376,131.37509921274417,36.0
298.6666666666667,22383.0,251.8491612056709,293.80573510533816,131.84133103801074,38.0
299.0,22068.0,247.38633753705963,293.63067764567023,138.4213960536444,50.0
299.3333333333333,23192.0,251.28758425163016,294.5468465149071,137.20867508332176,42.0
299.6666666666667,21645.0,253.2469113589336,295.3899436665641,131.95389020225156,40.0
300.0,21854.0,250.90067741403135,294.77680208759307,140.81188286533632,52.0
300.3333333333333,22042.0,253.16002844051033,295.30406915772863,136.52016186810255,48.0
300.6666666666667,21713.0,250.9079507001954,294.8324251539783,141.60186284353856,55.0
301.0,19976.0,252.92390159308587,297.36278277001543,133.37657504343198,46.0
301.3333333333333,22992.0,252.35371972706932,294.70774433246606,143.015519664668,54.0
301.6666666666667,9990.0,204.02646793852162,224.66737597172198,95.81585511586836,32.0
302.0,21794.0,251.94076535266566,295.79734616729405,141.01620248500564,49.0
