frame,dx,dy
0,0.0,0.0
1,0.34912109375,-0.189910888671875
2,0.7791366577148438,-0.3023223876953125
3,0.9550247192382812,-0.61102294921875
4,0.8261184692382812,-0.8509902954101562
5,0.8042984008789062,-1.3993911743164062
6,1.1283950805664062,-1.6033096313476562
7,1.1337661743164062,-1.7727432250976562
8,1.3804702758789062,-2.1111221313476562
9,1.4092788696289062,-2.4866561889648438
10,0.8027114868164062,-2.3564071655273438
11,0.7442398071289062,-2.5144729614257812
12,0.48886871337890625,-2.5912857055664062
13,0.38486480712890625,-3.0707778930664062
14,0.8660659790039062,-3.4740371704101562
15,0.43732452392578125,-3.7437210083007812
16,0.5247573852539062,-3.6218948364257812
17,0.7202987670898438,-3.7139511108398438
18,0.7671127319335938,-3.3518295288085938
19,0.9659652709960938,-3.3817672729492188
20,0.8562240600585938,-3.8118209838867188
21,0.7297592163085938,-4.141868591308594
22,0.8455734252929688,-3.9696578979492188
23,0.8550949096679688,-3.8166122436523438
24,1.0812911987304688,-4.248008728027344
25,0.8668746948242188,-4.239601135253906
26,1.2066574096679688,-4.528434753417969
27,1.1810226440429688,-4.422874450683594
28,1.2713546752929688,-4.719505310058594
29,1.2993392944335938,-5.030998229980469
30,1.3809585571289062,-5.124046325683594
31,1.3329849243164062,-5.092948913574219
32,1.5442886352539062,-4.958427429199219
33,1.3633804321289062,-5.080589294433594
34,1.3104629516601562,-5.302452087402344
35,1.1987075805664062,-5.740058898925781
36,1.1158523559570312,-5.721076965332031
37,1.1202468872070312,-5.788734436035156
38,1.3972978591918945,-5.931526184082031
39,1.7480669021606445,-6.176719665527344
40,1.7582902908325195,-6.016120910644531
41,1.4351396560668945,-6.048255920410156
42,1.5553789138793945,-5.812782287597656
43,1.3485307693481445,-5.248687744140625
44,1.6870927810668945,-5.229156494140625
45,1.6943559646606445,-5.1993560791015625
46,1.9991655349731445,-5.3746795654296875
47,2.228581428527832,-5.9747772216796875
48,3.021916389465332,-6.5663299560546875
49,3.541733741760254,-6.7544708251953125
50,3.746720314025879,-6.8046417236328125
51,3.594681739807129,-6.7447662353515625
52,3.478592872619629,-6.4463043212890625
53,3.414872169494629,-6.7984161376953125
54,3.337632179260254,-7.047126770019531
55,3.567368507385254,-7.456336975097656
56,3.739243507385254,-7.676180839538574
57,3.7042551040649414,-7.614520072937012
58,3.3691720962524414,-7.967867851257324
59,3.21450138092041,-7.860842704772949
60,2.69924259185791,-7.903048515319824
61,2.70736026763916,-8.397799491882324
62,2.7705163955688477,-8.913851737976074
63,2.5074243545532227,-8.736422538757324
64,2.5188989639282227,-9.2162504196167
65,2.2323179244995117,-9.511126518249512
66,2.8120298385620117,-9.946429252624512
67,2.9775571823120117,-9.701586723327637
68,2.9187192916870117,-9.766314506530762
69,3.001498222351074,-10.346301078796387
70,3.064364433288574,-10.771044731140137
71,3.040163993835449,-10.969866752624512
72,2.900637626647949,-11.196948051452637
73,2.995791435241699,-11.479479789733887
74,2.681307792663574,-11.983416557312012
75,2.757927894592285,-12.045626640319824
76,3.21657657623291,-12.473010063171387
77,3.65639591217041,-12.864336967468262
78,4.02138614654541,-12.976214408874512
79,4.299935340881348,-12.976916313171387
80,4.279305458068848,-13.583941459655762
81,4.331215858459473,-13.635096549987793
82,4.505410194396973,-13.904916763305664
83,4.237618446350098,-13.973001480102539
84,4.209450721740723,-13.390970230102539
85,4.216927528381348,-13.402490615844727
86,3.9886560440063477,-13.217676162719727
87,3.8123865127563477,-13.577539443969727
88,3.3374109268188477,-13.509683609008789
89,3.8418893814086914,-13.381921768188477
90,3.9830636978149414,-13.569681167602539
91,3.8263254165649414,-13.444314956665039
92,3.8445138931274414,-13.725809097290039
93,3.854599952697754,-14.242746353149414
94,3.682755470275879,-15.069629192352295
95,4.073502540588379,-15.58223295211792
96,3.725886821746826,-15.77864408493042
97,3.826381206512451,-15.62294340133667
98,3.818446636199951,-15.227893352508545
99,3.549525737762451,-15.262057781219482
100,2.953334331512451,-14.831408977508545
101,3.113124370574951,-14.850329875946045
102,2.653529644012451,-15.023425579071045
103,2.533900737762451,-15.562243938446045
104,2.434535503387451,-16.236499309539795
105,2.5008578300476074,-16.171863079071045
106,2.2490267753601074,-15.695971965789795
107,2.3219637870788574,-15.65730619430542
108,2.0813632011413574,-15.287097454071045
109,2.2431063652038574,-15.429736614227295
110,2.0756258964538574,-15.911426067352295
111,2.0764498710632324,-16.280322551727295
112,1.97175931930542,-16.38167142868042
113,1.7242159843444824,-16.537734508514404
114,2.2561984062194824,-16.39201307296753
115,2.213679790496826,-16.493606090545654
116,2.855952739715576,-16.646819591522217
117,2.3312788009643555,-16.939399242401123
118,2.2632856369018555,-17.320991039276123
119,2.3196210861206055,-17.437293529510498
120,2.3737592697143555,-18.183356761932373
121,2.372523307800293,-18.441504955291748
122,1.884852409362793,-18.541297435760498
123,1.938197135925293,-18.627540111541748
124,1.859339714050293,-18.730445384979248
125,1.884791374206543,-18.860328197479248
126,1.8977460861206055,-18.888556957244873
127,2.0847578048706055,-19.099708080291748
128,1.664271354675293,-19.057319164276123
129,1.281702995300293,-18.991233348846436
130,1.535029411315918,-19.368552684783936
131,1.524775505065918,-19.82640790939331
132,1.2781476974487305,-20.04827070236206
133,0.8894758224487305,-20.175910472869873
134,1.3258161544799805,-20.562140941619873
135,1.2279157638549805,-20.550483226776123
136,1.6151533126831055,-20.531898021697998
137,1.7575788497924805,-20.504676342010498
138,1.8014097213745117,-19.947791576385498
139,1.7696714401245117,-19.861365795135498
140,1.8849058151245117,-20.063971996307373
141,1.8197050094604492,-20.04521894454956
142,1.6862821578979492,-20.15825605392456
143,1.6779813766479492,-20.02330732345581
144,1.7609891891479492,-20.148047924041748
145,1.6291227340698242,-20.146583080291748
146,1.7663679122924805,-20.050147533416748
147,2.0661115646362305,-20.431922435760498
148,2.1904706954956055,-20.505103588104248
149,2.5369138717651367,-20.436858654022217
150,2.5350217819213867,-20.569365978240967
151,2.218325614929199,-20.410003185272217
152,1.8596830368041992,-20.437453746795654
153,1.7197751998901367,-20.30076551437378
154,1.7781248092651367,-20.100112438201904
155,2.1663694381713867,-19.52647352218628
156,2.661311149597168,-19.13585615158081
157,2.801569938659668,-19.15483808517456
158,2.715632438659668,-18.956855297088623
159,2.662409782409668,-19.196845531463623
160,2.768305778503418,-19.241645336151123
161,2.397242546081543,-19.698298931121826
162,1.948634147644043,-19.200191020965576
163,1.831446647644043,-19.0901141166687
164,2.108668327331543,-18.77394437789917
165,1.869288444519043,-18.918551921844482
166,1.7417707443237305,-18.673251628875732
167,1.4585371017456055,-18.978915691375732
168,1.2058286666870117,-19.14802885055542
169,1.8683042526245117,-19.100329875946045
170,2.590127944946289,-19.175342082977295
171,2.7394657135009766,-20.164424419403076
172,2.7875614166259766,-20.606547832489014
173,3.0003299713134766,-20.928874492645264
174,2.6053409576416016,-21.217341899871826
175,2.8292179107666016,-21.503657817840576
176,2.4305286407470703,-21.62592649459839
177,2.403779983520508,-21.686503887176514
178,2.315889358520508,-21.315898418426514
179,2.788728713989258,-21.24470090866089
180,3.116456985473633,-21.122966289520264
181,2.304323196411133,-21.21046018600464
182,1.6417560577392578,-21.25489377975464
183,1.3351154327392578,-21.694438457489014
184,1.2164630889892578,-22.18317747116089
185,0.5735797882080078,-22.2086443901062
186,0.6464862823486328,-22.30335569381714
187,0.6964130401611328,-22.08570432662964
188,0.7942523956298828,-22.312495708465576
189,0.5906391143798828,-22.70405912399292
190,0.2134876251220703,-22.35792875289917
191,0.2552967071533203,-22.126956462860107
192,0.05423164367675781,-21.938601970672607
193,0.6940326690673828,-21.852603435516357
194,1.0141010284423828,-21.665744304656982
195,1.1327533721923828,-21.580173015594482
196,1.6909809112548828,-21.94350004196167
197,1.5780658721923828,-21.74684476852417
198,1.5076618194580078,-21.91915464401245
199,1.1163349151611328,-21.80697202682495
200,0.5753192901611328,-21.825786113739014
201,0.44907569885253906,-22.01146650314331
202,0.7109165191650391,-22.02629804611206
203,0.5516757965087891,-21.76384687423706
204,0.10396003723144531,-21.834228038787842
205,0.6371326446533203,-21.602294445037842
206,1.2665653228759766,-21.17515516281128
207,1.3848209381103516,-21.317389965057373
208,1.1337833404541016,-21.313819408416748
209,1.3221759796142578,-21.122016429901123
210,1.5854816436767578,-21.354194164276123
211,1.8605060577392578,-21.250739574432373
212,2.104768753051758,-21.248633861541748
213,1.9755573272705078,-21.124793529510498
214,1.9325885772705078,-21.044471263885498
215,2.317415237426758,-20.801063060760498
216,2.577058792114258,-20.852942943572998
217,2.0695056915283203,-21.028541088104248
218,1.7791156768798828,-20.987952709197998
219,1.9316730499267578,-20.987159252166748
220,2.369783401489258,-20.560615062713623
221,3.196931838989258,-20.196052074432373
222,2.677278518676758,-20.122382640838623
223,2.494966506958008,-20.271644115447998
224,2.460725784301758,-20.122077465057373
225,2.6945362091064453,-20.332740306854248
226,2.3070850372314453,-20.29026746749878
227,2.3401966094970703,-20.160003185272217
228,1.9343128204345703,-20.254607677459717
229,1.8778705596923828,-21.062148571014404
230,1.8575239181518555,-21.101943492889404
231,2.0396833419799805,-21.135024547576904
232,2.1817731857299805,-21.270354747772217
233,1.8774824142456055,-20.549819469451904
234,2.1380186080932617,-20.358535289764404
235,2.1833372116088867,-19.708632946014404
236,2.4265012741088867,-19.691161632537842
237,2.0425901412963867,-19.331237316131592
238,2.1396665573120117,-18.700377941131592
239,2.5888853073120117,-18.710601329803467
240,2.4196958541870117,-18.450225353240967
241,2.7474546432495117,-18.189494609832764
242,2.9511289596557617,-18.193583965301514
243,3.6286191940307617,-18.466105937957764
244,3.5588560104370117,-18.662822246551514
245,3.7195920944213867,-18.948832988739014
246,3.9116086959838867,-19.18587827682495
247,3.6797971725463867,-19.3282732963562
248,3.8322019577026367,-19.57589292526245
249,3.2913084030151367,-19.96273374557495
250,3.5951719284057617,-20.267131328582764
251,3.6184873580932617,-20.021037578582764
252,3.2666196823120117,-20.488696575164795
253,3.1698179244995117,-21.0462908744812
254,3.1779966354370117,-21.372188091278076
255,2.9231138229370117,-21.361567974090576
256,2.8562192916870117,-21.86561155319214
257,2.9975156784057617,-21.88549280166626
258,3.150210380554199,-21.61924982070923
259,3.3925962448120117,-22.00059747695923
260,3.326399803161621,-21.824068546295166
261,3.536269187927246,-21.419634342193604
262,3.6990652084350586,-20.784075260162354
263,3.73032283782959,-20.86607599258423
264,3.44199275970459,-20.26671075820923
265,3.57358455657959,-20.02867364883423
266,3.534674644470215,-20.13286066055298
267,3.320929527282715,-20.17320489883423
268,3.089972496032715,-20.42991876602173
269,2.889716148376465,-20.55052423477173
270,2.691657066345215,-20.59623956680298
271,2.301032066345215,-21.04484796524048
272,1.8794927597045898,-21.18663263320923
273,1.9069280624389648,-20.985628604888916
274,2.004429817199707,-20.742464542388916
275,2.016819953918457,-20.655428409576416
276,1.912083625793457,-20.66888666152954
277,1.659184455871582,-21.06981134414673
278,1.446537971496582,-20.96281671524048
279,1.365849494934082,-20.89738702774048
280,1.126225471496582,-20.518526554107666
281,1.166447639465332,-20.711824893951416
282,1.299351692199707,-20.678667545318604
283,1.708561897277832,-20.895857334136963
284,1.842045783996582,-20.666075229644775
285,1.9164018630981445,-20.657576084136963
286,2.0743608474731445,-20.883528232574463
287,2.6894121170043945,-20.949812412261963
288,2.462071418762207,-21.273481845855713
289,2.664830207824707,-21.985090732574463
290,2.662114143371582,-22.255659580230713
291,2.7132081985473633,-22.492262363433838
292,2.7272462844848633,-22.659681797027588
293,3.1515626907348633,-22.692244052886963
294,3.860600471496582,-23.053877353668213
295,3.989781379699707,-23.09847116470337
296,3.653721809387207,-22.983938694000244
297,3.433018684387207,-23.07253122329712
298,3.527867317199707,-23.40914011001587
299,3.504368782043457,-23.37831735610962
300,3.234532356262207,-24.01302194595337
301,3.156407356262207,-23.981436252593994
302,3.259922981262207,-24.110342502593994
303,3.407505989074707,-24.19667673110962
304,4.173253059387207,-24.373037815093994
305,4.395054817199707,-24.725576877593994
306,4.149937629699707,-25.384329319000244
307,4.143002510070801,-25.17659616470337
308,3.958340644836426,-25.18935251235962
309,4.170239448547363,-24.954290866851807
310,4.0983476638793945,-24.966848850250244
311,2.8289384841918945,-25.112173557281494
312,2.7656755447387695,-24.927603244781494
313,2.7378435134887695,-24.688223361968994
314,2.7903337478637695,-25.233389377593994
315,2.8113012313842773,-25.799368381500244
316,2.8930883407592773,-25.848684787750244
317,3.3236303329467773,-26.02467966079712
318,3.4327611923217773,-26.164602756500244
319,3.3305578231811523,-25.874197483062744
320,3.279181480407715,-26.252493381500244
321,3.335516929626465,-26.988897800445557
322,3.331549644470215,-26.789190769195557
323,2.420660972595215,-26.35495615005493
324,2.076422691345215,-26.3515944480896
325,1.4484472274780273,-26.341920375823975
326,1.1628026962280273,-26.174073696136475
327,0.7804479598999023,-26.105021953582764
328,0.6589879989624023,-25.783854961395264
329,0.7698278427124023,-25.788615703582764
330,0.8975362777709961,-25.829936504364014
331,1.365706443786621,-25.06525754928589
332,1.249159812927246,-25.195491313934326
333,1.311110496520996,-25.30330991744995
334,0.9153585433959961,-25.268413066864014
335,0.9546651840209961,-25.804790019989014
336,0.5533590316772461,-25.89118528366089
337,-0.1507425308227539,-25.97730588912964
338,-0.5534524917602539,-26.06409788131714
339,-0.7319650650024414,-26.22675657272339
340,-1.1336069107055664,-25.79633665084839
341,-1.0772409439086914,-25.47083616256714
342,-0.8805246353149414,-25.36310911178589
343,-0.8804540634155273,-24.92512083053589
344,-0.9221258163452148,-24.900821208953857
345,-0.6723241806030273,-24.693973064422607
346,-0.8927831649780273,-24.757449626922607
347,-1.1322851181030273,-24.69356107711792
348,-0.5432958602905273,-24.72493314743042
349,-0.37300777435302734,-25.225772380828857
350,-0.8982000350952148,-25.342929363250732
351,-1.0753545761108398,-25.101474285125732
352,-0.8047094345092773,-24.907199382781982
353,-0.7815160751342773,-24.58833646774292
354,-0.6321020126342773,-24.781585216522217
355,-0.022971153259277344,-25.18315076828003
356,0.28083133697509766,-25.46043348312378
357,0.6830987930297852,-25.388076305389404
358,0.6632623672485352,-25.604201793670654
359,0.28717899322509766,-25.93529462814331
360,0.18550968170166016,-25.962592601776123
361,0.31917667388916016,-25.466376781463623
362,0.8374719619750977,-25.729560375213623
363,1.0214624404907227,-25.996665477752686
364,1.2632837295532227,-26.570884227752686
365,1.1449975967407227,-26.82994794845581
366,0.8233118057250977,-27.26091718673706
367,0.5369348526000977,-27.24315595626831
368,0.3727836608886719,-27.376746654510498
369,0.43598175048828125,-27.294593334197998
370,0.43555450439453125,-27.158820629119873
371,0.502593994140625,-27.190711498260498
372,0.99951171875,-26.865928173065186
373,0.8707275390625,-26.73052167892456
374,0.867156982421875,-26.980796337127686
375,0.802581787109375,-27.00261640548706
376,0.8078536987304688,-26.397284984588623
377,0.5258712768554688,-25.751838207244873
378,0.34032440185546875,-25.53215742111206
379,0.4030036926269531,-26.228888988494873
380,0.7960700988769531,-26.090583324432373
381,1.0174293518066406,-26.162131786346436
382,1.2552528381347656,-26.790977001190186
383,1.1134071350097656,-26.83928632736206
384,1.0934486389160156,-26.291114330291748
385,1.1108665466308594,-26.322165966033936
386,1.4044456481933594,-26.038108348846436
387,1.6497459411621094,-26.246558666229248
388,1.8530082702636719,-26.263129711151123
389,1.8791160583496094,-26.2026629447937
390,1.6026268005371094,-26.0919451713562
391,2.2447166442871094,-26.8465838432312
392,2.1229515075683594,-27.197070598602295
393,1.9209823608398438,-27.234042644500732
394,1.9272079467773438,-27.247226238250732
395,1.3536911010742188,-27.230044841766357
396,1.5869789123535156,-26.906375408172607
397,1.4768714904785156,-27.076892375946045
398,1.6628761291503906,-27.031497478485107
399,1.7876167297363281,-26.836459636688232
400,1.8899879455566406,-26.859103679656982
401,1.8806190490722656,-26.65932035446167
402,1.5121040344238281,-26.503894329071045
403,1.9883003234863281,-26.083850383758545
404,2.500568389892578,-26.221545696258545
405,2.7016258239746094,-26.552402019500732
406,2.8559532165527344,-26.417521953582764
407,2.6837730407714844,-26.686137676239014
408,2.4722862243652344,-26.411052227020264
409,2.6817588806152344,-26.422847270965576
410,2.1570396423339844,-26.55282163619995
411,1.7609748840332031,-26.48567533493042
412,1.838491439819336,-26.46149778366089
413,2.062368392944336,-26.7796893119812
414,2.025991439819336,-27.150187969207764
415,2.107778549194336,-27.764201641082764
416,2.047323226928711,-27.909099102020264
417,2.209432601928711,-28.419963359832764
418,2.483755111694336,-28.31318235397339
419,2.1379547119140625,-28.5902361869812
420,1.9789581298828125,-28.313785076141357
421,2.189910888671875,-27.556399822235107
422,2.3539657592773438,-27.437488079071045
423,2.7407455444335938,-27.565051555633545
424,2.756195068359375,-27.902804851531982
425,2.1677703857421875,-28.29829740524292
426,1.6405487060546875,-28.53340482711792
427,1.71575927734375,-28.58168363571167
428,1.4749755859375,-28.76741361618042
429,1.41705322265625,-28.722712993621826
430,1.345947265625,-29.0746111869812
431,1.251953125,-29.03148603439331
432,0.68206787109375,-28.921889781951904
433,0.71539306640625,-28.307036876678467
434,0.59881591796875,-27.978942394256592
435,0.17928314208984375,-28.254165172576904
436,0.00496673583984375,-28.250678539276123
437,-0.23050689697265625,-28.12847089767456
438,0.00087738037109375,-28.01000165939331
439,0.01955413818359375,-27.91063642501831
440,0.13649749755859375,-28.114646434783936
441,0.08406829833984375,-28.888719081878662
442,0.26165008544921875,-28.9034743309021
443,0.5363979339599609,-28.694724559783936
444,0.8501186370849609,-28.935874462127686
445,1.059225082397461,-28.639365673065186
446,1.2366695404052734,-28.231055736541748
447,1.1831417083740234,-27.946937084197998
448,1.3344478607177734,-28.13936185836792
449,1.6994380950927734,-28.30983304977417
450,1.7807979583740234,-28.863070964813232
451,1.9211788177490234,-28.936069011688232
452,2.1376705169677734,-29.012954235076904
453,2.1467037200927734,-29.19114637374878
454,2.145822525024414,-29.039626598358154
455,1.790353775024414,-28.93595838546753
456,1.917001724243164,-28.467864513397217
457,2.055185317993164,-28.897155284881592
458,1.601541519165039,-29.294463634490967
459,1.597757339477539,-29.353637218475342
460,1.350076675415039,-28.724975109100342
461,1.823892593383789,-28.77110242843628
462,2.524576187133789,-29.092910289764404
463,2.6787052154541016,-29.745151042938232
464,2.6163883209228516,-29.636600017547607
465,2.5857486724853516,-29.846683025360107
466,2.2717838287353516,-30.174258708953857
467,2.3993473052978516,-30.168582439422607
468,2.7291812896728516,-30.578341960906982
469,3.1437320709228516,-30.677829265594482
470,3.3286380767822266,-30.602283000946045
471,3.5067386627197266,-30.862170696258545
472,3.5497074127197266,-31.461474895477295
473,3.5675296783447266,-31.828784465789795
474,3.806184768676758,-31.879992961883545
475,3.550813674926758,-31.851001262664795
476,3.445650100708008,-31.95479154586792
477,3.155336380004883,-31.79884672164917
478,2.814271926879883,-31.964953899383545
479,2.036134719848633,-32.313342571258545
480,2.098939895629883,-32.23683500289917
481,2.6227893829345703,-32.51607084274292
482,3.2336292266845703,-32.756030559539795
483,3.2871570587158203,-32.767505168914795
484,3.0409412384033203,-32.64400053024292
485,3.0661182403564453,-32.82229948043823
486,3.1095752716064453,-32.69031095504761
487,3.0482959747314453,-32.499011516571045
488,3.018312454223633,-31.867221355438232
489,3.462160110473633,-31.541614055633545
490,3.322725296020508,-31.665591716766357
491,3.3882083892822266,-31.855105876922607
492,2.955240249633789,-32.517531871795654
493,3.3422794342041016,-32.08233594894409
494,2.9298038482666016,-32.33792066574097
495,2.9584903717041016,-32.40594434738159
496,3.0541324615478516,-32.14622449874878
497,2.8613224029541016,-32.43453931808472
498,2.6606388092041016,-32.68826246261597
499,2.5948429107666016,-33.04717969894409
500,2.0078067779541016,-32.92425489425659
501,2.0530948638916016,-32.91180372238159
502,2.264719009399414,-33.02150869369507
503,2.321542739868164,-33.27172231674194
504,2.326791763305664,-33.45687246322632
505,2.845407485961914,-33.59206533432007
506,2.938547134399414,-33.59658193588257
507,2.971384048461914,-33.66048574447632
508,3.236948013305664,-33.072946071624756
509,2.9853763580322266,-32.75515127182007
510,3.2962894439697266,-32.92119741439819
511,3.494539260864258,-33.061837673187256
512,3.667451858520508,-33.24363088607788
513,3.410127639770508,-33.70397329330444
514,3.386690139770508,-33.22573232650757
515,3.945161819458008,-33.54276418685913
516,4.169740676879883,-33.383065700531006
517,3.5619449615478516,-33.53334951400757
518,3.2528934478759766,-33.67312002182007
519,2.8386173248291016,-34.16282033920288
520,2.8275089263916016,-34.56578969955444
521,3.085306167602539,-34.86373281478882
522,3.177865982055664,-34.74514150619507
523,3.643198013305664,-34.68718862533569
524,4.321741104125977,-34.68203115463257
525,4.727319717407227,-34.702529430389404
526,4.950281143188477,-35.201777935028076
527,4.847650527954102,-35.0801043510437
528,5.014520645141602,-34.6598162651062
529,5.101434707641602,-35.55330991744995
530,5.044427871704102,-35.8969988822937
531,5.237756729125977,-35.440669536590576
532,5.335168838500977,-35.563045024871826
533,5.425241470336914,-35.629619121551514
534,5.608606338500977,-35.801257610321045
535,5.832101821899414,-35.86891508102417
536,5.767343521118164,-35.85641050338745
537,5.984384536743164,-36.008098125457764
538,5.993295669555664,-35.39643430709839
539,6.207040786743164,-34.86898374557495
540,6.824350357055664,-35.34991407394409
541,6.839609146118164,-36.56808423995972
542,6.546854019165039,-36.43255567550659
543,6.594278335571289,-36.68994092941284
544,6.983926773071289,-37.23391675949097
545,6.829141616821289,-37.3314642906189
546,6.671304702758789,-37.55555486679077
547,6.940225601196289,-37.59388494491577
548,6.930139541625977,-37.6864447593689
549,7.113000869750977,-37.72117376327515
550,7.459924697875977,-37.56404256820679
551,7.227685928344727,-37.40214681625366
552,7.148248672485352,-37.05488729476929
553,6.929681777954102,-36.91212606430054
554,6.695398330688477,-36.28212881088257
555,6.550378799438477,-36.02639150619507
556,6.561120986938477,-36.22829580307007
557,7.141016006469727,-36.39638662338257
558,7.378931045532227,-35.787057399749756
559,7.719995498657227,-36.00168752670288
560,8.141992568969727,-35.92386770248413
561,8.333215713500977,-35.73002004623413
562,8.359582901000977,-35.714364528656006
563,8.539514541625977,-35.87172842025757
564,8.484216690063477,-35.51802968978882
565,8.326486587524414,-35.721681118011475
566,7.880777359008789,-35.56149435043335
567,7.920413970947266,-35.694886684417725
568,7.867191314697266,-35.63060140609741
569,7.816959381103516,-36.19169569015503
570,8.020694732666016,-36.62028455734253
571,8.004276275634766,-37.12292432785034
572,8.100345611572266,-36.64166212081909
573,8.136627197265625,-36.08077955245972
574,8.025543212890625,-36.19714307785034
575,8.115692138671875,-35.80850172042847
576,8.279754638671875,-35.1151385307312
577,7.933441162109375,-34.538264751434326
578,7.587615966796875,-33.987895488739014
579,8.239654541015625,-33.963359355926514
580,8.217681884765625,-34.118144512176514
581,8.147039413452148,-33.952861309051514
582,7.977727890014648,-34.0641131401062
583,7.968938827514648,-34.11580991744995
584,7.893011093139648,-34.38082456588745
585,7.296178817749023,-33.9645037651062
586,7.795492172241211,-33.38856077194214
587,8.216955184936523,-33.29746961593628
588,8.227270126342773,-32.61985731124878
589,8.428531646728516,-32.857741832733154
590,8.532413482666016,-33.109694957733154
591,8.403751373291016,-33.37712049484253
592,8.132343292236328,-33.41709852218628
593,7.902606964111328,-33.30137586593628
594,7.825473785400391,-33.372756481170654
595,7.601963043212891,-33.906264781951904
596,7.351078033447266,-33.73434400558472
597,7.140811920166016,-33.75645399093628
598,7.172824859619141,-34.08061170578003
599,7.492351531982422,-34.13906812667847
600,7.595165252685547,-34.07397413253784
601,6.995067596435547,-34.21527051925659
602,6.737244606018066,-34.24729871749878
603,6.914429664611816,-34.00987195968628
604,7.325882911682129,-33.57031202316284
605,7.236191749572754,-33.29229688644409
606,7.362168312072754,-32.97955274581909
607,7.630486488342285,-32.901992321014404
608,7.478142738342285,-32.69604444503784
609,8.045403480529785,-33.58032178878784
610,8.229119300842285,-33.46899366378784
611,8.018731117248535,-33.95843458175659
612,7.772759437561035,-33.63780355453491
613,7.63533878326416,-33.93760824203491
614,7.69741153717041,-34.21370077133179
615,7.99099063873291,-33.64741659164429
616,8.26180362701416,-33.35151815414429
617,8.26851749420166,-32.96937704086304
618,8.49666690826416,-32.90385580062866
619,8.29909610748291,-33.38163900375366
620,8.411710739135742,-34.13942098617554
621,7.861051559448242,-34.40251302719116
622,7.954496383666992,-34.61284017562866
623,7.690214157104492,-34.35646200180054
624,7.422636032104492,-34.5997633934021
625,7.085721969604492,-34.709168910980225
626,7.093412399291992,-34.75756216049194
627,6.765714645385742,-34.54198598861694
628,6.058683395385742,-34.48795461654663
629,5.737577438354492,-35.08452749252319
630,5.769598007202148,-35.55214834213257
631,5.738592147827148,-35.39248037338257
632,5.611028671264648,-35.31113576889038
633,5.77634859085083,-34.74949026107788
634,6.192043781280518,-34.68528127670288
635,5.940823078155518,-34.48162221908569
636,5.782436847686768,-34.410165309906006
637,5.305416584014893,-33.88846731185913
638,5.270519733428955,-34.05919790267944
639,5.333508014678955,-33.84163808822632
640,5.50346040725708,-34.13991689682007
641,5.46696138381958,-33.92373037338257
642,5.325985431671143,-33.84557485580444
643,5.132381916046143,-33.2771201133728
644,4.335506916046143,-32.978856563568115
645,4.053646564483643,-32.99359655380249
646,4.031025409698486,-32.99918508529663
647,3.6034436225891113,-32.955941677093506
648,3.745090961456299,-32.76792669296265
649,3.787083148956299,-32.26975774765015
650,4.352695941925049,-31.750226497650146
651,4.188877582550049,-31.777936458587646
652,4.024082660675049,-31.875653743743896
653,4.200916767120361,-32.436063289642334
654,4.297474384307861,-32.523282527923584
655,4.066303730010986,-32.481168270111084
656,3.9326672554016113,-32.47460699081421
657,3.970585346221924,-32.78216314315796
658,4.086308002471924,-32.590970516204834
659,4.316898822784424,-32.75695562362671
660,4.067722797393799,-32.47991704940796
661,3.995579242706299,-32.69577169418335
662,3.5408053398132324,-32.6671462059021
663,3.550844669342041,-33.10910177230835
664,3.474672794342041,-33.5211501121521
665,3.946962833404541,-33.8175368309021
666,4.304712772369385,-34.24374532699585
667,4.698267459869385,-34.79548788070679
668,5.371363162994385,-34.43174886703491
669,5.491785526275635,-34.440072536468506
670,5.443689823150635,-34.40964651107788
671,5.666468143463135,-34.16904592514038
672,5.938684940338135,-34.28421926498413
673,6.584116458892822,-34.84355306625366
674,6.866709232330322,-35.19889974594116
675,7.862802982330322,-35.61595296859741
676,8.171030521392822,-36.62382650375366
677,8.007898807525635,-36.96190023422241
678,8.347071170806885,-37.04994344711304
679,8.379908084869385,-36.73018026351929
680,8.480799198150635,-36.827699184417725
681,8.520220279693604,-37.51981592178345
682,8.685869693756104,-37.711817264556885
683,8.528749942779541,-37.5052285194397
684,8.455111026763916,-37.555872440338135
685,8.440340518951416,-37.525904178619385
686,8.534334659576416,-37.68512964248657
687,8.674944400787354,-37.796473026275635
688,8.376726627349854,-37.555811405181885
689,8.610369205474854,-37.496363162994385
690,7.67458963394165,-38.04809045791626
691,7.23867654800415,-38.21264123916626
692,7.474730014801025,-37.8785195350647
693,7.130857944488525,-37.8810830116272
694,6.765623569488525,-38.0596718788147
695,6.698988437652588,-37.12952661514282
696,6.548658847808838,-36.89708948135376
697,6.251905918121338,-36.97606897354126
698,5.94607400894165,-36.86060571670532
699,5.922743320465088,-36.7685341835022
700,5.493818759918213,-37.23844385147095
701,5.470747470855713,-37.63209009170532
702,5.574903964996338,-37.71180200576782
703,5.496534824371338,-37.46650171279907
704,5.968183994293213,-37.03944444656372
705,7.164045810699463,-36.926186084747314
706,7.173079013824463,-36.41980791091919
707,7.023375034332275,-36.920982837677
708,7.151365756988525,-36.92021989822388
709,6.634481906890869,-36.86986589431763
710,6.807089328765869,-36.88719987869263
711,6.704123020172119,-37.538429737091064
712,7.132566928863525,-38.643959522247314
713,7.273252964019775,-39.11652421951294
714,7.017576694488525,-39.03369951248169
715,7.094480991363525,-38.83905839920044
716,6.924513339996338,-38.92202043533325
717,7.239157199859619,-39.207848072052
718,7.197531223297119,-39.6339955329895
719,7.462011814117432,-39.72301530838013
720,7.521704196929932,-39.8720326423645
721,7.278662204742432,-39.78986406326294
722,7.295141696929932,-39.91223955154419
723,7.546484470367432,-39.81324052810669
724,7.755697727203369,-39.30092668533325
725,7.449766635894775,-39.345131397247314
726,7.367186069488525,-39.363747119903564
727,7.190062046051025,-39.312172412872314
728,6.484129428863525,-40.001869678497314
729,6.671507358551025,-39.57538652420044
730,6.475462436676025,-39.23200273513794
731,6.893537998199463,-39.48047685623169
732,6.970076084136963,-39.638527393341064
733,7.014204502105713,-39.8622670173645
734,7.380964756011963,-40.00072526931763
735,7.969740390777588,-39.708664417266846
736,7.985487461090088,-39.834763050079346
737,7.604017734527588,-39.379379749298096
738,7.359480381011963,-39.2980580329895
739,7.324079990386963,-39.830910205841064
740,7.345839023590088,-39.92285966873169
741,7.454336643218994,-39.65375566482544
742,7.665152072906494,-40.21845293045044
743,7.673513889312744,-40.14537858963013
744,7.720045566558838,-40.08120012283325
745,6.864698886871338,-39.90566301345825
746,6.558668613433838,-40.00868272781372
747,6.802076816558838,-40.60365343093872
748,6.855787754058838,-40.53102159500122
749,6.4644455909729,-40.70032548904419
750,6.4231858253479,-40.321693897247314
751,6.49209451675415,-40.8190541267395
752,6.050802707672119,-41.310097217559814
753,6.087942600250244,-41.77124834060669
754,6.058966159820557,-41.80219316482544
755,5.868475437164307,-41.82831621170044
756,5.611792087554932,-41.899147510528564
757,5.689306735992432,-42.08245134353638
758,5.878103733062744,-42.11805009841919
759,5.540548801422119,-42.24939775466919
760,5.270514011383057,-42.445656299591064
761,5.180792331695557,-42.551979541778564
762,5.167685031890869,-42.124611377716064
763,5.280828952789307,-41.762550830841064
764,5.1951584815979,-41.521156787872314
765,5.230345249176025,-41.445351123809814
766,4.693357944488525,-41.71393632888794
767,4.602903842926025,-41.982338428497314
768,4.408796787261963,-42.227089405059814
769,4.564497470855713,-42.191994190216064
770,4.78567361831665,-42.440529346466064
771,5.28567361831665,-42.42993974685669
772,4.85207986831665,-42.126869678497314
773,5.11172342300415,-42.17865800857544
774,5.04702615737915,-42.272194385528564
775,5.54324197769165,-42.58069658279419
776,6.00503396987915,-42.52558183670044
777,6.17849588394165,-42.14893388748169
778,6.261656284332275,-42.436623096466064
779,6.571730136871338,-42.487892627716064
780,6.355757236480713,-43.13697862625122
781,6.479902744293213,-43.52775239944458
782,6.818220615386963,-43.213451862335205
783,7.034315586090088,-42.593151569366455
784,6.832716464996338,-42.606186389923096
785,6.439650058746338,-43.31019639968872
786,6.091871738433838,-43.09742784500122
787,5.593092441558838,-42.785690784454346
788,5.383177280426025,-43.097580432891846
789,5.493895053863525,-43.15609788894653
790,5.908689975738525,-43.02526903152466
791,6.157789707183838,-42.88525438308716
792,5.836531162261963,-42.91235399246216
793,5.647413730621338,-42.33447313308716
794,5.612379550933838,-42.50192308425903
795,6.202345371246338,-42.768906116485596
796,6.566114902496338,-42.52589464187622
797,7.316298007965088,-42.576988697052
798,7.037367343902588,-42.06722640991211
799,6.982557773590088,-42.513484954833984
800,7.018934726715088,-42.82646560668945
801,6.800367832183838,-43.64639663696289
802,6.699278354644775,-43.3632698059082
803,7.323912143707275,-43.35316848754883
804,7.75247049331665,-42.99769973754883
805,7.15823221206665,-42.77884292602539
806,6.77114725112915,-42.12924575805664
807,7.1340012550354,-41.71231460571289
808,7.491987705230713,-41.298316955566406
809,7.486799716949463,-41.000572204589844
810,7.235426425933838,-41.387901306152344
811,7.233839511871338,-41.702293395996094
812,7.400465488433838,-41.84276580810547
813,8.170977115631104,-42.41973114013672
814,8.280596256256104,-42.79735565185547
815,7.636110782623291,-43.109779357910156
816,7.573244571685791,-42.93219757080078
817,7.576723575592041,-43.17963409423828
818,7.506655216217041,-43.500205993652344
819,7.677706241607666,-43.586631774902344
820,7.679087162017822,-43.55884552001953
821,7.361277103424072,-43.675758361816406
822,7.566935062408447,-43.71837615966797
823,7.752665042877197,-43.944053649902344
824,8.003397464752197,-44.47606658935547
825,8.049662113189697,-44.69078826904297
826,8.445787906646729,-44.81550598144531
827,8.719347476959229,-44.65632629394531
828,9.269182682037354,-44.18031311035156
829,8.706438541412354,-43.70597839355469
830,8.719667911529541,-43.90678405761719
831,8.664492130279541,-44.11030578613281
832,8.209414005279541,-44.06718444824219
833,8.270815372467041,-44.33305358886719
834,8.088976383209229,-44.72563171386719
835,8.164110660552979,-45.013084411621094
836,8.169191837310791,-44.684837341308594
837,7.999514102935791,-44.51329803466797
838,7.576662540435791,-44.770530700683594
839,8.006594181060791,-44.979270935058594
840,8.262407779693604,-45.133872985839844
841,8.063768863677979,-45.06670379638672
842,8.166063785552979,-44.959129333496094
843,8.069796085357666,-45.14310550689697
844,7.890718936920166,-45.39331912994385
845,7.909883975982666,-45.75038242340088
846,8.207262516021729,-46.08784580230713
847,7.7623467445373535,-46.44465732574463
848,7.674562931060791,-46.44059753417969
849,7.690004825592041,-46.154327392578125
850,7.503115177154541,-46.409332275390625
851,7.534914493560791,-46.06898498535156
852,7.194246768951416,-45.772064208984375
853,7.065950870513916,-45.2310791015625
854,7.061434268951416,-45.11058044433594
855,7.208101749420166,-44.894561767578125
856,7.1609368324279785,-44.98863220214844
857,7.3531060218811035,-44.81943130493164
858,7.3909478187561035,-44.82706069946289
859,7.4650750160217285,-44.76340103149414
860,7.3905816078186035,-44.42056655883789
861,7.5036187171936035,-44.52695083618164
862,8.092974185943604,-45.131107330322266
863,8.083437442779541,-45.445682525634766
864,8.059145450592041,-45.752384185791016
865,7.991732120513916,-45.48501968383789
866,7.9824700355529785,-45.89458084106445
867,7.6697869300842285,-46.04843521118164
868,7.7394280433654785,-45.88162612915039
869,7.9578118324279785,-45.489566802978516
870,8.140520572662354,-45.16794204711914
871,8.161165714263916,-45.04457473754883
872,8.253145694732666,-44.98476028442383
873,8.336885929107666,-45.28352737426758
874,8.545931339263916,-45.23408889770508
875,9.138369083404541,-45.30986404418945
876,9.503031253814697,-44.374454498291016
877,9.460428714752197,-44.106693267822266
878,8.483927249908447,-43.53740310668945
879,8.466837406158447,-43.45389175415039
880,8.798868656158447,-42.812870025634766
881,8.79784631729126,-42.84458541870117
882,8.78893518447876,-43.06718063354492
883,8.784327030181885,-43.05029487609863
884,8.288660526275635,-42.62097358703613
885,7.848169803619385,-42.41626167297363
886,7.778833866119385,-42.424638748168945
887,7.864588260650635,-42.290544509887695
888,7.717432498931885,-42.56857490539551
889,7.740931034088135,-42.01257514953613
890,8.611963748931885,-41.03347969055176
891,8.970545291900635,-39.791154861450195
892,8.999842166900635,-39.520647048950195
893,9.556421756744385,-39.642412185668945
894,9.640688419342041,-39.79339790344238
895,9.813448429107666,-40.024614334106445
896,9.757601261138916,-39.387529373168945
897,10.255892276763916,-38.99001502990723
898,10.325594425201416,-38.95382118225098
899,10.790865421295166,-38.91416358947754
900,10.946627140045166,-39.08445167541504
901,11.265718936920166,-39.18821144104004
902,11.515963077545166,-39.09006690979004
903,11.596872806549072,-39.07268714904785
904,11.636789798736572,-39.21116065979004
905,11.528879642486572,-38.82874870300293
906,11.077341556549072,-38.44149589538574
907,11.041178226470947,-38.71101188659668
908,10.253824710845947,-38.855756759643555
909,9.72790002822876,-39.221723556518555
910,9.47979211807251,-39.239912033081055
911,9.83135461807251,-39.333906173706055
912,10.07207727432251,-39.27155876159668
913,10.235315799713135,-39.70382499694824
914,10.355799198150635,-39.71676445007324
915,9.884607791900635,-39.68264579772949
916,9.469263553619385,-39.69839286804199
917,9.53222131729126,-39.472787857055664
918,9.63579797744751,-39.27290916442871
919,9.40264368057251,-39.254384994506836
920,9.67986536026001,-39.39527893066406
921,9.56353235244751,-39.61531066894531
922,8.95672082901001,-39.39832305908203
923,9.158289432525635,-39.51801300048828
924,9.260805606842041,-39.67522430419922
925,9.02471399307251,-39.77941131591797
926,8.94805383682251,-40.08257293701172
927,8.90941858291626,-40.45476531982422
928,8.495951175689697,-40.36846160888672
929,8.352732181549072,-40.19507598876953
930,8.230539798736572,-40.581214904785156
931,8.016794681549072,-40.669410705566406
932,8.272959232330322,-41.115882873535156
933,8.300791263580322,-41.13715362548828
934,8.687754154205322,-40.49140167236328
935,8.502115726470947,-40.54802703857422
936,8.47289514541626,-40.84814453125
937,8.571665287017822,-41.21018981933594
938,8.635996341705322,-41.68244934082031
939,8.672739505767822,-42.55766296386719
940,8.854029178619385,-43.18077087402344
941,8.78850793838501,-43.37232971191406
942,9.12407922744751,-43.17578125
943,9.310434818267822,-43.101680755615234
944,9.441996097564697,-42.448699951171875
945,9.94567346572876,-42.40824890136719
946,10.396791934967041,-42.29930114746094
947,10.733614444732666,-42.29534912109375
948,10.571581363677979,-42.24098205566406
949,10.019976139068604,-42.47904968261719
950,9.649492740631104,-42.358184814453125
951,10.010534763336182,-42.05076599121094
952,10.165136814117432,-42.03831481933594
953,10.370619297027588,-42.10591125488281
954,10.12300729751587,-42.3147611618042
955,10.622717380523682,-42.35951519012451
956,11.418035984039307,-42.34080791473389
957,12.138540744781494,-43.095309257507324
958,12.33150339126587,-43.288485527038574
959,12.05208444595337,-43.11548137664795
960,12.23628854751587,-43.249606132507324
961,12.38997507095337,-43.29213237762451
962,12.50081491470337,-43.18406963348389
963,12.71053171157837,-42.99147319793701
964,12.76320505142212,-43.00230693817139
965,12.69258737564087,-42.6073637008667
966,12.648016452789307,-43.05025768280029
967,11.877447605133057,-42.98067760467529
968,12.212072849273682,-42.93810558319092
969,12.679693698883057,-42.99706554412842
970,13.115606784820557,-42.97748851776123
971,13.344542026519775,-43.09953784942627
972,13.924620151519775,-43.14911365509033
973,14.229795932769775,-43.04340076446533
974,13.276060581207275,-43.14429187774658
975,13.345030307769775,-43.35950183868408
976,13.1531662940979,-43.26331043243408
977,13.14407205581665,-43.41336536407471
978,13.07119607925415,-43.537522315979004
979,13.22036600112915,-43.75772190093994
980,13.02871561050415,-43.457154273986816
981,12.96511697769165,-43.06155490875244
982,13.25503396987915,-43.36575412750244
983,13.549314975738525,-43.533631324768066
984,13.9089035987854,-43.575013160705566
985,13.975595951080322,-43.60534381866455
986,13.999643802642822,-43.64802265167236
987,13.722788333892822,-44.09544086456299
988,13.688486576080322,-44.49482440948486
989,13.636240482330322,-44.52363300323486
990,13.445078372955322,-44.86195087432861
991,13.314829349517822,-45.06288242340088
992,12.667978763580322,-45.04294681549072
993,13.427988529205322,-44.86975955963135
994,13.419443607330322,-45.12851810455322
995,13.888864994049072,-45.32590579986572
996,13.529337406158447,-45.117356300354004
997,13.741892337799072,-45.289368629455566
998,13.644602298736572,-45.74849033355713
999,14.070749759674072,-45.774949073791504
1000,14.054880619049072,-45.19020175933838
1001,14.033091068267822,-45.570679664611816
1002,14.403391361236572,-45.96778964996338
1003,14.172678470611572,-45.99623203277588
1004,14.097513675689697,-45.79896640777588
1005,13.99236536026001,-45.63379764556885
1006,13.723963260650635,-45.76123905181885
1007,12.940882205963135,-45.638360023498535
1008,12.88268518447876,-45.981133460998535
1009,13.08727502822876,-46.801568031311035
1010,13.092272281646729,-46.67507266998291
1011,13.013781070709229,-46.58126163482666
1012,12.822924137115479,-46.25330448150635
1013,12.677294254302979,-46.21793460845947
1014,13.477343082427979,-46.48374271392822
1015,12.988817691802979,-46.691070556640625
1016,12.953218936920166,-46.80110168457031
1017,13.008882999420166,-46.47987365722656
1018,13.389452457427979,-46.30119323730469
1019,13.422777652740479,-46.78572082519531
1020,13.465258121490479,-47.01295471191406
1021,12.887072086334229,-46.97865295410156
1022,13.215273380279541,-46.88008117675781
1023,12.695131778717041,-47.29393005371094
1024,13.599276065826416,-47.65374755859375
1025,14.262590885162354,-48.15203857421875
1026,14.350725650787354,-48.312957763671875
1027,14.469377994537354,-48.402069091796875
1028,14.894670963287354,-48.767120361328125
1029,14.999712467193604,-48.703163146972656
1030,15.486681461334229,-49.411781311035156
1031,15.775804996490479,-49.786643981933594
1032,15.268480777740479,-50.284812927246094
1033,14.820543766021729,-50.48670959472656
1034,14.909517765045166,-50.88441467285156
1035,15.432344913482666,-50.57524108886719
1036,15.134005069732666,-50.87075424194336
1037,14.887789249420166,-51.08595657348633
1038,14.648745059967041,-51.28425216674805
1039,14.377871036529541,-51.731021881103516
1040,14.792559146881104,-51.950138092041016
1041,15.440020084381104,-51.76259231567383
1042,15.734514713287354,-51.51984786987305
1043,15.624498844146729,-51.83317184448242
1044,15.888414859771729,-51.89445114135742
1045,16.28270196914673,-51.86764144897461
1046,16.39805841445923,-51.39291000366211
1047,16.881243228912354,-51.14719772338867
1048,17.185076236724854,-51.06985092163086
1049,17.883806705474854,-51.16457748413086
1050,17.876726627349854,-50.58956527709961
1051,17.747576236724854,-50.705013275146484
1052,17.902239322662354,-51.10769271850586
1053,17.952166080474854,-51.015316009521484
1054,17.955721378326416,-51.58565902709961
1055,17.54583978652954,-52.0785026550293
1056,17.42694330215454,-52.442134857177734
1057,17.89306879043579,-52.343807220458984
1058,17.92869806289673,-52.348079681396484
1059,17.631243228912354,-52.393306732177734
1060,17.585527896881104,-52.43619918823242
1061,18.140154361724854,-52.25114059448242
1062,17.864763736724854,-52.04635238647461
1063,18.204973697662354,-51.99705123901367
1064,18.263567447662354,-52.31708908081055
1065,18.15471124649048,-52.34055709838867
1066,18.476885318756104,-52.470821380615234
1067,18.614824771881104,-53.101375579833984
1068,18.982134342193604,-53.91164779663086
1069,19.054705142974854,-54.0512752532959
1070,19.235552310943604,-53.61047172546387
1071,18.871172428131104,-53.479291915893555
1072,18.632784366607666,-53.722639083862305
1073,18.235262393951416,-53.653120040893555
1074,18.16644525527954,-53.61511039733887
1075,18.55633783340454,-53.258108139038086
1076,19.26744318008423,-53.61928367614746
1077,19.165422916412354,-52.96805381774902
1078,19.200579166412354,-52.87509727478027
1079,19.688494205474854,-52.92780113220215
1080,19.885576725006104,-52.27492332458496
1081,19.56286859512329,-53.1347713470459
1082,19.25732660293579,-53.31696128845215
1083,19.54449701309204,-53.54880332946777
1084,19.97235345840454,-53.63773155212402
1085,20.28631830215454,-53.7305965423584
1086,20.31604242324829,-53.59784507751465
1087,20.29248285293579,-53.7744197845459
1088,20.31836175918579,-53.67340660095215
1089,19.84973382949829,-53.44351768493652
1090,19.99261713027954,-53.093854904174805
1091,20.10870599746704,-53.555097579956055
1092,20.63824701309204,-53.70210075378418
1093,20.581858158111572,-53.90041160583496
1094,20.606668949127197,-54.3641414642334
1095,20.791819095611572,-54.31680870056152
1096,21.36309289932251,-54.65768241882324
1097,21.22967004776001,-54.95095634460449
1098,20.629786014556885,-54.93647575378418
1099,20.508081912994385,-54.91882133483887
1100,20.204493045806885,-55.03048515319824
1101,20.238184452056885,-54.90557670593262
1102,20.306482791900635,-55.135775566101074
1103,20.627451419830322,-55.36198711395264
1104,21.076670169830322,-55.30229473114014
1105,21.520700931549072,-55.490450859069824
1106,21.991892337799072,-55.97969341278076
1107,21.98858118057251,-56.209506034851074
1108,22.13915491104126,-56.11403179168701
1109,22.92931604385376,-56.43043804168701
1110,22.69903039932251,-56.36299419403076
1111,22.326700687408447,-56.70508098602295
1112,22.669718265533447,-56.70195293426514
1113,22.510294437408447,-56.24830913543701
1114,22.298914432525635,-55.915945053100586
1115,21.924158573150635,-55.516347885131836
1116,21.760599613189697,-55.00529384613037
1117,21.248011112213135,-54.81046962738037
1118,21.896509647369385,-54.9979772567749
1119,21.698282718658447,-55.8817663192749
1120,21.585123538970947,-56.51521968841553
1121,21.99956750869751,-57.2324743270874
1122,21.29076623916626,-57.304327964782715
1123,21.39238977432251,-57.401034355163574
1124,21.43444299697876,-57.338961601257324
1125,21.69060754776001,-56.97844982147217
1126,22.00347375869751,-57.21142101287842
1127,22.43602991104126,-57.69411754608154
1128,22.920618534088135,-58.073519706726074
1129,23.927813053131104,-58.30188274383545
1130,24.411516666412354,-58.30760478973389
1131,24.413774967193604,-58.51085186004639
1132,24.171282291412354,-58.74922466278076
1133,24.629900455474854,-58.89564800262451
1134,24.776628971099854,-59.86494731903076
1135,24.56071710586548,-59.787753105163574
1136,24.48662042617798,-60.03320026397705
1137,24.87620782852173,-59.20311450958252
1138,25.18162775039673,-59.42754077911377
1139,25.572481632232666,-59.53958606719971
1140,26.076021671295166,-59.586087226867676
1141,26.826509952545166,-59.59794330596924
1142,27.221529483795166,-59.45399188995361
1143,27.905977725982666,-59.23032855987549
1144,28.11645746231079,-59.36643695831299
1145,28.89337396621704,-59.16282367706299
1146,28.474451541900635,-58.9959077835083
1147,28.96508264541626,-59.22282123565674
1148,29.31511926651001,-59.69196796417236
1149,30.23540735244751,-59.68781757354736
1150,30.22863245010376,-59.512234687805176
1151,30.85753870010376,-59.430508613586426
1152,31.19762659072876,-59.31103229522705
1153,31.64733362197876,-59.337552070617676
1154,31.78502893447876,-59.394558906555176
1155,32.23563623428345,-59.74759578704834
1156,32.18664026260376,-59.34617614746094
1157,32.22106409072876,-59.11570739746094
1158,32.50402307510376,-58.64555358886719
1159,32.01500940322876,-58.20513916015625
1160,32.16546106338501,-58.4561767578125
1161,32.80403470993042,-58.919471740722656
1162,32.74531888961792,-58.899147033691406
1163,33.01716947555542,-59.05817413330078
1164,33.21345853805542,-59.31067657470703
1165,33.81850004196167,-59.57343292236328
1166,33.91383695602417,-59.41974639892578
1167,33.99283170700073,-59.620277404785156
1168,34.41798734664917,-59.352699279785156
1169,34.01979398727417,-59.392250061035156
1170,34.03700590133667,-59.262184143066406
1171,33.779712200164795,-58.83037567138672
1172,33.632251262664795,-58.482749938964844
1173,33.454455852508545,-58.174095153808594
1174,33.166736125946045,-58.07799530029297
1175,33.55108976364136,-58.20055389404297
1176,33.71518278121948,-58.51299285888672
1177,33.20358610153198,-58.548988342285156
1178,33.15506315231323,-58.33850860595703
1179,32.87942838668823,-57.61316680908203
1180,32.62829351425171,-57.447242736816406
1181,32.255826473236084,-57.930328369140625
1182,32.752103328704834,-58.190948486328125
1183,32.888211727142334,-57.95391845703125
1184,33.23626470565796,-57.941986083984375
1185,33.05120611190796,-58.492889404296875
1186,32.43505144119263,-58.628211975097656
1187,32.78015947341919,-58.88981628417969
1188,32.79981279373169,-58.62281799316406
1189,32.71765947341919,-58.66307067871094
1190,32.962936878204346,-59.20606994628906
1191,33.192795276641846,-59.94831848144531
1192,32.911545276641846,-59.29203796386719
1193,33.104599475860596,-59.103729248046875
1194,33.056015491485596,-58.724334716796875
1195,33.159042835235596,-57.880584716796875
1196,32.538132190704346,-57.87725830078125
1197,32.726364612579346,-57.84747314453125
1198,32.87208604812622,-57.86284637451172
1199,32.78804063796997,-57.94764709472656
1200,32.84742784500122,-57.96348571777344
1201,32.43476915359497,-57.655120849609375
1202,32.63179063796997,-58.0950927734375
1203,32.98579454421997,-57.86956787109375
1204,32.59590196609497,-57.839996337890625
1205,32.69148302078247,-57.827667236328125
1206,32.73359727859497,-57.52655029296875
1207,33.06361436843872,-58.07355499267578
1208,32.80812120437622,-57.51282501220703
1209,32.55586290359497,-57.5562858581543
1210,32.23664903640747,-57.914310455322266
1211,32.36933946609497,-58.31796646118164
1212,32.33430528640747,-58.49386978149414
1213,32.65296983718872,-58.53310012817383
1214,32.89106798171997,-58.722721099853516
1215,33.31849718093872,-58.949893951416016
1216,33.04762315750122,-58.97409439086914
1217,33.08833360671997,-58.486209869384766
1218,33.43013048171997,-57.859989166259766
1219,33.48036241531372,-58.07576370239258
1220,33.83692979812622,-58.60426712036133
1221,34.15432786941528,-58.58290481567383
1222,33.99151659011841,-58.82962417602539
1223,33.89868211746216,-59.080326080322266
1224,33.68457078933716,-58.97562026977539
1225,34.30676317214966,-58.77011489868164
1226,34.41546678543091,-58.31308364868164
1227,34.43902635574341,-57.66861343383789
1228,34.809555530548096,-57.64951705932617
1229,35.325546741485596,-57.37003707885742
1230,35.88641405105591,-56.829586029052734
1231,35.18493700027466,-57.05593490600586
1232,35.40863084793091,-57.221927642822266
1233,35.13555955886841,-57.594058990478516
1234,35.62640428543091,-57.778751373291016
1235,36.19036912918091,-57.81168556213379
1236,36.17352342605591,-58.09501075744629
1237,36.34224224090576,-58.07894325256348
1238,36.30482769012451,-58.7795352935791
1239,36.265634536743164,-58.72808265686035
1240,36.52459907531738,-58.50228309631348
1241,37.24896430969238,-58.89010047912598
1242,37.23590278625488,-58.89864540100098
1243,37.24124336242676,-58.55141639709473
1244,37.55954170227051,-57.93892860412598
1245,38.02243232727051,-57.78139686584473
1246,38.625444412231445,-57.55051612854004
1247,38.4786319732666,-57.999948501586914
1248,38.25225257873535,-58.24465370178223
1249,38.19378089904785,-58.03310585021973
1250,38.17937660217285,-57.92366981506348
1251,38.15752601623535,-57.94594764709473
1252,38.35955238342285,-58.50188636779785
1253,38.558777809143066,-58.61313819885254
1254,38.155213356018066,-58.501359939575195
1255,37.711426734924316,-58.373064041137695
1256,38.354004859924316,-58.413957595825195
1257,38.67776584625244,-58.419450759887695
1258,38.48989963531494,-58.615251541137695
1259,38.55325412750244,-58.43889045715332
1260,38.78427219390869,-58.34495735168457
1261,38.533982276916504,-58.32945442199707
1262,38.790207862854004,-58.23681831359863
1263,38.408921241760254,-58.11595344543457
1264,38.380730628967285,-57.34440612792969
1265,38.8789758682251,-57.29954528808594
1266,39.22744083404541,-57.26878356933594
1267,39.37465763092041,-57.30436706542969
1268,39.218377113342285,-57.01902770996094
1269,39.050225257873535,-57.21830749511719
1270,39.10591983795166,-57.446990966796875
1271,39.00368595123291,-57.296592712402344
1272,39.18608856201172,-57.43292999267578
1273,39.10150909423828,-57.22223663330078
1274,39.31049346923828,-57.324256896972656
1275,38.934181213378906,-57.34375
1276,38.731788635253906,-57.37493896484375
1277,38.470436096191406,-57.576812744140625
1278,38.50495147705078,-57.713348388671875
1279,38.14643096923828,-58.113250732421875
1280,38.280677795410156,-58.359954833984375
1281,38.57048797607422,-58.47972106933594
1282,38.55925750732422,-58.19352722167969
1283,38.54448699951172,-58.172393798828125
1284,38.35016632080078,-58.11835479736328
1285,38.170631408691406,-58.31671905517578
1286,38.00403594970703,-58.077537536621094
1287,38.28864288330078,-58.393150329589844
1288,38.92438507080078,-58.3812255859375
1289,38.42267608642578,-58.615875244140625
1290,38.66205596923828,-58.561676025390625
1291,38.19043731689453,-58.216156005859375
1292,37.822853088378906,-58.44818115234375
1293,37.668800354003906,-58.56121826171875
1294,37.612220764160156,-58.5533447265625
1295,38.067054748535156,-58.65553283691406
1296,37.996498107910156,-58.75685119628906
1297,38.504066467285156,-58.83869934082031
1298,38.506568908691406,-58.99830627441406
1299,38.585243225097656,-59.03919982910156
1300,38.029375076293945,-59.0380859375
1301,38.010210037231445,-59.022003173828125
1302,38.240678787231445,-59.11799621582031
1303,37.750060081481934,-59.42988586425781
1304,37.556944847106934,-59.44410705566406
1305,37.915343284606934,-59.74072265625
1306,37.844542503356934,-60.195159912109375
1307,37.999327659606934,-60.425628662109375
1308,38.487975120544434,-59.82514953613281
1309,38.972716331481934,-59.424888610839844
1310,38.666563987731934,-59.42559051513672
1311,39.028258323669434,-59.602439880371094
1312,39.033934593200684,-59.906776428222656
1313,39.555052757263184,-59.378456115722656
1314,39.438170433044434,-59.07231903076172
1315,40.377318382263184,-58.772918701171875
1316,41.079527854919434,-58.783212661743164
1317,41.604430198669434,-59.129159927368164
1318,41.675719261169434,-59.62308692932129
1319,41.375441551208496,-59.9898624420166
1320,41.688612937927246,-60.34440040588379
1321,41.635634422302246,-60.529428482055664
1322,41.924147605895996,-60.73349952697754
1323,41.83761024475098,-60.69503211975098
1324,42.51656532287598,-61.13566017150879
1325,42.72246742248535,-61.29935646057129
1326,42.25029945373535,-61.44394874572754
1327,41.6630802154541,-61.62369728088379
1328,41.1975040435791,-61.95306968688965
1329,41.0808048248291,-61.99750328063965
1330,41.0237979888916,-61.47394371032715
1331,40.7541446685791,-60.71048545837402
1332,40.5814151763916,-60.71201133728027
1333,40.4787540435791,-60.968374252319336
1334,40.69548988342285,-61.27573204040527
1335,41.10894203186035,-61.86017417907715
1336,41.226266860961914,-61.76947593688965
1337,41.323678970336914,-61.51303672790527
1338,41.72641944885254,-61.47604942321777
1339,41.11472511291504,-61.4572811126709
1340,40.86123085021973,-61.311872482299805
1341,40.72683143615723,-61.504133224487305
1342,40.26951026916504,-61.63445854187012
1343,39.78959083557129,-61.88763236999512
1344,39.65757179260254,-62.16622734069824
1345,40.135812759399414,-62.3222713470459
1346,40.744028091430664,-62.224843978881836
1347,41.246347427368164,-62.35335350036621
1348,41.023691177368164,-62.33992576599121
1349,40.518686294555664,-62.201528549194336
1350,40.427865982055664,-62.289052963256836
1351,39.774179458618164,-62.09700584411621
1352,39.450204849243164,-62.12672996520996
1353,39.319284439086914,-62.223928451538086
1354,39.405099868774414,-62.12654685974121
