t_s,M_px,Renc_px,cx_px,cy_px,Rg_px,R95_px,clipped,npix,dx_px,dy_px,moved
0.0,0.0,0.0,0.0,0.0,0.0,0.0,0.0,0.0,-0.7888375695754348,0.1808429853394955,0.0
1.0,0.0,0.0,0.0,0.0,0.0,0.0,0.0,0.0,0.09299280218579042,0.12762623223085257,0.0
2.0,0.0,0.0,0.0,0.0,0.0,0.0,0.0,0.0,-0.06336918674560366,-0.0259956633725551,0.0
3.0,0.0,0.0,0.0,0.0,0.0,0.0,0.0,0.0,-0.12676367635071983,-0.09008126193577937,0.0
4.0,0.0,0.0,0.0,0.0,0.0,0.0,0.0,2667.0,0.13783721221739142,-0.09657197526337313,0.0
5.0,2416.0,58.83850860595703,419.6504821777344,288.19903564453125,43.672497952647056,88.76936408468859,0.0,7337.0,5.598262270589544,1.1257775739516092,0.0
6.0,5874.0,79.37893676757812,393.0,291.0,49.80011569665138,112.69871339105873,0.0,12116.0,11.85716374159233,2.4045534232809587,0.0
7.0,7213.0,85.86787414550781,388.052490234375,292.649169921875,55.80114531437269,125.33714348862692,0.0,7453.0,-1.578900349294372,-0.8995547164071809,0.0
8.0,8813.0,87.78534698486328,386.0,292.5,55.231034555138535,125.09996003196804,0.0,12021.0,18.45451682900648,-2.7595986697622266,0.0
9.0,11322.0,98.11507415771484,377.4493103027344,299.2848205566406,59.88799880971885,140.54162989926152,0.0,17146.0,13.280596040878663,-15.193502640134795,0.0
10.0,11923.0,98.11507415771484,377.4493103027344,299.2848205566406,61.06500040668601,140.94183190903917,0.0,11153.0,0.5271294210405131,0.17221255567756089,0.0
11.0,15540.0,108.04291534423828,385.5,291.0,65.74186620515503,137.2780025504763,0.0,12085.0,0.34175743682715165,0.5969879039201942,0.0
12.0,16346.0,109.4133071899414,387.5,293.0,66.86862064341936,137.34536686287265,0.0,13251.0,0.7863178468630849,0.007512969481467735,0.0
13.0,16761.0,111.64462280273438,386.5,297.5,67.42268165151987,138.2931668593933,0.0,23286.0,19.373723482306104,-22.184706072656923,0.0
14.0,17920.0,114.37010955810547,386.5,297.5,68.94633908572864,139.43170367684618,0.0,15123.0,-0.1675892379328161,1.2521556958402584,0.0
15.0,25166.0,180.6060333251953,318.5,295.5,99.63192748224658,253.95324371517376,0.0,24503.0,22.982965052987197,-22.320853276463026,0.0
16.0,26844.0,182.60269165039062,321.3682556152344,301.8045349121094,100.25929359680164,251.40604606890423,0.0,16486.0,-0.3737458307666657,-0.2382563424937416,0.0
17.0,28516.0,184.2322998046875,320.9067687988281,288.1541748046875,100.60745876200377,248.62672799168774,0.0,17337.0,-0.3861181631255022,-0.3173356853724272,0.0
18.0,29492.0,186.1465606689453,320.5,277.5,100.72859369539681,246.98269169920727,0.0,18955.0,-0.7363758083735092,0.24459199149782762,0.0
19.0,30554.0,187.7233123779297,322.0,277.0,101.11061195477582,245.15097080367184,0.0,19653.0,-1.2759125487493748,0.1843841986196253,0.0
20.0,30624.0,187.7233123779297,322.0,277.0,101.11272853863231,245.08161905781512,0.0,29808.0,26.577406846563576,-31.566158721216652,0.0
21.0,31726.0,188.69517517089844,323.2210388183594,277.87939453125,101.59821810790488,243.18717068817182,0.0,21297.0,-0.4019895814570873,0.46675397705371324,0.0
22.0,33485.0,190.27003479003906,324.5926818847656,276.86773681640625,102.54816690038149,240.04707850759812,0.0,22691.0,-0.5187929515316227,0.4971588000518068,0.0
23.0,34234.0,191.14361572265625,326.2455139160156,280.00634765625,103.00255942678464,238.79907872519107,0.0,23985.0,-0.0038806168828386944,0.41626711712950737,0.0
24.0,35053.0,191.8515625,327.69305419921875,283.272216796875,103.48449773336827,237.50157888613666,0.0,23955.0,-0.2555002628830607,0.34665313096195405,0.0
25.0,35937.0,193.39553833007812,331.2043151855469,293.9706115722656,104.00405843162204,235.98135480611924,0.0,25203.0,-0.40736583944931226,0.2818549686626852,0.0
26.0,36849.0,194.45806884765625,332.6395568847656,296.4690246582031,104.57248723482867,234.38643305447522,0.0,26338.0,-0.3868709769446923,0.21823826675552027,0.0
27.0,37829.0,195.3212890625,333.6741027832031,297.6883850097656,105.05037769696519,232.72386934276227,0.0,27603.0,-0.521793178554276,0.388766202884824,0.0
28.0,39008.0,196.61614990234375,334.6585998535156,295.32525634765625,105.79379696104816,230.59043776872696,0.0,28764.0,-0.41293522825242235,0.3349269984823877,0.0
29.0,40303.0,199.30052185058594,337.9922790527344,300.2025146484375,106.75701001968079,228.32389274509487,0.0,29883.0,-0.20858961996020753,0.3330084450016102,0.0
30.0,41622.0,200.3558349609375,338.9739990234375,299.5101318359375,107.55177150888831,225.8915667015826,0.0,30656.0,-0.11083988651228083,0.14807259221686309,0.0
31.0,42731.0,201.49229431152344,339.9302062988281,297.9598388671875,108.30122491311728,223.97879161155947,0.0,31762.0,0.0833286994206901,0.3288921398500406,0.0
32.0,43942.0,202.46197509765625,340.7853088378906,296.9985656738281,108.99553617278693,221.91484682961647,0.0,32774.0,0.20934398175791102,0.5981074066235124,0.0
33.0,44934.0,203.35658264160156,341.4874572753906,295.4925537109375,109.71626195978585,220.13359562975955,0.0,33545.0,-0.30422540004292387,0.33399616228905415,0.0
34.0,45955.0,203.84156799316406,341.8317565917969,294.44683837890625,110.29710325167682,218.40398347763573,0.0,34129.0,-0.20041336419501476,0.38065328652635344,0.0
35.0,46906.0,204.98313903808594,343.3168029785156,296.9171142578125,110.9576325548453,216.78099514568953,0.0,35593.0,0.03695036423005149,0.35895559176134384,0.0
36.0,47922.0,205.67813110351562,343.7871398925781,295.1750793457031,111.62772579323315,215.35540392510225,0.0,36410.0,0.12143869131409701,0.10782507117818341,0.0
37.0,49083.0,206.9283905029297,344.8851623535156,293.993408203125,112.44495093402476,214.53088284529852,0.0,37186.0,0.04442835169948012,0.08742144615536063,0.0
38.0,50307.0,207.348388671875,345.33526611328125,294.17742919921875,113.22428296137097,214.1676912647801,0.0,38250.0,0.1419384182192971,0.3895508631737812,0.0
39.0,51383.0,207.87139892578125,345.8299865722656,293.93951416015625,113.98882491308808,214.27318827990294,0.0,39438.0,-0.3161275056170325,0.4345683560532052,0.0
40.0,52516.0,208.91574096679688,346.7675476074219,293.1183166503906,114.75424995307104,213.5117090857455,0.0,40392.0,-0.2151547927452384,0.5653921502981802,0.0
41.0,53344.0,209.736083984375,347.1253662109375,290.01129150390625,115.36279556776766,212.89563083329978,0.0,41109.0,-0.48602649511292384,0.45335725115626246,0.0
42.0,54724.0,211.23570251464844,348.8219909667969,291.15875244140625,116.26634666227082,211.6728598336383,0.0,42378.0,-0.20758757329338096,0.8073622676545256,0.0
43.0,55423.0,211.86968994140625,349.40899658203125,290.8037109375,116.69652095256748,211.12105522450344,0.0,43004.0,-0.2568339768839678,0.06640131593343312,0.0
44.0,56199.0,212.73101806640625,349.9127197265625,288.4876708984375,117.16808366168834,210.95828902616998,0.0,42363.0,0.11065774144913121,0.5733201100383098,0.0
45.0,57206.0,214.236328125,351.136962890625,286.6909484863281,117.85623976483568,209.95237226938508,0.0,43166.0,0.3175799501785832,0.3742442053146533,0.0
46.0,58173.0,215.16188049316406,352.1848449707031,287.33258056640625,118.42995766219543,208.91337901780983,0.0,43566.0,-0.2320239729591549,0.5058008140644006,0.0
47.0,59160.0,216.1114044189453,353.2701721191406,288.0726318359375,119.01878580594118,207.96405939422664,0.0,45836.0,-0.3310807339219082,0.20695760704870736,0.0
48.0,60064.0,216.94198608398438,353.91937255859375,286.91259765625,119.5828950430505,207.52168556923237,0.0,45139.0,0.220739536499309,0.49456361014489403,0.0
49.0,61032.0,217.82876586914062,354.70208740234375,286.225830078125,120.23361682045898,206.8271017022517,0.0,46963.0,0.3890667508799197,0.7613521860406536,0.0
50.0,61767.0,218.65855407714844,355.4849548339844,285.8819885253906,120.71674305343691,206.49624693627914,0.0,46926.0,-0.4178878946867144,0.19897427875343965,0.0
51.0,62738.0,219.62767028808594,356.2010192871094,284.35540771484375,121.31363117025477,205.93481978346543,0.0,47246.0,-0.14375001033170065,-0.0542679963339765,0.0
52.0,63626.0,220.7074432373047,357.18658447265625,283.73541259765625,121.87526010563698,205.48479154401466,0.0,48002.0,0.07546006987081455,0.3936483769562642,0.0
53.0,64719.0,222.23641967773438,358.7769470214844,283.94091796875,122.57590331612792,204.98024284459294,0.0,49586.0,0.04066786985276849,0.05980743072115047,0.0
54.0,65558.0,223.25177001953125,360.1809387207031,286.099365234375,123.11033604979676,204.83200433340556,0.0,50088.0,0.09103236507075962,0.19631180345504617,0.0
55.0,66693.0,224.32008361816406,361.5987243652344,288.16522216796875,123.8940221381945,204.70710783946902,0.0,50752.0,-0.10525735781027379,0.4739567691454454,0.0
56.0,67741.0,225.33580017089844,362.70208740234375,288.6495666503906,124.63287097241472,204.70710783946902,0.0,51542.0,-0.02230094051390097,0.41892826808737027,0.0
57.0,68599.0,225.7161865234375,362.97637939453125,287.9386901855469,125.22335811425833,205.18650049805922,0.0,52241.0,-0.15078002334905705,0.23690008423898234,0.0
58.0,69434.0,225.97836303710938,363.3044738769531,288.34075927734375,125.7696586500163,205.42967166077128,0.0,53351.0,-0.04671268404217699,0.33114607291992115,0.0
59.0,70334.0,227.69842529296875,365.1382751464844,288.9517517089844,126.39077247758482,205.74146342664594,0.0,54337.0,-0.08938224964072106,0.18692630094290053,0.0
60.0,71313.0,228.6504364013672,366.564208984375,292.18402099609375,127.07428007873847,206.63010429267078,0.0,55426.0,-0.12998428484229407,0.888076948031653,0.0
61.0,72405.0,229.37890625,367.3289794921875,292.4031982421875,127.75992993340847,206.49648907199833,0.0,55915.0,0.01326695995476257,0.7454045953991226,0.0
62.0,73388.0,230.07205200195312,368.18402099609375,293.5867004394531,128.36664086463685,206.64268657456535,0.0,57088.0,0.19309403592376384,0.9507596026637088,0.0
63.0,74374.0,231.235595703125,369.4971008300781,294.6994323730469,128.97139643622074,206.59089988360108,0.0,57482.0,-0.2684431360474946,0.730407196081444,0.0
64.0,75270.0,231.95974731445312,370.28472900390625,295.1750793457031,129.52686706589088,206.8912757948,0.0,58724.0,-0.018693713886023033,0.16814658624389267,0.0
65.0,76250.0,232.97633361816406,371.492431640625,296.74774169921875,130.1029197348331,207.35512956469498,0.0,59425.0,-0.3225712908595142,0.703971698401233,0.0
66.0,77186.0,233.87954711914062,372.5041198730469,297.67376708984375,130.71710221547227,207.56203891848818,0.0,61278.0,-0.17192630074794124,1.3664561425693478,0.0
67.0,78285.0,234.87802124023438,373.56158447265625,298.16778564453125,131.4297437339618,207.93364324147623,0.0,61643.0,0.2937622393574202,0.7370026985341838,0.0
68.0,79406.0,236.43743896484375,375.092529296875,297.8185119628906,132.13850559751964,209.16978745234104,0.0,62862.0,0.03098923671200282,0.6196876869198604,0.0
69.0,80728.0,237.69354248046875,376.4049987792969,298.2853698730469,132.90145337391644,210.65588041604516,0.0,62630.0,0.07583094539734248,0.37150962329445747,0.0
70.0,81907.0,238.63902282714844,377.2250061035156,297.060302734375,133.61961005932318,212.20744567521658,0.0,63521.0,0.18153405061366357,0.5259149394472615,0.0
71.0,82873.0,238.91357421875,377.5224304199219,297.2569274902344,134.18170879966286,212.4518767506284,0.0,65379.0,0.03340910196152436,0.39517595048528165,0.0
72.0,83980.0,239.73712158203125,378.2825012207031,296.63128662109375,134.78523124347424,212.84078555532074,0.0,66113.0,-0.12673155690231397,0.36497963812138323,0.0
73.0,84963.0,240.0705108642578,378.67529296875,297.1558532714844,135.3912965704453,213.60009363293827,0.0,66780.0,0.33015962895422035,0.7341479122237047,0.0
74.0,86095.0,240.83160400390625,379.46307373046875,297.36334228515625,136.12257288920426,214.21951358361358,0.0,67397.0,0.299933638384573,1.2306510910950124,0.0
75.0,87188.0,241.21099853515625,379.79461669921875,296.89971923828125,136.82037161489993,215.61539833694624,0.0,67469.0,0.0384556372790712,1.212757302594241,0.0
76.0,87979.0,242.5543975830078,381.1089782714844,296.5606384277344,137.30971945895513,216.33307652783935,0.0,69620.0,-0.4900663579411457,0.5318800015659804,0.0
77.0,89080.0,243.46868896484375,382.2554016113281,298.7244873046875,137.90667804944454,216.96624158527538,0.0,69774.0,0.14874774101485855,0.6039004459242392,0.0
78.0,89947.0,244.5598602294922,383.40899658203125,299.3038024902344,138.4480811442351,217.84145598528534,0.0,70923.0,0.1188393973006896,1.3303210037283861,0.0
79.0,90849.0,245.36155700683594,384.2266540527344,299.4292297363281,139.026633600732,218.40467027685588,0.0,72257.0,0.17405953942011365,0.8062755216945448,0.0
80.0,91950.0,245.94448852539062,384.864013671875,299.9728088378906,139.6535200535128,219.5449840010015,0.0,73296.0,0.19564363285780928,1.0277842580887295,0.0
81.0,92946.0,246.60403442382812,385.40557861328125,298.7185974121094,140.26084267158484,220.51077071199947,0.0,73897.0,0.05771334965038477,0.9744524878144034,0.0
82.0,94166.0,247.53665161132812,386.2197265625,297.5016784667969,141.04894698959387,221.84003245582164,0.0,75323.0,-0.38977475763635994,1.0802100455900359,0.0
83.0,95470.0,248.68991088867188,387.5070495605469,298.7747802734375,141.82776707945666,223.4390297150433,0.0,76351.0,-0.03458572389456549,1.600743065734207,0.0
84.0,96545.0,248.9873046875,387.9397277832031,300.18463134765625,142.53294506571794,224.58183324023273,0.0,77017.0,-0.5370741249362254,1.5435161139779439,0.0
85.0,97455.0,249.09678649902344,388.0958251953125,300.6935119628906,143.1159032765642,225.67720306558903,0.0,77738.0,0.6287591433272155,0.7204568007272201,0.0
86.0,98799.0,249.21194458007812,388.2585754394531,301.22381591796875,143.9427870689254,227.50164834567684,0.0,78693.0,0.3063711231138768,0.3987176701022008,0.0
87.0,99819.0,249.21194458007812,388.2585754394531,301.22381591796875,144.53012179642135,228.5475880424031,0.0,80046.0,0.1583509926700799,-0.11923202026292756,0.0
88.0,100973.0,249.21194458007812,388.2585754394531,301.22381591796875,145.22874398356794,229.8978033822855,0.0,80823.0,-0.11479729576819864,0.22457978569713077,0.0
89.0,102248.0,249.21194458007812,388.2585754394531,301.22381591796875,145.99847637333792,231.48650068632512,0.0,82074.0,-0.092293654008472,-0.3161841934922336,0.0
90.0,103437.0,249.29684448242188,388.3312072753906,301.0801696777344,146.7162737427251,232.43278598338918,0.0,83676.0,0.3633850399567109,0.07166808035225358,0.0
91.0,104583.0,249.49710083007812,388.5021667480469,300.7418212890625,147.36853021323967,233.5285849599543,0.0,84095.0,0.11008853658586304,0.21816721044388032,0.0
92.0,105799.0,249.9003143310547,388.8453674316406,300.0625915527344,148.05599836465754,234.67424230196207,0.0,85485.0,0.04802224536661015,0.079149057647669,0.0
93.0,106925.0,250.42916870117188,389.293212890625,299.1761779785156,148.69152562123128,235.25177991620225,0.0,86105.0,0.1607553352209834,0.0193686054148543,0.0
94.0,108141.0,250.42916870117188,389.293212890625,299.1761779785156,149.37226046936425,236.02754076590298,0.0,87574.0,0.12583863611519064,0.6322916559021792,0.0
95.0,109167.0,250.63262939453125,389.4649353027344,298.8363952636719,149.96525356768342,236.61593351158848,0.0,88398.0,-0.14323708802896817,1.0086659554490325,0.0
96.0,110283.0,251.3001708984375,390.1048278808594,298.5191650390625,150.5629375166902,237.0232056149777,0.0,89361.0,0.03085742224425303,0.9681920280724512,0.0
97.0,111241.0,251.47010803222656,390.3427734375,299.21649169921875,151.0774534724083,237.64890069175578,0.0,89933.0,0.3069627899884608,0.5776871627244873,0.0
98.0,112278.0,252.50772094726562,391.31939697265625,298.532470703125,151.6927864420625,238.404278466279,0.0,91066.0,-0.0650476980346184,0.6689893290927102,0.0
99.0,113347.0,253.42665100097656,392.2908020019531,299.0340270996094,152.3091001734215,239.09391450850077,0.0,92025.0,0.4736097872762457,0.4868732400775002,0.0
100.0,114390.0,254.00291442871094,392.9236145019531,299.6099853515625,152.9237919783279,239.83880001017135,0.0,92638.0,0.1567549001539419,1.081152558524991,0.0
101.0,115484.0,254.6793212890625,393.6794128417969,300.4551086425781,153.52782648933095,240.30397416605493,0.0,93865.0,0.07865035044585511,1.261804752406647,0.0
102.0,116609.0,255.79739379882812,394.78118896484375,300.2221984863281,154.1689802650309,241.26748641290231,0.0,94251.0,0.0037893422608021865,1.3375458922586745,0.0
103.0,117756.0,256.9185791015625,395.9661865234375,300.8995666503906,154.81214302397132,242.14613348312744,0.0,95121.0,0.4873324305921187,0.7355818727043015,0.0
104.0,118772.0,257.3821105957031,396.54132080078125,302.2151184082031,155.34285114939675,243.50770008359078,0.0,95926.0,-0.07018992859138962,-0.22498949490687892,0.0
105.0,120184.0,258.2604675292969,397.4296569824219,302.302490234375,156.0981411733315,244.9346851713738,0.0,97263.0,-0.36305771008039756,-0.20848007789300027,0.0
106.0,121190.0,259.29443359375,398.4205017089844,301.7308044433594,156.64352897648394,245.93312098192044,0.0,98537.0,0.3743902911984378,-0.24771557247760256,0.0
107.0,122308.0,260.1145935058594,399.15277099609375,300.65362548828125,157.26146720922893,246.71299113800703,0.0,95986.0,0.3833158024928025,0.6235398340200504,0.0
108.0,123336.0,260.3393249511719,399.4324951171875,301.2906799316406,157.84109051249962,247.7175811281872,0.0,100475.0,0.3905927814836332,0.33702457756822923,0.0
109.0,124848.0,262.3280029296875,401.8232116699219,306.7362976074219,158.65246830753213,249.10961439762931,0.0,101713.0,-0.03383539465676222,0.4710613936789514,0.0
110.0,126130.0,262.8208923339844,402.3333435058594,307.0,159.3560164520146,250.3437636531016,0.0,102365.0,0.11811176285175407,0.5360315725490636,0.0
111.0,127324.0,263.7405700683594,403.2695617675781,307.24664306640625,160.02639978923247,251.62780052186025,0.0,103390.0,0.1679289188587063,0.17812258365842126,0.0
112.0,128546.0,264.2666320800781,403.8658142089844,308.4512023925781,160.69237677679362,252.73306075778848,0.0,104381.0,0.02860207938260828,-0.28655397302094343,0.0
113.0,129502.0,265.0345153808594,404.6076354980469,307.96551513671875,161.20440526656583,253.44979778457528,0.0,105453.0,0.17712342336540132,0.5384585170114633,0.0
114.0,130957.0,266.1129455566406,405.64202880859375,307.177490234375,162.0460570050688,254.6075411294803,0.0,106759.0,0.19297115572385337,0.5816954727969801,0.0
115.0,132065.0,267.19769287109375,406.717529296875,306.9892272949219,162.66331997368638,255.63450471327224,0.0,107681.0,-0.061735440668371666,0.5304094234439845,0.0
116.0,132486.0,267.19769287109375,406.717529296875,306.9892272949219,162.8924807800328,256.6028059082753,0.0,104200.0,55.13789443304324,-58.69712605120992,0.0
117.0,132486.0,267.19769287109375,406.717529296875,306.9892272949219,162.8924807800328,256.6028059082753,0.0,109769.0,51.64294195172897,-58.98356873621907,1.0
118.0,133546.0,270.3478698730469,410.0666198730469,310.67327880859375,163.4804862334581,258.68320393871727,0.0,107015.0,0.513262890185274,1.0504324135370666,0.0
119.0,136820.0,273.7968444824219,413.38360595703125,307.9651794433594,165.34957745697807,260.24795868555816,0.0,111343.0,-0.14014921889952348,0.9865224318554056,0.0
120.0,136820.0,273.7968444824219,413.38360595703125,307.9651794433594,165.34957745697807,260.24795868555816,0.0,111919.0,89.8927831575005,-56.673081829520584,1.0
121.0,138374.0,274.4023132324219,413.9443359375,307.1537780761719,166.2213786908965,261.8415551435639,0.0,113250.0,0.26973754344498957,0.8615871635986991,0.0
122.0,140136.0,275.3750915527344,414.8408508300781,305.8563537597656,167.25398458750232,263.1805463935357,0.0,114355.0,0.20229706993654872,0.6498104389355035,0.0
123.0,140966.0,276.4468688964844,415.8816833496094,305.33331298828125,167.72981619402563,263.62093996723377,0.0,115563.0,0.2984807551654285,0.7251419902132739,0.0
124.0,141905.0,277.54144287109375,416.9362487792969,304.6829833984375,168.26519280026565,264.2820463065927,0.0,113295.0,0.9738819399939302,1.1741287536097502,0.0
125.0,142835.0,278.7075500488281,418.07281494140625,304.20220947265625,168.84287533213947,265.11318337645906,0.0,113971.0,0.6576080524263261,0.7513683910299847,0.0
126.0,142835.0,278.7075500488281,418.07281494140625,304.20220947265625,168.84287533213947,265.11318337645906,0.0,117827.0,76.2405108774575,-49.77367126041304,1.0
127.0,144486.0,280.4425354003906,419.87847900390625,305.2232666015625,169.7608090366122,267.2377218685603,0.0,119258.0,0.406861419431948,0.7015372700183207,0.0
128.0,146412.0,283.4248352050781,422.87750244140625,305.3963317871094,170.89697353483854,268.48649872945197,0.0,120265.0,0.3749394405812154,0.32570644299784135,0.0
129.0,146412.0,283.4248352050781,422.87750244140625,305.3963317871094,170.89697353483854,268.48649872945197,0.0,121532.0,72.84497041898953,-52.56829902299961,1.0
130.0,147983.0,285.2286376953125,424.7108154296875,305.82220458984375,171.7738666332357,270.37936311782374,0.0,122150.0,0.15698237891410827,0.715359638390737,0.0
131.0,149707.0,287.4375,426.94921875,306.25445556640625,172.81407242899647,271.5905005650104,0.0,122967.0,0.1941889176607674,1.2080735771079958,0.0
132.0,150704.0,288.9197082519531,428.3691711425781,305.1744079589844,173.4131004961544,271.94815677333605,0.0,124491.0,0.40114507615714956,0.8506039826740448,0.0
133.0,151979.0,290.7896728515625,430.2572937011719,305.4136657714844,174.1838644209368,273.4849173172078,0.0,125187.0,0.23590777501101456,0.6729709984029455,0.0
134.0,153209.0,292.257080078125,428.5916442871094,305.8448181152344,174.97098652428318,274.83813418083014,0.0,126447.0,0.10566384660012318,0.9341037027259631,0.0
135.0,154528.0,293.8540954589844,427.4718933105469,305.6596374511719,175.75436167140472,276.0282594012003,0.0,127755.0,0.37861057283669197,1.1758682642109193,0.0
136.0,155576.0,294.7925109863281,428.08709716796875,305.1542663574219,176.41095069439166,277.0437690776173,0.0,128838.0,0.3264064497624304,0.4151864056441923,0.0
137.0,157478.0,295.27203369140625,427.706298828125,305.15985107421875,177.56644976634527,278.7418160233588,0.0,130241.0,0.4043378976754184,0.5247883673893057,0.0
138.0,158769.0,296.3125,426.5880432128906,304.91131591796875,178.3628878364671,280.14389159722094,0.0,131017.0,0.25547813343735015,0.6147771941513156,0.0
139.0,159908.0,296.97662353515625,426.4394226074219,305.2639465332031,179.002207027702,281.1138559374119,0.0,132203.0,0.17567229542271434,0.682067844945891,0.0
140.0,161006.0,297.14532470703125,425.48028564453125,305.29290771484375,179.64544091273035,282.14358046923553,0.0,133074.0,0.06635390553719844,0.8714077307118941,0.0
141.0,162156.0,297.5467529296875,424.0617370605469,305.6260070800781,180.26238220150185,283.08788387130903,0.0,131241.0,-0.11059348164531002,1.047682062568697,0.0
142.0,162633.0,298.20263671875,424.79034423828125,306.1470031738281,180.4814676257798,283.73579259585847,0.0,136965.0,15.178400461232513,-32.677207019089565,0.0
143.0,164549.0,299.0804138183594,424.7882385253906,307.0433654785156,181.41089067098855,285.616876252087,0.0,136300.0,0.6204398808307587,0.833834353341274,0.0
144.0,166224.0,299.9471740722656,421.7541809082031,307.7966003417969,182.35011972647564,287.14108030722457,0.0,136858.0,-0.05162035909063434,0.5989205335061456,0.0
145.0,166981.0,300.3578796386719,421.20086669921875,308.0685729980469,182.735317042516,287.4456470360962,0.0,138116.0,0.2545609991545916,0.6510190413250712,0.0
146.0,166981.0,300.3578796386719,421.20086669921875,308.0685729980469,182.735317042516,287.4456470360962,0.0,133618.0,73.9252184714785,-52.823335456904545,1.0
147.0,166981.0,300.3578796386719,421.20086669921875,308.0685729980469,182.735317042516,287.4456470360962,0.0,138173.0,72.14798251612513,-53.82893038028726,1.0
148.0,166981.0,300.3578796386719,421.20086669921875,308.0685729980469,182.735317042516,287.4456470360962,0.0,135061.0,88.79191629472234,-55.08294178470385,1.0
149.0,196888.0,317.9090576171875,408.06109619140625,324.2619934082031,195.60608572168,327.47060936823016,0.0,139566.0,46.30599729818596,-44.17492871723459,0.0
150.0,196888.0,317.9090576171875,408.06109619140625,324.2619934082031,195.60608572168,327.47060936823016,0.0,139831.0,74.11385004975784,-48.80113934458342,1.0
151.0,196888.0,317.9090576171875,408.06109619140625,324.2619934082031,195.60608572168,327.47060936823016,0.0,137149.0,69.99326570663459,-48.71275340772485,1.0
152.0,196888.0,317.9090576171875,408.06109619140625,324.2619934082031,195.60608572168,327.47060936823016,0.0,142682.0,70.15750133837867,-53.53227550512304,1.0
153.0,196888.0,317.9090576171875,408.06109619140625,324.2619934082031,195.60608572168,327.47060936823016,0.0,139975.0,75.3279876321534,-49.60719486710332,1.0
154.0,197230.0,317.9090576171875,408.06109619140625,324.2619934082031,195.68779191940718,327.64233539388766,0.0,147982.0,0.0771291147817692,0.5612294989724091,0.0
155.0,204647.0,319.9953918457031,409.83587646484375,323.04840087890625,198.9968662995919,328.39762483915746,0.0,147928.0,-0.18730634880625985,0.9001714874340792,0.0
156.0,205462.0,320.72503662109375,410.9778747558594,323.090087890625,199.3688380676527,328.7819946301332,0.0,149726.0,0.308418688706638,1.6057839100575393,0.0
157.0,206469.0,321.2872619628906,412.2636413574219,323.4900207519531,199.81608099906882,328.89664029904594,0.0,147506.0,0.13542540278615434,0.9698613945109287,0.0
158.0,207610.0,321.4417419433594,412.8269348144531,323.7911376953125,200.30532776909212,329.3098844553561,0.0,151794.0,0.41288827098344427,0.9209587631571026,0.0
159.0,207610.0,321.4417419433594,412.8269348144531,323.7911376953125,200.30532776909212,329.3098844553561,0.0,145188.0,67.3615260379554,-39.166486130315604,1.0
160.0,207610.0,321.4417419433594,412.8269348144531,323.7911376953125,200.30532776909212,329.3098844553561,0.0,145712.0,67.40989270523619,-38.252013595643064,1.0
161.0,207610.0,321.4417419433594,412.8269348144531,323.7911376953125,200.30532776909212,329.3098844553561,0.0,148904.0,71.544655155334,-41.620064718997526,1.0
162.0,207610.0,321.4417419433594,412.8269348144531,323.7911376953125,200.30532776909212,329.3098844553561,0.0,146479.0,74.89958231280673,-47.85968063997245,1.0
163.0,207610.0,321.4417419433594,412.8269348144531,323.7911376953125,200.30532776909212,329.3098844553561,0.0,148825.0,79.46652880514898,-49.795764786852146,1.0
164.0,208083.0,321.4417419433594,412.8269348144531,323.7911376953125,200.4342004424151,329.81509971497667,0.0,155130.0,1.036263547487465,-0.6853155501361243,0.0
165.0,213933.0,328.5337219238281,413.0441589355469,321.7516784667969,203.12406982063627,333.01471438637043,0.0,159422.0,-0.0599333583452335,0.6560791122054752,0.0
166.0,213933.0,328.5337219238281,413.0441589355469,321.7516784667969,203.12406982063627,333.01471438637043,0.0,137383.0,112.70715262731744,-48.35447125285327,1.0
167.0,215426.0,329.6881408691406,414.0697021484375,320.3736877441406,203.7898259351662,333.3781636520305,0.0,158690.0,-0.12390711901059603,0.2073052059802194,0.0
168.0,217378.0,331.3486022949219,414.4217834472656,319.2361145019531,204.64041278208416,334.61171527607934,0.0,163018.0,-0.24443490584587835,0.20859944264236674,0.0
169.0,217378.0,331.3486022949219,414.4217834472656,319.2361145019531,204.64041278208416,334.61171527607934,0.0,135348.0,114.32137700083945,-50.5561042727839,1.0
170.0,218325.0,332.1246337890625,415.1299133300781,318.3162841796875,205.06280156987913,335.15876831318275,0.0,163065.0,-0.04609781370209021,1.1626238335348376,0.0
171.0,220478.0,333.5917663574219,415.77874755859375,316.7070617675781,206.04525049698992,336.304921165302,0.0,163128.0,0.13676265045080527,0.6030989849734851,0.0
172.0,221655.0,334.6560363769531,415.53900146484375,315.66888427734375,206.5582937342905,337.08307581366347,0.0,164541.0,0.24868393395240673,0.4466869277228511,0.0
173.0,222606.0,335.7252502441406,415.2928161621094,314.6268310546875,206.98042538525834,337.8046772817503,0.0,166144.0,0.2658097231736747,0.5630515154296631,0.0
174.0,222606.0,335.7252502441406,415.2928161621094,314.6268310546875,206.98042538525834,337.8046772817503,0.0,87244.0,62.32284080227896,-317.2909477635992,1.0
175.0,223919.0,337.77239990234375,414.53778076171875,312.6832275390625,207.52940387188647,338.70547677423514,0.0,168672.0,0.02093346048093281,0.4534294930659257,0.0
176.0,225956.0,340.31011962890625,414.6477355957031,310.8614501953125,208.4623223776762,339.7793401606401,0.0,169063.0,0.14519190057251308,0.6961260748626046,0.0
177.0,226899.0,340.8402404785156,414.74957275390625,310.3124084472656,208.87710048680944,340.0960158060164,0.0,170996.0,-0.1122398255108692,1.2363165851625695,0.0
178.0,227815.0,341.73712158203125,414.67822265625,309.41693115234375,209.29195048554476,340.47613719613304,0.0,171324.0,0.04930482803058567,0.7589118385822076,0.0
179.0,228804.0,342.5455017089844,415.0962219238281,309.1435546875,209.69370907040033,341.0014662725074,0.0,172136.0,-0.24215501083517665,1.1921646284588974,0.0
180.0,229992.0,344.03594970703125,415.7107849121094,308.7037048339844,210.2025422187026,341.3824101147542,0.0,176796.0,-0.08628605647675158,0.9016226341045694,0.0
181.0,229992.0,344.03594970703125,415.7107849121094,308.7037048339844,210.2025422187026,341.3824101147542,0.0,143115.0,114.09333085141282,-33.45408151734728,1.0
182.0,231090.0,344.82958984375,415.88922119140625,309.83905029296875,210.65511261602248,342.0014619851792,0.0,176283.0,0.7368339530969479,1.010656847152859,0.0
183.0,233012.0,346.1981506347656,414.2356262207031,309.59344482421875,211.54616462906176,342.86148806770353,0.0,179878.0,0.27466982168209597,1.5074980092815053,0.0
184.0,234043.0,347.0830993652344,414.3138427734375,309.66015625,211.99376312981883,343.32783167113035,0.0,178516.0,0.09107183083494874,0.43307666678447276,0.0
185.0,235529.0,348.5932312011719,415.13055419921875,310.40020751953125,212.60154895774164,344.0886513676381,0.0,179819.0,-0.00029460737437148055,0.14327349634413622,0.0
186.0,235529.0,348.5932312011719,415.13055419921875,310.40020751953125,212.60154895774164,344.0886513676381,0.0,74123.0,236.1614615613634,178.1583026190454,1.0
187.0,236776.0,350.96636962890625,415.2122802734375,309.42938232421875,213.15504187297492,344.8028422156639,0.0,181519.0,0.3731128799701082,1.0874218236107254,0.0
188.0,238667.0,353.4082336425781,413.447998046875,308.3543395996094,214.052910165687,345.86268951709724,0.0,183398.0,-0.20150923874894033,-0.005262588110895194,0.0
189.0,239919.0,355.4513244628906,412.68560791015625,308.7455139160156,214.58537482280144,346.7190504967292,0.0,184773.0,0.3255865052641411,0.5461887053523355,0.0
190.0,241061.0,356.73016357421875,412.7359924316406,307.8786315917969,215.13615266763622,347.4377642110886,0.0,184932.0,1.0097773996640171,0.6257058050014734,0.0
191.0,242306.0,358.2202453613281,412.287353515625,307.25494384765625,215.52848993376458,348.0933782765768,0.0,187108.0,0.4889037329319308,0.8413667581548907,0.0
192.0,243318.0,359.5016784667969,412.3338623046875,306.38140869140625,215.986465121649,348.76926470089074,0.0,187796.0,0.3789853916322272,0.39369168526530984,0.0
193.0,244516.0,361.1553649902344,412.8256530761719,305.0721130371094,216.53679343531627,349.521100936696,0.0,188162.0,0.48200726362995283,1.2324399752017712,0.0
194.0,244516.0,361.1553649902344,412.8256530761719,305.0721130371094,216.53679343531627,349.521100936696,0.0,110096.0,-236.49801183939928,222.34181726073695,1.0
195.0,244516.0,361.1553649902344,412.8256530761719,305.0721130371094,216.53679343531627,349.521100936696,0.0,98330.0,-212.69506566972075,242.43653497930032,1.0
196.0,244516.0,361.1553649902344,412.8256530761719,305.0721130371094,216.53679343531627,349.521100936696,0.0,97276.0,-208.2810333337818,246.14237633402942,1.0
197.0,245421.0,364.8982238769531,416.0118408203125,300.8857727050781,216.93212013791685,349.4939198326632,0.0,193520.0,0.05753971515582634,0.8254556614382977,0.0
198.0,245421.0,364.8982238769531,416.0118408203125,300.8857727050781,216.93212013791685,349.4939198326632,0.0,61330.0,-57.265519233864325,314.46023377542593,1.0
199.0,245421.0,364.8982238769531,416.0118408203125,300.8857727050781,216.93212013791685,349.4939198326632,0.0,97210.0,-197.5310378354011,248.66686035749808,1.0
200.0,246208.0,367.31256103515625,418.0504455566406,298.20721435546875,217.28372254204376,349.57259617996374,0.0,197342.0,-0.41016453041015666,0.8455941264660964,0.0
201.0,253043.0,378.3047180175781,408.03594970703125,297.37701416015625,220.6682022524722,355.95083930228344,0.0,198381.0,0.00559099087922732,0.5046801995609371,0.0
202.0,254148.0,378.4432373046875,408.1398620605469,298.1070251464844,221.17479264091156,356.91035288990986,0.0,198550.0,0.12976150805991438,0.768708430598906,0.0
203.0,255068.0,379.7156066894531,409.16217041015625,297.1744079589844,221.634876431877,357.6171136844544,0.0,199796.0,0.10213246389196229,0.022630559890160384,0.0
204.0,256493.0,380.2411193847656,409.7492980957031,297.5880432128906,222.2500983177207,358.8161088914487,0.0,200298.0,-0.15615464848826832,0.49170684909159945,0.0
205.0,257514.0,380.7071228027344,410.1634826660156,297.1778259277344,222.75613545583715,359.4816406939844,0.0,202540.0,-0.40233770255588297,0.6668171213038931,0.0
206.0,258582.0,381.61328125,410.9551086425781,296.28802490234375,223.2868932799783,360.21215970388283,0.0,204714.0,0.42534276834874163,-0.1362455083126406,0.0
207.0,260530.0,382.2357177734375,411.7615661621094,297.5826110839844,224.08116677577775,361.6019911449604,0.0,205634.0,-0.11143385925197435,-0.33198102201305346,0.0
208.0,261694.0,383.3419494628906,412.8360900878906,297.2743225097656,224.6333496292588,362.38770667283535,0.0,206776.0,0.30733232835552826,-0.27680074695882695,0.0
209.0,262772.0,383.6668701171875,413.1284484863281,297.0138244628906,225.12274174845095,363.3873277864582,0.0,206393.0,0.08490367595118187,-0.3996419617357674,0.0
210.0,263804.0,384.732666015625,414.16912841796875,296.7577209472656,225.607599696131,364.26480752298835,0.0,209021.0,0.36024758284384006,-0.37266530140834675,0.0
211.0,264870.0,385.61474609375,414.95245361328125,295.9813537597656,226.09978896884556,365.16845427829605,0.0,209586.0,-0.7438749061507224,-0.3089622795820901,0.0
212.0,266542.0,386.8663330078125,416.17047119140625,295.70477294921875,226.836562397066,366.6606060105176,0.0,212180.0,-0.16584909708456053,-0.4259303722790264,0.0
213.0,267762.0,388.38043212890625,415.0015563964844,294.9400939941406,227.47705214032962,367.92370132842814,0.0,213452.0,-0.11086835800983863,-0.2678572514666371,0.0
214.0,268874.0,389.6035461425781,413.98309326171875,293.8843994140625,228.03935448791077,368.9173349139343,0.0,212679.0,0.13466973820391104,-0.39197102013241647,0.0
215.0,269761.0,390.0592346191406,413.88568115234375,293.8074951171875,228.47656467110903,369.68229603268804,0.0,214703.0,0.6115150739087767,-0.5421555084763554,0.0
216.0,271288.0,391.0586242675781,413.2414855957031,293.9678039550781,229.13377733630261,371.01212918178294,0.0,215394.0,0.7470383148241808,-0.6324838789906835,0.0
217.0,271288.0,391.0586242675781,413.2414855957031,293.9678039550781,229.13377733630261,371.01212918178294,0.0,91537.0,-162.89866272742552,276.27314942415506,1.0
218.0,272515.0,393.46002197265625,414.44329833984375,292.33660888671875,229.71904656106463,371.84539798147296,0.0,219344.0,0.5208168740304018,-0.8633114089943774,0.0
219.0,272515.0,393.46002197265625,414.44329833984375,292.33660888671875,229.71904656106463,371.84539798147296,0.0,98682.0,-195.242659516206,266.63296682619415,1.0
220.0,272515.0,393.46002197265625,414.44329833984375,292.33660888671875,229.71904656106463,371.84539798147296,0.0,101791.0,-186.74014084945213,263.1288688944925,1.0
221.0,273229.0,395.68731689453125,416.0746154785156,289.947021484375,230.0175824059766,371.84001936316645,0.0,220857.0,0.40723993022538707,-0.315657620069544,0.0
222.0,273229.0,395.68731689453125,416.0746154785156,289.947021484375,230.0175824059766,371.84001936316645,0.0,101321.0,-182.39334243472638,266.05913984278016,1.0
223.0,278458.0,397.25531005859375,415.7099304199219,292.48809814453125,232.29073598778078,376.3859056630243,0.0,223435.0,0.6360264331169674,-0.4952474213299638,0.0
224.0,280469.0,398.7109375,416.62969970703125,293.9747009277344,233.2174496454816,378.3186487605389,0.0,224646.0,0.12285814892720737,-0.5993226696786564,0.0
225.0,281627.0,398.86376953125,416.9972229003906,295.74365234375,233.67691833466085,379.1200337623956,0.0,225907.0,0.41338429045265457,-0.10523502325753498,0.0
226.0,282756.0,399.08111572265625,417.66357421875,298.3876647949219,234.20150179373343,380.1950157480707,0.0,226928.0,0.03716107697403004,-0.267585454222683,0.0
227.0,283868.0,400.0061340332031,418.4264221191406,299.47314453125,234.68030517565253,381.0095143040461,0.0,227433.0,0.6857962026880386,-0.10259353514311442,0.0
228.0,284938.0,401.4404602050781,417.79742431640625,299.0191955566406,235.20169553510914,382.00130889828114,0.0,228594.0,0.8112505406411401,-0.4908595776539073,0.0
229.0,286178.0,402.36737060546875,417.2796630859375,299.1162414550781,235.75502311849942,383.0939832469312,0.0,229518.0,0.3903819651277445,-0.5427465681673311,0.0
230.0,287163.0,403.5516357421875,417.4544982910156,298.0240478515625,236.24180949240986,383.9182204457477,0.0,230429.0,0.6608916988684541,0.4706244701798141,0.0
231.0,288364.0,405.03057861328125,417.6142883300781,297.4829406738281,236.7618351630124,384.57281494485767,0.0,231375.0,0.45687913993936036,-0.08588404459476351,0.0
232.0,289736.0,405.6297302246094,417.86212158203125,299.0307922363281,237.3557482996721,385.7978745405423,0.0,233316.0,0.15072137808715524,-0.38053172668077195,0.0
233.0,290905.0,406.58306884765625,418.5897216796875,298.03509521484375,237.8768603118164,386.5586630757733,0.0,233965.0,-0.14176758977066584,-0.2805915603263429,0.0
234.0,291784.0,407.5516662597656,418.6641845703125,298.32177734375,238.30108147671922,387.36029739765536,0.0,234742.0,0.6116942866478894,-0.518129589032128,0.0
235.0,293404.0,407.8118591308594,418.6489562988281,298.22540283203125,238.97495554062436,388.6450823051798,0.0,236047.0,0.1540799623513749,-0.35370984001724537,0.0
236.0,294606.0,408.4456787109375,419.6194763183594,302.4254455566406,239.50581087076438,389.4663014947506,0.0,237183.0,0.1859840546741225,-0.452301174103809,0.0
237.0,296006.0,408.4921875,420.1511535644531,304.41351318359375,240.09041103267057,390.66065836262726,0.0,238579.0,0.20603061060842265,-0.692309415847717,0.0
238.0,296986.0,409.23590087890625,420.45068359375,304.66748046875,240.56690120594482,391.50606636423913,0.0,240900.0,1.109320597301462,-0.5755806401657537,0.0
239.0,298422.0,410.7350769042969,419.1888122558594,302.2579650878906,241.21872709595795,392.77983654968847,0.0,241674.0,0.22359768410285596,-0.7287810071451872,0.0
240.0,299735.0,411.43402099609375,420.0376281738281,302.7662353515625,241.79409587714315,393.5936991365588,0.0,242640.0,0.4869771153647662,-0.6488933892404134,0.0
241.0,300869.0,412.2916564941406,420.27947998046875,300.2370910644531,242.2973652175792,394.41475630401743,0.0,242913.0,0.502711787924909,-0.13825965318039835,0.0
242.0,301703.0,412.8257141113281,422.0,308.0,242.7117689366356,395.05062966662894,0.0,243969.0,0.012527356882856111,-0.102026290179424,0.0
243.0,302588.0,414.2618103027344,422.30621337890625,306.36004638671875,243.17611392339944,395.8222454472771,0.0,245795.0,0.15330878387192115,-0.9353189224648304,0.0
244.0,304364.0,415.0437927246094,420.97674560546875,301.6466064453125,243.83574207308945,397.0050377514119,0.0,246975.0,0.029546652812769025,-0.8022245502241958,0.0
245.0,305268.0,416.6496887207031,421.6133117675781,303.7389221191406,244.3038283173053,397.77506206397607,0.0,247288.0,0.03647641016880243,0.10375862483516585,0.0
246.0,306446.0,418.201171875,422.0185241699219,301.7948303222656,244.83491050349502,398.624196372504,0.0,248847.0,0.1934627019755908,-0.5817576686908978,0.0
247.0,307904.0,418.9996032714844,419.50885009765625,294.5343322753906,245.5100787408562,399.9609980826219,0.0,250022.0,0.4053886471573378,-0.6269790956984025,0.0
248.0,308932.0,419.29833984375,421.07562255859375,300.4994812011719,245.98454251899912,400.7934006399474,0.0,251276.0,0.09324066847352697,-0.7696074192335232,0.0
249.0,310364.0,420.300537109375,423.8322448730469,308.7780456542969,246.60272157525944,401.8370316434263,0.0,252215.0,0.5712170417224343,-0.6866641447120401,0.0
250.0,311514.0,421.3031311035156,423.0,307.5,247.16573768494231,402.79777804357985,0.0,253937.0,0.71051752289452,-0.1445839535039113,0.0
251.0,312759.0,423.88983154296875,423.5,309.5,247.80355517659103,403.7678788568372,0.0,254990.0,0.5336498902579478,-0.49904588980751896,0.0
252.0,314140.0,427.7164001464844,423.0,315.5,248.44926927172355,404.7838929601819,0.0,255948.0,0.003958977438514921,-0.38081552514444184,0.0
253.0,315367.0,429.1440124511719,423.5,315.5,248.98921357153566,405.55653119772006,0.0,257235.0,0.46266476858602346,-0.28337466406838985,0.0
254.0,316462.0,430.4196472167969,423.0,317.0,249.48391458895068,406.41407454669553,0.0,258448.0,0.6219329890378731,-0.4335701859030223,0.0
255.0,317450.0,431.8302001953125,423.0,317.5,249.8872514522194,407.20019646360686,0.0,259837.0,-0.21675698681053746,-0.9877318714488865,0.0
256.0,319463.0,433.1054382324219,423.5,318.0,250.65227739205736,408.63308725554765,0.0,260595.0,0.264403654415446,-1.2197227267888593,0.0
257.0,320224.0,433.2580871582031,423.5,318.5,250.95812579816945,409.25786492137206,0.0,261395.0,0.3143648615772463,-0.858820290569895,0.0
258.0,321121.0,433.7341613769531,423.0,318.5,251.37836022657618,410.02682839053347,0.0,262294.0,0.33656357147344806,-0.7528356139801531,0.0
259.0,322018.0,434.0579833984375,423.5,319.0,251.76931059828866,410.7067080046295,0.0,263154.0,-0.0010144369867930436,-0.5440119906098744,0.0
260.0,323039.0,434.8391418457031,424.0,318.0,252.19341199594928,411.5169498325294,0.0,265034.0,0.3276159873770439,-0.6848618514503642,0.0
261.0,324118.0,435.62176513671875,424.5,318.0,252.67273344647396,412.4039282063157,0.0,266042.0,0.39188248769062284,-0.6418582811886608,0.0
262.0,324886.0,436.4201965332031,425.5,318.5,253.01864731444007,413.0193700058146,0.0,266108.0,0.014185052315951907,-0.7116236799110993,0.0
263.0,325945.0,436.8813781738281,425.5,317.0,253.45089665025185,413.81759266614074,0.0,266713.0,0.5506012723658387,-0.9430175270211407,0.0
264.0,327331.0,437.2028503417969,426.0,318.5,253.9644023052316,414.8493702538308,0.0,268428.0,0.18105927502961094,-0.8917093333643606,0.0
265.0,328202.0,438.14190673828125,425.5,316.0,254.37956079579462,415.48044478651457,0.0,268965.0,0.27310996602977866,-0.4672158490702145,0.0
266.0,328202.0,438.14190673828125,425.5,316.0,254.37956079579462,415.48044478651457,0.0,121860.0,209.92067729017828,152.42164802135719,1.0
267.0,328202.0,438.14190673828125,425.5,316.0,254.37956079579462,415.48044478651457,0.0,139808.0,-9.006437435513817,-354.857022226524,1.0
268.0,328202.0,438.14190673828125,425.5,316.0,254.37956079579462,415.48044478651457,0.0,116101.0,-76.56530471734561,-550.8717109131157,1.0
269.0,328677.0,438.14190673828125,425.5,316.0,254.43445090749404,415.4816482108446,0.0,272312.0,0.06249784062515573,-1.1024634940487772,0.0
270.0,333231.0,440.364990234375,428.0,316.5,256.396471481881,418.7164911927779,0.0,273530.0,0.08886156589665006,-1.1196417718633143,0.0
271.0,334124.0,440.51910400390625,428.0,316.0,256.7777714471334,419.32457594740816,0.0,274906.0,0.39719243389561143,-0.724718125305003,0.0
272.0,334979.0,440.9947204589844,428.5,316.0,257.15726508696616,419.71573713508815,0.0,275530.0,-0.4895272939467077,-1.2713523870909285,0.0
273.0,336792.0,441.18316650390625,429.5,318.5,257.77314368309914,420.86221023037933,0.0,275896.0,-0.30781203675405777,-1.2310167382826194,0.0
274.0,337510.0,441.4867858886719,429.5,317.5,258.0407600135208,421.37512978342704,0.0,276690.0,-0.2507701278472041,-1.138133445959454,0.0
275.0,338370.0,442.1001892089844,429.5,315.5,258.4064856365401,422.05212948165536,0.0,278346.0,0.009808115810074014,-1.1116643041842735,0.0
276.0,339391.0,442.8784484863281,429.5,313.0,258.8361927469416,422.81024112437296,0.0,279354.0,-0.1609625074241876,-0.7484892081928365,0.0
277.0,340443.0,443.03564453125,429.5,313.5,259.2628267154297,423.5197752171674,0.0,280769.0,0.2952491231510521,-0.7261307309935887,0.0
278.0,341380.0,443.12603759765625,431.1783447265625,318.366943359375,259.63904653299164,424.1556318145499,0.0,281571.0,0.2690551711805256,-0.8534102686177221,0.0
279.0,342330.0,443.6564636230469,431.5377197265625,317.74908447265625,260.00723872931746,424.8561521167254,0.0,281879.0,-0.09076528284469987,-1.0275970767191325,0.0
280.0,343548.0,443.9059753417969,430.6255187988281,314.1318054199219,260.45203290835497,425.55610675914403,0.0,283319.0,-0.020143942881759358,-0.9756664553492556,0.0
281.0,344534.0,444.6922912597656,431.1591796875,313.2403564453125,260.83156314902226,426.20300327426133,0.0,283819.0,-0.30573688481672434,-1.4551825827384732,0.0
282.0,345443.0,445.3489074707031,431.9300842285156,314.48052978515625,261.1834081528658,426.89600606248115,0.0,285342.0,-0.27538463632276944,-0.46696418253526417,0.0
283.0,346610.0,446.1377258300781,432.6746826171875,314.2197265625,261.58378816847284,427.3998713113417,0.0,285531.0,-0.20899831308349803,-1.1548738240234115,0.0
284.0,347615.0,446.9430847167969,433.5329895019531,314.2510070800781,261.95821422823616,428.0046728716872,0.0,287269.0,-0.7712944505416317,-0.6628206050129393,0.0
285.0,348542.0,447.82342529296875,433.9080505371094,313.58245849609375,262.3287722035141,428.53354594477196,0.0,288195.0,-0.10374342993816299,-0.9213998845821152,0.0
286.0,349409.0,448.1324462890625,434.5851745605469,314.6438293457031,262.6766745165566,429.16313914407885,0.0,289100.0,-0.01788665763433528,-0.4947688726505248,0.0
287.0,350215.0,448.41253662109375,435.6302185058594,316.940673828125,263.0077202005251,429.5661764921198,0.0,289817.0,0.23946934704827072,-0.8598997156980772,0.0
288.0,351282.0,448.6409606933594,435.7595520019531,317.5986328125,263.42805983108093,430.2859514323004,0.0,291023.0,0.09880567847403654,-0.608460878525193,0.0
289.0,352366.0,449.3304748535156,438.1355285644531,322.8065185546875,263.8834090620622,430.9350299059012,0.0,292118.0,0.3961882063970279,-0.6140316890770805,0.0
290.0,353299.0,449.7580871582031,438.6658935546875,324.07318115234375,264.27970306774944,431.4488382182517,0.0,293101.0,0.19912766521395042,-0.8757978602849903,0.0
291.0,354222.0,450.4383544921875,439.8865051269531,325.7312927246094,264.64103417483375,432.113411039278,0.0,293122.0,1.0414766356625478,-0.6475226281975779,0.0
292.0,355155.0,450.6219787597656,440.2278747558594,326.2229309082031,265.00444152183377,432.62917146211953,0.0,294994.0,-0.08527918927711653,-0.6005742268085896,0.0
293.0,356246.0,451.85211181640625,441.2403869628906,325.3241271972656,265.4378386141061,433.34282040896903,0.0,295542.0,0.4150057117014967,-0.16176603941056555,0.0
294.0,357272.0,452.3931579589844,442.0137634277344,326.0093078613281,265.83678140019504,433.9760938021663,0.0,296626.0,0.10979019389446876,-0.8548892875343768,0.0
295.0,358338.0,452.96441650390625,442.5887451171875,326.93707275390625,266.23825001096844,434.7102483263996,0.0,297671.0,0.283769855329183,-0.7086454029447964,0.0
296.0,359182.0,453.88043212890625,443.0476989746094,326.2975769042969,266.59817394329843,435.2985756919451,0.0,297985.0,0.4052968640338577,-0.717548924146854,0.0
297.0,359957.0,454.95458984375,442.7984924316406,322.87786865234375,266.9208167548731,435.84974475155997,0.0,299244.0,0.7359685774391664,-0.6216705256746877,0.0
298.0,360814.0,455.7268371582031,443.66998291015625,324.0733337402344,267.25427232158574,436.4401448079679,0.0,300196.0,0.4061601679931073,-0.4785460864403035,0.0
299.0,361631.0,456.9158020019531,444.6155700683594,323.1194763183594,267.5976437938949,437.00114416326187,0.0,301147.0,0.5506348235013547,-0.4494056450109838,0.0
300.0,362442.0,457.9635314941406,445.7198181152344,323.1368103027344,267.9548806851338,437.57627906457634,0.0,302334.0,0.5622244387498085,-0.8406247109000446,0.0
301.0,363453.0,458.21380615234375,446.1941223144531,323.80987548828125,268.3142521817001,438.2624784304493,0.0,302475.0,0.732771350299231,-1.2672673880613274,0.0
302.0,364395.0,458.81927490234375,446.5592956542969,322.9530944824219,268.72630381603375,439.0410003632918,0.0,303209.0,0.5126615852323084,-0.7673830193429012,0.0
303.0,365002.0,459.5144958496094,447.7720031738281,324.498779296875,268.9847790371446,439.45079360492684,0.0,304312.0,-0.14635934872933376,-0.5871672126454541,0.0
304.0,366473.0,460.8822937011719,449.2262878417969,325.5697326660156,269.5319235388347,440.40890090914377,0.0,305653.0,-0.3535428928445299,-0.4238179835095366,0.0
305.0,366473.0,460.8822937011719,449.2262878417969,325.5697326660156,269.5319235388347,440.40890090914377,0.0,166639.0,125.4153400606865,-326.0641823698278,1.0
306.0,366473.0,460.8822937011719,449.2262878417969,325.5697326660156,269.5319235388347,440.40890090914377,0.0,222142.0,-461.64332051592714,203.11914988709424,1.0
307.0,366473.0,460.8822937011719,449.2262878417969,325.5697326660156,269.5319235388347,440.40890090914377,0.0,169690.0,140.92197687311574,-386.1560492013489,1.0
308.0,366473.0,460.8822937011719,449.2262878417969,325.5697326660156,269.5319235388347,440.40890090914377,0.0,223922.0,-463.8305194369584,201.04237096839552,1.0
309.0,366473.0,460.8822937011719,449.2262878417969,325.5697326660156,269.5319235388347,440.40890090914377,0.0,224913.0,-463.44186966244683,202.98586873806948,1.0
310.0,366473.0,460.8822937011719,449.2262878417969,325.5697326660156,269.5319235388347,440.40890090914377,0.0,160032.0,168.51983229216268,-323.263929882968,1.0
311.0,366473.0,460.8822937011719,449.2262878417969,325.5697326660156,269.5319235388347,440.40890090914377,0.0,226017.0,-463.1052242149665,203.12940265964428,1.0
312.0,366473.0,460.8822937011719,449.2262878417969,325.5697326660156,269.5319235388347,440.40890090914377,0.0,161201.0,170.03956016961303,-322.2970631392416,1.0
313.0,366473.0,460.8822937011719,449.2262878417969,325.5697326660156,269.5319235388347,440.40890090914377,0.0,160377.0,172.94395510492052,-320.16555538507475,1.0
314.0,366473.0,460.8822937011719,449.2262878417969,325.5697326660156,269.5319235388347,440.40890090914377,0.0,161115.0,174.2653160748045,-322.48053305730593,1.0
315.0,366678.0,460.8822937011719,449.2262878417969,325.5697326660156,269.5276805433666,440.38619415235985,0.0,313205.0,0.6163204200711334,0.6433569565713242,0.0
316.0,366678.0,460.8822937011719,449.2262878417969,325.5697326660156,269.5276805433666,440.38619415235985,0.0,227313.0,-463.96032483449244,206.7623779662096,1.0
317.0,366678.0,460.8822937011719,449.2262878417969,325.5697326660156,269.5276805433666,440.38619415235985,0.0,229330.0,-463.34912457889527,203.7780099591195,1.0
318.0,366678.0,460.8822937011719,449.2262878417969,325.5697326660156,269.5276805433666,440.38619415235985,0.0,229618.0,-462.0432820249871,206.93915796865838,1.0
319.0,366678.0,460.8822937011719,449.2262878417969,325.5697326660156,269.5276805433666,440.38619415235985,0.0,230191.0,-465.9733319849631,205.0750465374978,1.0
320.0,370591.0,468.0592346191406,465.6481628417969,359.2777404785156,271.31339158293275,443.71725231277634,0.0,317634.0,0.46663141381884543,0.16677832277764537,0.0
321.0,380102.0,479.145263671875,469.6175537109375,344.0474548339844,275.1678517442795,449.8719817893322,0.0,318721.0,0.33934522099957576,-0.5222390528060714,0.0
322.0,380102.0,479.145263671875,469.6175537109375,344.0474548339844,275.1678517442795,449.8719817893322,0.0,225853.0,-460.45933820327764,219.1907017568442,1.0
323.0,381729.0,481.02642822265625,472.9077453613281,349.8155822753906,275.8094586829855,450.92992801666526,0.0,319926.0,0.559763554885194,-0.12370745929439408,0.0
324.0,381729.0,481.02642822265625,472.9077453613281,349.8155822753906,275.8094586829855,450.92992801666526,0.0,229352.0,-464.2202247300763,215.34303075028467,1.0
325.0,383426.0,483.8067321777344,476.24090576171875,352.4817810058594,276.55440584006465,452.1689396611274,0.0,321791.0,0.49795923422686883,-0.4891707744321252,0.0
326.0,385112.0,485.2215270996094,477.54632568359375,352.8882141113281,277.23992683487995,453.36298922607256,0.0,322786.0,0.5105867089986305,-0.6121039010226355,0.0
327.0,385861.0,486.23040771484375,478.8680725097656,353.9244079589844,277.5505540890572,453.94713348582786,0.0,323392.0,0.593915417614653,-0.1522654759841089,0.0
328.0,386671.0,487.12109375,479.9224548339844,354.4250793457031,277.91802080620477,454.53272709454046,0.0,324281.0,0.34314353114928053,-0.1896846587611094,0.0
329.0,386671.0,487.12109375,479.9224548339844,354.4250793457031,277.91802080620477,454.53272709454046,0.0,235922.0,-470.2214501377846,189.15867689956374,1.0
330.0,386671.0,487.12109375,479.9224548339844,354.4250793457031,277.91802080620477,454.53272709454046,0.0,236014.0,-470.9555487806997,189.4773245671448,1.0
331.0,387519.0,487.12109375,479.9224548339844,354.4250793457031,278.2953715483597,455.40531397865794,0.0,326623.0,0.4563159752572119,-0.464724275814433,0.0
332.0,387519.0,487.12109375,479.9224548339844,354.4250793457031,278.2953715483597,455.40531397865794,0.0,237400.0,-469.7843556056505,190.11189564083398,1.0
333.0,387519.0,487.12109375,479.9224548339844,354.4250793457031,278.2953715483597,455.40531397865794,0.0,232450.0,-460.34425690675835,217.61782445822135,1.0
334.0,389524.0,487.12109375,479.9224548339844,354.4250793457031,279.03751522795267,457.0175051351972,0.0,327569.0,-2.44446880732562,0.6013070672817094,0.0
335.0,392761.0,495.79541015625,491.0,368.0,280.47823217789534,459.6346375111432,0.0,329641.0,0.7100522446012292,0.363203751322942,0.0
336.0,394736.0,498.0804138183594,490.0,370.0,281.2124504780203,461.1865132459968,0.0,330952.0,0.8066376256515468,0.0873837821504253,0.0
337.0,394871.0,498.0804138183594,490.0,370.0,281.24070413604016,461.2369239310269,0.0,306915.0,0.03664805883795452,25.076818497328702,0.0
338.0,396043.0,498.7851257324219,489.5,370.5,281.69014422299017,462.15365410218277,0.0,332124.0,0.6901868723333564,-0.06613666018222375,0.0
339.0,396043.0,498.7851257324219,489.5,370.5,281.69014422299017,462.15365410218277,0.0,241872.0,-469.3749042329637,194.28474033936982,1.0
340.0,397364.0,500.6221923828125,493.5,374.5,282.34195400058303,463.81213869346635,0.0,334107.0,0.4627269270015404,-0.5021764941518541,0.0
341.0,399144.0,502.9001770019531,494.5,376.5,283.01893204966046,465.2364989980902,0.0,334692.0,-0.016850047108391664,-0.26853578234249653,0.0
342.0,399144.0,502.9001770019531,494.5,376.5,283.01893204966046,465.2364989980902,0.0,106151.0,438.033204733546,-100.438821989578,1.0
343.0,399968.0,503.54998779296875,494.5,375.5,283.3209314847992,465.8192782569288,0.0,335894.0,0.1908267051913981,-0.38388505683127505,0.0
344.0,402182.0,503.54998779296875,494.5,375.5,283.5696712798599,466.05112380222914,0.0,310820.0,-0.9970562912304786,26.27598782594316,0.0
345.0,402182.0,503.54998779296875,494.5,375.5,283.5696712798599,466.05112380222914,0.0,221630.0,-454.96761709665043,247.13462139263405,1.0
