run,T_C,T_unc_C,eta_cP,rstar_um,n_free,n_wall_dropped,n_drift_excluded,kb_median,se_kb_median_stat,chi2_dof,syst_radius_1px,syst_T_1C,ratio_median,ratio_median_incl_drift,kb_slope_xcheck,ratio_slope_xcheck
run2,14.0,1.0,1.169402338472117,1.3478297243689024,5,0,2,1.9162015845620447e-23,3.073262082946892e-24,38.008175266791426,2.970133109246255e-24,5.842712725331456e-25,1.3878991579771864,1.3878991579771864,1.5910545765594414e-23,1.1523961387430413
run3,14.0,1.0,1.169402338472117,1.3478297243689024,4,0,1,1.401218725371233e-23,1.1605151408395327e-24,3.5258159067464425,1.9120274675592045e-24,4.272472449484161e-25,1.0148985914386879,1.0553212291996197,1.5086760637625932e-23,1.0927296248087626
run4,14.0,1.0,1.169402338472117,1.3478297243689024,8,0,2,1.7591551164398557e-23,1.1248671791065996e-24,1.5772620394247172,2.401411180704392e-24,5.363860497487385e-25,1.2741508641514647,1.2997162584503306,1.704522586329981e-23,1.234580683671216
run5,15.2,1.0,1.1324815314637118,1.3512637246613246,13,0,6,1.8437766009798104e-23,1.9558764220043845e-24,31.103934215906477,2.4960323165481174e-24,5.523623431205197e-25,1.3354419559061066,1.2901625323443242,1.734545550027154e-23,1.256326227757492
run7,16.8,1.0,1.0860885651088261,1.356174262899583,16,0,6,1.7454043130195252e-23,1.9364430449645332e-24,9.723904988365181,2.4139331275816365e-24,5.109566792858209e-25,1.2641911977769331,1.2641911977769331,1.3786022220207752e-23,0.9985175247443594
run8,16.8,1.0,1.0860885651088261,1.356174262899583,9,0,4,1.5838768166229702e-23,1.9692358148675757e-24,8.936800594133036,2.2463247041277072e-24,4.636704702645098e-25,1.147197308383934,1.2396664467296112,1.6134724596820966e-23,1.1686333453919835
run9,20.0,1.0,1.002,1.3671393657423143,5,0,0,1.2679396343977054e-23,8.96017935708232e-25,1.4509949276698446,1.7784297164023603e-24,3.549228156746034e-25,0.9183649388061016,0.9183649388061016,1.378809806183429e-23,0.9986678773413292
run15,30.3,1.0,0.7921439813809015,1.4134024195882957,7,0,1,1.2631893711317698e-23,1.2275791392613979e-24,62.92927037896914,1.6186008158323821e-24,3.0965164066696125e-25,0.9149243371282416,0.9160095708110272,1.1040624802122494e-23,0.799669199204323
run16,30.3,1.0,0.7921439813809015,1.4134024195882957,15,0,1,1.027442420692348e-23,1.2342801039482335e-24,52.52678772202766,1.4303629672775072e-24,2.518618653141226e-25,0.7441735160003361,0.7129644979038959,9.72191032740105e-24,0.7041550986094981
