t_s,M_px,Renc_px,cx_px,cy_px,Rg_px,R95_px,clipped,npix,dx_px,dy_px
0.0,0.0,0.0,0.0,0.0,0.0,0.0,0.0,0.0,0.24111239461342393,0.013127708890067424
1.0,0.0,0.0,0.0,0.0,0.0,0.0,0.0,0.0,0.2264558454529606,0.09335057513817446
2.0,0.0,0.0,0.0,0.0,0.0,0.0,0.0,0.0,-0.434084293644446,-0.4524874609792846
3.0,0.0,0.0,0.0,0.0,0.0,0.0,0.0,0.0,-0.16292354136226095,0.08024416725612582
4.0,0.0,0.0,0.0,0.0,0.0,0.0,0.0,1649.0,0.14528118683949742,-0.10740751095380574
5.0,0.0,0.0,0.0,0.0,0.0,0.0,0.0,2068.0,-0.10967368933359012,-0.3936121272964215
6.0,0.0,0.0,0.0,0.0,0.0,0.0,0.0,2272.0,0.14105151289379592,-0.3935559532143884
7.0,2259.0,45.60711669921875,629.0,342.0,31.070969575144726,121.00537172444594,0.0,2530.0,0.40069750504881085,-0.6236004500264016
8.0,2535.0,47.6682243347168,627.5,343.0,31.694521985927658,122.58017771465153,0.0,2811.0,0.24142566960460954,-0.5158881399464121
9.0,2816.0,49.47736740112305,632.0,342.0,32.51838198579426,124.17527890273207,0.0,3157.0,0.3375175005858182,-0.720267523485461
10.0,3141.0,52.172889709472656,629.0,343.0,33.46867328768557,126.0,0.0,3574.0,0.5224003392867189,-0.5261306492308222
11.0,3558.0,60.27032470703125,625.5,338.5,34.75849391599655,127.39309243440164,0.0,4108.0,0.5241744332740836,-0.478544257850956
12.0,4057.0,65.6087875366211,625.5,336.5,37.09252748511515,129.55307792561317,0.0,4864.0,0.5446547903241026,-0.5244628669695999
13.0,4694.0,71.1513442993164,617.5,334.5,40.624830756830924,130.98091464026353,0.0,5230.0,0.42481068175573,-0.42908422231664645
14.0,5217.0,76.08065032958984,613.0,333.5,42.904788530228124,132.83749457037052,0.0,5835.0,0.409263608827132,-0.45388090135406856
15.0,5848.0,80.9724349975586,603.457763671875,336.2567138671875,45.8342575441528,134.34656675925888,0.0,6472.0,0.19104064292730527,-0.3374935276444262
16.0,6519.0,82.95942687988281,604.5,334.0,48.20498107618664,135.72398461583714,0.0,7034.0,0.25161313336514013,-0.3190861621125123
17.0,7050.0,84.32388305664062,602.5,335.5,49.71053785774129,136.661804480797,0.0,7505.0,0.22255523215710582,-0.1992190269683647
18.0,7599.0,86.45240020751953,603.0,335.0,50.98738563333234,138.08077342403553,0.0,8010.0,0.0939082692991633,-0.0324837754226337
19.0,8120.0,88.6849365234375,603.0,333.0,51.95914460881687,139.17812301450476,0.0,8517.0,0.07549387273797947,-0.008354971196808947
20.0,8597.0,90.05008697509766,603.0,334.0,53.16273284467949,140.00571410351435,0.0,8951.0,0.10961545734801348,0.042911667380508334
21.0,9053.0,90.30098724365234,603.5,334.0,53.98290338879581,141.00780110632817,0.0,9383.0,0.012495990048932981,0.04820800623417654
22.0,9469.0,90.91764068603516,603.0,335.0,54.47423046127604,142.00211264986334,0.0,9778.0,0.08167706402025487,0.044799099685462807
23.0,9924.0,91.68587493896484,606.0,334.1170959472656,55.213315401678166,143.1960193023276,0.0,10364.0,0.11853891667306016,0.007020231366823282
24.0,10470.0,93.1505126953125,606.0,333.0,55.99001817389347,143.78456106272327,0.0,10981.0,0.25635191977244176,0.030364812392292606
25.0,11060.0,94.67522430419922,607.5639038085938,332.06591796875,57.106004456403745,144.1700384962146,0.0,11403.0,0.1877012282279793,0.09045919954070314
26.0,11543.0,96.81564331054688,607.0,331.5,58.06482086345349,145.0,0.0,11734.0,0.16897856366051656,0.07609764470288383
27.0,11962.0,97.56948852539062,609.84423828125,330.0075378417969,58.78022762970621,146.01369798755184,0.0,12156.0,0.2339675440226756,-0.012202969256179585
28.0,12408.0,99.35933685302734,609.6488037109375,330.2033386230469,59.509173915225695,147.41099009232656,0.0,12589.0,-0.03558376624619086,-0.08110493193646562
29.0,12944.0,102.07313537597656,607.555419921875,330.17022705078125,60.27879356346556,148.78440747549485,0.0,13197.0,-0.06135318487474706,-0.027240081956108497
30.0,13551.0,102.82384490966797,606.810791015625,331.6384582519531,61.153263686634055,150.02999700059985,0.0,13825.0,0.06395839785284352,0.0074066070483240765
31.0,14186.0,104.20423889160156,606.77197265625,332.6479187011719,62.102320896245374,151.4537875152128,0.0,14242.0,-0.02994792830475035,-0.019583499131556437
32.0,14638.0,105.39424133300781,606.7335815429688,332.4521789550781,62.78911650993313,152.33105384543742,0.0,14879.0,-0.04737513492875678,-0.20922964825348345
33.0,15206.0,106.56610107421875,606.5438842773438,331.6969299316406,63.62003898422754,153.18289721767243,0.0,15400.0,0.11494507875238469,-0.03966757717159908
34.0,15778.0,108.97749328613281,605.3509521484375,333.0393371582031,64.64050534546831,154.12008305214476,0.0,16131.0,0.20639969176545492,-0.1631772070049351
35.0,16275.0,110.86537170410156,608.1423950195312,330.48089599609375,65.46426650555595,155.04934697642614,0.0,16450.0,-0.04472330981900541,-0.4181228302998079
36.0,16794.0,112.00877380371094,607.055419921875,332.2473449707031,66.23413629821968,156.48514116513292,0.0,17018.0,0.004609396635146368,-0.30946378676628683
37.0,17380.0,112.78182983398438,608.77294921875,332.0200500488281,66.91785946513475,157.2768260107,0.0,17369.0,-0.00647637212614427,-0.16191686054696675
38.0,17864.0,114.53296661376953,606.306396484375,334.3699951171875,67.53004476224322,158.25612152457168,0.0,17921.0,-0.005286420477204956,-0.21296380829005557
39.0,18392.0,116.44026184082031,605.3126831054688,334.2013854980469,68.29831831160323,158.97798589741913,0.0,18390.0,-0.08896856388889773,-0.3877046138501896
40.0,18853.0,118.81816101074219,604.5086669921875,333.4140625,69.0973228813309,160.02062355368525,0.0,18848.0,-0.13819723906590298,-0.38674612752043913
41.0,19423.0,120.40364074707031,609.3322143554688,330.776123046875,69.93377795397788,161.31026005806325,0.0,19503.0,-0.11255538798150155,-0.36194796111294636
42.0,20005.0,121.48017120361328,611.6829833984375,329.54205322265625,70.77960637518511,162.4789214114227,0.0,19952.0,-0.10544140592458007,-0.4016696883224995
43.0,20540.0,122.9162368774414,613.6952514648438,328.55126953125,71.44888123156113,163.6827724580592,0.0,20795.0,-0.09301936988879334,-0.39584351475576796
44.0,21013.0,123.08360290527344,612.9884033203125,329.2480773925781,71.99279804918255,164.34719346554112,0.0,20700.0,-0.06952095589588225,-0.4588302681291907
45.0,21594.0,124.25166320800781,618.6007080078125,326.6051940917969,72.63174329995101,166.10839834276894,0.0,21688.0,0.2623864652800876,0.23061025848033978
46.0,22112.0,125.30500030517578,616.671142578125,329.0794982910156,73.33020608972377,168.00297616411441,0.0,21534.0,-0.07784821032282707,-0.05851974162362694
47.0,22485.0,126.2252426147461,617.4642944335938,328.1826477050781,73.8311100883566,168.6801707374047,0.0,22556.0,-0.140211778566254,-0.24060791623821842
48.0,23120.0,127.63419342041016,618.1513061523438,328.427734375,74.58175630115808,169.65037574283744,0.0,22588.0,0.022390841166384234,-0.16986337944621255
49.0,23752.0,128.9123992919922,617.7322998046875,329.5882873535156,75.44008281362058,171.42053552593984,0.0,23172.0,-0.055117367054208444,-0.11190392528192206
50.0,24288.0,129.96926879882812,616.5592041015625,331.74871826171875,76.09830271959942,172.5688268488837,0.0,23558.0,-0.24761968049415373,-0.24159303726582948
51.0,24845.0,132.06488037109375,615.7620239257812,333.2124938964844,76.89082730329268,174.00114938732213,0.0,24000.0,-0.024546558636757254,-0.30006343482523334
52.0,25320.0,133.69332885742188,614.2335815429688,334.13555908203125,77.5986960156532,174.9517076179829,0.0,24566.0,-0.1224082795177992,-0.04593537506582379
53.0,25850.0,134.6702117919922,612.2647094726562,335.8865051269531,78.42276031050297,176.07100840286,0.0,25092.0,0.09542705295132237,-0.1033008920291536
54.0,26577.0,137.31707763671875,612.3009643554688,334.5467224121094,79.48854786560051,177.49816897245384,0.0,25616.0,-0.03314984510927843,-0.034839620019397444
55.0,27132.0,139.1916046142578,611.3848266601562,335.4925842285156,80.31744855048844,178.46568297574746,0.0,26017.0,-0.03855976529143845,-0.02570982599809213
56.0,27599.0,140.0353240966797,610.8917236328125,335.7651672363281,80.93823369034838,179.22611416866684,0.0,26530.0,-0.14871692435713157,-0.030845223715459724
57.0,28232.0,140.8173370361328,609.8048095703125,336.29791259765625,81.74391851246864,180.41715545615932,0.0,27013.0,-0.3379594720803425,-0.14784065031466298
58.0,28737.0,141.70335388183594,611.00439453125,336.6302795410156,82.3692768789992,181.4083790788066,0.0,27511.0,-0.16184489931447388,-0.13422530547126144
59.0,29307.0,142.51068115234375,613.9095458984375,335.8468017578125,83.03298528421216,182.28000438885226,0.0,27974.0,0.14205275220103886,-0.11962117180871701
60.0,29962.0,142.76654052734375,614.7665405273438,335.6232604980469,83.72032516178146,183.72969269414094,0.0,28346.0,0.0924431602667255,-0.12856729483314666
61.0,30487.0,143.40756225585938,618.1558837890625,334.2387390136719,84.33563052694342,184.69813208000772,0.0,29054.0,-0.1445800334956857,-0.2166396961524697
62.0,31039.0,143.90577697753906,619.6124267578125,333.87786865234375,84.9141933184441,186.26862323000083,0.0,29032.0,0.095462657066264,0.33860171355667035
63.0,31529.0,144.44508361816406,618.47412109375,335.26898193359375,85.38658024300375,187.5435949274038,0.0,29892.0,-0.2627543401101775,0.005832197496488334
64.0,31919.0,144.73147583007812,619.4454956054688,334.97760009765625,85.72763495995426,188.2153022471871,0.0,29911.0,0.19405022249054582,-1.3686812723004778
65.0,32531.0,145.05545043945312,620.142578125,334.90582275390625,86.3228202046702,188.94840542915225,0.0,30451.0,0.1885937494261043,-0.4630362791278344
66.0,33021.0,145.89047241210938,620.0,336.0,86.87641365331424,189.76301009416983,0.0,30780.0,0.17510109793886386,-0.012998325184071291
67.0,33493.0,146.22776794433594,617.9354858398438,337.7278747558594,87.36565643437238,190.65361239462143,0.0,31326.0,-0.4012959032448862,-0.17436716992119727
68.0,34018.0,146.22950744628906,618.2195434570312,337.5505676269531,87.8809771397373,191.2694434560837,0.0,31358.0,0.23628963306134665,-0.2675630988184139
69.0,34441.0,146.37557983398438,617.483642578125,338.18560791015625,88.23885268143626,191.84629264074925,0.0,31609.0,0.181040371156314,-0.08748596033655076
70.0,34803.0,147.03662109375,617.3148803710938,339.0685729980469,88.58836617163425,192.39620570638493,0.0,31974.0,0.09295878467673901,-0.13109986564802512
71.0,35243.0,147.2454376220703,618.1861572265625,338.7722473144531,89.05337261565383,193.0611301902613,0.0,32518.0,-0.044485162037744885,-0.1700476420388668
72.0,35703.0,147.44227600097656,619.3247680664062,338.2850646972656,89.54636634514216,193.6620768245554,0.0,32504.0,0.01838387787904594,-0.12608484011434484
73.0,35977.0,147.46359252929688,620.0476684570312,337.8460693359375,89.83232001787798,194.04587064392544,0.0,32635.0,-0.006333129882364119,-0.07759594107488965
74.0,36267.0,147.51962280273438,619.824462890625,338.05670166015625,90.15080770321669,194.5507645834372,0.0,32945.0,-0.012006673261339529,-0.1954299008322664
75.0,36590.0,147.6872100830078,619.1696166992188,338.6741943359375,90.4671159892411,195.13892480487178,0.0,33261.0,0.05576318249268297,-0.15232984378906167
76.0,36949.0,147.8312225341797,619.2584228515625,338.78839111328125,90.8205698404776,195.47889911701466,0.0,33764.0,0.028325583378318697,-0.07167863816198405
77.0,37274.0,148.39425659179688,620.0318603515625,338.962890625,91.1539016606902,196.2065238466856,0.0,34029.0,-0.007933400849992722,-0.012760592675590487
78.0,37644.0,148.8031005859375,620.9186401367188,338.8779602050781,91.52497270564979,197.03908238434184,0.0,31778.0,0.12523067916129094,0.0404727804178151
79.0,37930.0,149.09906005859375,620.5,339.5,91.81764464761814,197.47063069155152,0.0,32266.0,0.155370656489481,-0.19000255379825148
80.0,38363.0,149.36961364746094,621.0,339.5,92.25966973720016,197.99494943053472,0.0,32195.0,0.027335105136103266,-0.04866438944583251
81.0,38640.0,149.67489624023438,620.4281616210938,340.2293701171875,92.55265661488667,198.4363877921587,0.0,32553.0,0.1304059827089077,-0.0847986484831722
82.0,38899.0,149.67489624023438,620.4281616210938,340.2293701171875,92.82475036132853,198.8793604173143,0.0,33723.0,-0.0858146387644183,-0.345718653015922
83.0,39225.0,150.04833984375,618.7648315429688,341.7128601074219,93.19968839713863,199.3007776295549,0.0,33052.0,-0.13280219824753203,-0.12737127307377705
84.0,39589.0,151.47618103027344,619.0,343.0,93.54834251145738,200.10497245196083,0.0,33466.0,-0.17159918027027743,-0.051112574534442956
85.0,39926.0,152.1661376953125,619.5,343.5,93.89779428681075,200.86811589052968,0.0,33788.0,-0.08574995487788328,0.11475656885033914
86.0,40182.0,153.0115509033203,618.5,344.5,94.18901593795397,201.34050759844627,0.0,34259.0,0.03244737896568495,0.011304210655282532
87.0,40470.0,153.0115509033203,618.5,344.5,94.5245009271874,202.0054454111048,0.0,34356.0,0.05698928917149715,0.059304238718425495
88.0,40801.0,153.0115509033203,618.5,344.5,94.83410620722825,202.63267258761604,0.0,34499.0,-0.012867976230950262,0.21156479284644547
89.0,41170.0,153.24664306640625,620.5,343.5,95.19843706283228,203.59273071502332,0.0,34778.0,-0.03096946791299615,-0.023438593002993002
90.0,41471.0,153.24664306640625,620.5,343.5,95.48431178248792,204.215572373901,0.0,34938.0,-0.06403496833365807,-0.0004155034912969313
91.0,41792.0,153.3822021484375,622.6336669921875,342.2514953613281,95.80051610493825,205.20477577288497,0.0,35305.0,0.051340045389110855,0.04586668942130245
92.0,42181.0,153.79379272460938,621.5,343.5,96.20311555184284,206.24742422634034,0.0,35557.0,0.03443570342756175,0.14731954203335818
93.0,42458.0,154.069091796875,622.0,343.5,96.47541973659965,207.04395657061397,0.0,35786.0,0.31570391407228726,-0.014836891027812271
94.0,42873.0,154.0896759033203,622.112060546875,343.45050048828125,96.87123435134151,207.80038498520642,0.0,35798.0,0.125198821712047,-0.00941527024002653
95.0,43231.0,154.56405639648438,622.4744262695312,343.7794189453125,97.15964044281381,208.4634260487916,0.0,36306.0,0.07348404788501739,0.03600301582332577
96.0,43555.0,155.0927276611328,621.469482421875,345.0716247558594,97.50334491299552,208.9712898940905,0.0,36755.0,0.002296340045404577,-0.11962353777005319
97.0,43898.0,155.5135498046875,622.8025512695312,344.0339050292969,97.83271803067478,209.35770803104626,0.0,37405.0,-0.05996769551450143,-0.2206109943713841
98.0,44362.0,155.6721954345703,624.2125244140625,343.2667236328125,98.2713097133283,210.38025096853838,0.0,37545.0,-0.03332093824462845,-0.17759746791955422
99.0,44670.0,156.06500244140625,626.0,342.5,98.56483844208103,211.1336067781842,0.0,37535.0,-0.14653966219145786,0.03837445132188577
100.0,44986.0,156.47373962402344,626.0,343.0,98.8223876901212,211.6264397445493,0.0,37520.0,0.19456634211724122,0.0018116276435193868
101.0,45342.0,157.05105590820312,627.0,343.0,99.16697295942333,212.24985276791125,0.0,38476.0,-0.4642666368142727,0.06937123378151
102.0,45738.0,157.34129333496094,627.5,343.0,99.57758593908196,213.06653876930358,0.0,38185.0,-0.09841972284004896,1.9753024886075536
103.0,46195.0,158.59878540039062,627.098876953125,343.03662109375,100.04346791913636,214.15951998184744,0.0,38845.0,1.5745344586673582,0.38911329949525
104.0,46568.0,159.25692749023438,627.8218383789062,342.38299560546875,100.29799461777364,214.448128926321,0.0,38721.0,0.7052396305512048,0.6936758151729236
105.0,46850.0,159.52694702148438,628.1467895507812,342.50848388671875,100.53871981130756,214.75800334329801,0.0,38912.0,0.27697188475906387,0.5030736428750515
106.0,47060.0,159.80215454101562,624.12060546875,344.9610900878906,100.71665056265854,215.03499715102933,0.0,40587.0,-1.413210521826386,-0.060959198947557525
107.0,47323.0,160.1964874267578,624.9815063476562,344.4874572753906,100.99103724361622,215.22755386154023,0.0,40123.0,0.12387706415302091,-0.13647679713000116
108.0,47482.0,160.3388671875,624.9222412109375,344.6822204589844,101.12146058436639,215.41819793137256,0.0,39518.0,0.12600997253662172,0.1066119695548764
109.0,47798.0,161.29718017578125,625.7012329101562,345.3480224609375,101.40557240346259,216.1055297512767,0.0,40418.0,-0.1962594054012925,-0.059866304813567695
110.0,48192.0,162.0533447265625,626.900390625,344.9864501953125,101.79357317199258,216.9331694324314,0.0,40663.0,0.00549431433682912,-0.10046749533643151
111.0,48589.0,162.80868530273438,626.3880615234375,345.141357421875,102.12390999181856,217.74526401279087,0.0,41014.0,0.12947697770619016,-0.16659500070096556
112.0,48986.0,163.15931701660156,623.0595092773438,346.868896484375,102.47035352222733,218.1793983877527,0.0,41161.0,-0.10206925760337526,0.1337891705883294
113.0,49440.0,164.40594482421875,619.8507690429688,349.3840026855469,102.8647891580957,218.79031056249036,0.0,41900.0,0.09295617031807524,-0.17804123368040337
114.0,49820.0,165.05496215820312,618.949462890625,350.5475769042969,103.19972048676496,219.2286477539987,0.0,42018.0,-0.023813349453234878,-0.3137824331118395
115.0,50128.0,165.7416229248047,619.5,351.0,103.46507269043991,220.00227271553356,0.0,41836.0,-0.03532956990181901,-0.24694487795454734
116.0,50514.0,166.68026733398438,618.8484497070312,350.74560546875,103.80853161677348,220.95248357961492,0.0,42181.0,0.06645236856718384,-0.09744453492731964
117.0,50913.0,167.54637145996094,621.6094360351562,349.9569091796875,104.14713930760477,221.99729726987704,0.0,42636.0,0.07427538577826454,-0.4751311896261541
118.0,51205.0,167.9502410888672,623.0,349.5,104.38426606406307,222.64994947226015,0.0,43035.0,-0.0038094146756293412,-0.246908436453964
119.0,51629.0,168.77584838867188,622.0,350.5,104.77881268054405,223.57459604972934,0.0,43460.0,-0.0773336049117006,-0.07654928063658417
120.0,52252.0,169.32376098632812,621.5,351.5,105.29710221826647,224.18998626093443,0.0,43826.0,0.12620330569507132,-0.3886892621056859
121.0,52697.0,169.32376098632812,621.5,351.5,105.64134960532652,224.55823289546316,0.0,44735.0,0.0018510955853798805,-0.34335389009009987
122.0,53438.0,170.21505737304688,618.84521484375,354.3094177246094,106.23912115373321,225.07776433935007,0.0,44575.0,-0.02039632521052681,-0.2954110002671655
123.0,53864.0,170.5447235107422,618.328369140625,354.74200439453125,106.59425513666993,225.44079044031795,0.0,45000.0,0.04557114222393466,-0.3617320768175887
124.0,54316.0,171.14332580566406,622.0,353.0,106.97362854007942,226.01991062736045,0.0,44961.0,0.14421439679892956,-0.03548497306195486
125.0,54862.0,171.83396911621094,625.2283935546875,351.2875671386719,107.41352505236111,226.7729040246411,0.0,45390.0,0.06657266989111577,-0.10397213181164489
126.0,55259.0,172.33013916015625,626.0660400390625,351.30120849609375,107.73434872785916,227.27076362788065,0.0,45403.0,0.1493734673599647,-0.1158884908011828
127.0,55620.0,172.60203552246094,628.6543579101562,349.75701904296875,108.0473825084931,228.0021929719098,0.0,45837.0,0.07685859061939482,-0.046570976857424284
128.0,55976.0,173.20013427734375,630.0,349.5,108.37785009138044,228.4299673841015,0.0,46317.0,-0.007566807179841817,-0.1159814944864479
129.0,56404.0,174.00082397460938,630.0,350.5,108.72853683391064,229.0349318335524,0.0,46881.0,0.014623826646698035,-0.20489358494069165
130.0,56878.0,174.90150451660156,631.5,350.5,109.12273047984957,229.7063342618135,0.0,46871.0,0.08950156736682402,-0.14975145248598665
131.0,57228.0,174.90150451660156,631.5,350.5,109.42711035290866,230.081833265744,0.0,47352.0,0.06923095550610014,-0.2461486469315446
132.0,57766.0,176.20347595214844,630.512451171875,352.86181640625,109.89257887472263,231.20878010251363,0.0,47645.0,0.1040502817985498,-0.1890179969839778
133.0,58073.0,176.60418701171875,631.0,353.0,110.1178566273129,231.4821807396846,0.0,47334.0,0.09260705200802022,-0.19124584363771646
134.0,58422.0,177.01051330566406,631.6951904296875,352.99017333984375,110.39035445014585,232.07757323791543,0.0,47875.0,0.376834144348436,-0.21495817046803722
135.0,58988.0,178.31387329101562,633.5922241210938,353.196044921875,110.87248480151668,233.47494501310746,0.0,48230.0,0.3913901777458477,-0.44481540066055913
136.0,59446.0,179.55386352539062,629.2555541992188,357.89398193359375,111.25934224204941,234.3885662740399,0.0,48808.0,0.463759794681323,-0.3970848879093296
137.0,59826.0,180.5709991455078,624.8164672851562,362.1329040527344,111.58757166122047,235.22382948690932,0.0,49415.0,0.48055625585323014,-0.23214467716786658
138.0,60232.0,181.1873779296875,625.2942504882812,362.5568542480469,111.91186385309148,235.9431074338429,0.0,49881.0,0.2228931945758177,-0.3693156927860173
139.0,60716.0,182.2223663330078,626.0962524414062,363.26849365234375,112.24587420976651,236.61308077210083,0.0,50369.0,0.1391423512318397,-0.41041227815264847
140.0,61329.0,182.3875732421875,624.7385864257812,364.348876953125,112.75275380926362,238.0693176366917,0.0,50716.0,0.1893760821245678,-0.34535950030931417
141.0,61905.0,184.15003967285156,621.138427734375,365.4892883300781,113.19820032495265,238.88281646028875,0.0,51587.0,0.2806187980803543,-0.3166703287760697
142.0,62419.0,184.1861572265625,621.1567993164062,365.5335998535156,113.58627241914063,239.61802931941833,0.0,52249.0,0.021157695534725462,-0.17584864530999766
143.0,62915.0,185.69798278808594,618.4807739257812,366.2115478515625,113.98473269089246,240.30397416605493,0.0,52075.0,0.10120672288053356,-0.13852468821784214
144.0,63420.0,187.6516571044922,615.0947265625,367.0693359375,114.41296121150359,241.0001037339933,0.0,52367.0,0.18771521658038637,0.046734715592947396
145.0,64043.0,187.99989318847656,614.9470825195312,367.38604736328125,114.94151938865147,241.81377131920178,0.0,52922.0,0.38607625150859803,-0.003390372770468275
146.0,64518.0,188.7910614013672,614.943115234375,368.22760009765625,115.33980041013994,242.32416305436814,0.0,49952.0,0.4301336964188067,-0.16354617410428318
147.0,64994.0,189.01161193847656,614.6134033203125,368.34130859375,115.71800903068674,243.0740627874558,0.0,54121.0,0.5210975538817593,-0.31541112504726243
148.0,65673.0,189.72747802734375,613.6185302734375,368.7356872558594,116.23801989132357,243.85979561681754,0.0,54639.0,0.39866535823261984,-0.11840113476097258
149.0,66070.0,191.04769897460938,612.6000366210938,369.76361083984375,116.52769874012527,244.58321675090068,0.0,54662.0,0.2945598790107624,-0.26478507749402524
150.0,66562.0,191.62457275390625,612.8992919921875,370.4921569824219,116.90138176220105,245.08151705055667,0.0,55289.0,0.16126491273655574,-0.2535078357431644
151.0,67203.0,194.19366455078125,615.4019165039062,366.70660400390625,117.4278277515633,246.04349206312952,0.0,55900.0,0.44448424718814294,-0.5144206116011105
152.0,67742.0,194.6670379638672,615.213623046875,367.0110168457031,117.87844909017532,246.8561321899967,0.0,56192.0,0.3401866856002016,-0.5182639250465968
153.0,68297.0,196.9198760986328,619.3156127929688,362.9222106933594,118.3355713227353,247.3867417614501,0.0,56325.0,0.3527769577615345,-0.3578372002139645
154.0,68970.0,197.2866973876953,619.5632934570312,363.2945556640625,118.86999885070503,248.7746971679609,0.0,56917.0,0.3048177472843463,-0.4261166508035785
155.0,69415.0,197.9073486328125,618.6665649414062,363.1724853515625,119.2370402481625,249.6521579849105,0.0,57521.0,0.4626795588534378,-0.2784161847982318
156.0,69868.0,198.73326110839844,619.1290283203125,364.2640686035156,119.59692276067533,250.3197954617253,0.0,57758.0,0.30794005115330947,-0.20480843641178126
157.0,70386.0,199.317138671875,619.4547729492188,365.03289794921875,119.97857332464447,251.00796800101784,0.0,58250.0,0.15096068493915027,-0.03827488364885312
158.0,70883.0,199.50733947753906,619.5606689453125,365.2828369140625,120.35658147891513,251.7339865810733,0.0,58390.0,0.07730211771001905,-0.17120579603556507
159.0,71327.0,199.73886108398438,619.3471069335938,365.4448547363281,120.6964429883108,252.29962344913855,0.0,59253.0,0.09431803419965945,-0.20486184024332488
160.0,71913.0,201.2360382080078,617.4261474609375,366.2621154785156,121.14802594003855,253.02371430362015,0.0,59250.0,0.10670553404986549,-0.1788869733017009
161.0,72562.0,201.33966064453125,617.4838256835938,366.39910888671875,121.63554743960054,253.74770934781316,0.0,59524.0,0.10628002258329161,0.027671782630307007
162.0,73116.0,201.93682861328125,617.4750366210938,367.0437316894531,122.07061287161251,254.52259230466717,0.0,60371.0,0.08241661803799616,-0.2314862582172168
163.0,73553.0,202.23573303222656,617.6392211914062,367.4372253417969,122.39639186380067,255.15563877578404,0.0,60060.0,0.07969746472917905,-0.13510263810178458
164.0,74067.0,202.8497314453125,617.9757080078125,368.24365234375,122.77466324234325,256.0060546018209,0.0,60284.0,0.15999224064603368,-0.16648033123288997
165.0,74467.0,203.1658172607422,618.1484985351562,368.6578063964844,123.06699206639566,256.715016991633,0.0,61085.0,0.08061781274489022,-0.22568249771921955
166.0,74862.0,203.76515197753906,618.4755249023438,369.4413757324219,123.3705103748129,257.2800031094527,0.0,61272.0,0.07916464948357316,-0.16594058820163582
167.0,75264.0,203.76515197753906,618.4755249023438,369.4413757324219,123.68871259116601,258.0620080523284,0.0,61790.0,-0.05033768888176837,-0.3609187032824934
168.0,75797.0,206.13125610351562,617.195068359375,371.47265625,124.17274471948492,258.71451443335485,0.0,62601.0,0.055329369062292244,-0.4297018809718338
169.0,76291.0,206.43026733398438,617.35595703125,371.8625793457031,124.57072513530399,259.53227159642404,0.0,62302.0,0.28957754594216567,-0.3289991363701006
170.0,76834.0,207.04994201660156,617.6885986328125,372.66888427734375,124.96319694937877,260.2786967848118,0.0,62531.0,0.20379513906345892,-0.3754061415700676
171.0,77346.0,207.04994201660156,617.6885986328125,372.66888427734375,125.30364469735281,261.22212769977966,0.0,63128.0,0.31832176549858104,-0.30986085004110464
172.0,77955.0,207.6508026123047,618.0103149414062,373.448486328125,125.72996729374931,262.2403477728017,0.0,63608.0,0.3227538107555574,-0.5283720192396686
173.0,78463.0,208.2718505859375,618.3419799804688,374.2520446777344,126.0839097023982,262.71086768537003,0.0,63947.0,0.26469808653439486,-0.3077449675396906
174.0,78927.0,208.6094207763672,618.5652465820312,374.5869445800781,126.41094404296356,263.22651836910757,0.0,64874.0,0.5219984697722566,-0.24771417092034653
175.0,79376.0,208.9697723388672,618.8583374023438,374.8172607421875,126.71985576162156,263.7598339386158,0.0,62633.0,0.13865833310126163,-0.22051508795686914
176.0,79851.0,209.14138793945312,619.3447265625,374.1192932128906,127.06574102888025,264.237582352499,0.0,65386.0,0.22019679046138663,-0.17764039812220744
177.0,80405.0,210.7086181640625,622.4615478515625,370.6947021484375,127.50648240605547,264.8867682614592,0.0,62705.0,0.22290932032876754,-0.27853120333548986
178.0,80858.0,211.26565551757812,618.4058227539062,374.4256286621094,127.86619881938074,265.24328455212583,0.0,66608.0,0.23236494265483998,-0.12797400906606526
179.0,81521.0,212.60888671875,620.21923828125,372.49493408203125,128.36791562160502,266.1766330841233,0.0,68123.0,0.1863742560586843,-0.29043429496488216
180.0,82086.0,213.2073516845703,621.3880615234375,371.3278503417969,128.80234645489773,266.9175902783479,0.0,67655.0,0.1746326468639836,0.039875806055817975
181.0,82533.0,213.5704803466797,621.6849975585938,371.55517578125,129.14156282194116,267.4404606621091,0.0,68165.0,0.38276797928642736,0.030104561434939114
182.0,83132.0,213.92153930664062,622.6832885742188,370.1311950683594,129.5831771132637,268.2927505543152,0.0,68613.0,0.39030244476032294,-0.0846364539120259
183.0,83763.0,214.21493530273438,622.9226684570312,370.317626953125,130.0293150225059,269.14066953399,0.0,68986.0,0.3433154181527698,-0.27816282483661325
184.0,84255.0,214.9281005859375,623.2789306640625,370.94281005859375,130.38750510358082,269.9264713080495,0.0,69604.0,0.2487449875669654,-0.3475687468401816
185.0,84785.0,215.60552978515625,623.8338012695312,371.3715515136719,130.75697976750868,270.6736041642486,0.0,66637.0,0.3065127211478966,-0.21118196849926107
186.0,85454.0,216.6916961669922,625.40380859375,370.42303466796875,131.19997771011444,271.28029784707917,0.0,66445.0,0.3137182747245788,-0.30506458909212597
187.0,86024.0,217.64938354492188,626.7571411132812,369.6410827636719,131.60582139321932,272.2498852157701,0.0,71259.0,0.2602169396923273,-0.3263252800324494
188.0,86466.0,218.4852752685547,627.6897583007812,369.5636291503906,131.90836880167237,273.02930245671433,0.0,67861.0,0.1653122410426704,-0.21704259727238195
189.0,86951.0,222.9126434326172,634.0,360.0,132.27402401800342,273.71152695246883,0.0,68806.0,0.1749024242166115,-0.15293657271826078
190.0,87501.0,223.61697387695312,634.5,360.5,132.64170432697898,274.54872063078346,0.0,69854.0,0.06528290154835759,-0.32199656674197286
191.0,88049.0,223.9381561279297,635.0,360.5,133.01666935697298,275.1908428709066,0.0,73193.0,0.023276250369690388,-0.12252342494764434
192.0,88511.0,224.20091247558594,636.0,360.0,133.31673472299516,275.9601420495358,0.0,73744.0,0.09775701652893076,-0.08476169241316711
193.0,89070.0,224.58250427246094,636.0,360.5,133.67415488788768,276.8961897883358,0.0,74001.0,0.21919130215167115,0.07163344079594935
194.0,89621.0,225.1544952392578,634.5,362.5,134.024460479287,277.58422145359776,0.0,71491.0,0.12509913402880102,-0.06901297975230136
195.0,90288.0,225.2222137451172,634.0,363.0,134.48231003265954,278.79015404675636,0.0,75813.0,0.19463120327111483,-0.1477523918650263
196.0,90784.0,225.9259796142578,634.5,363.5,134.7929527322231,279.4731650620452,0.0,75714.0,0.08794310787334325,0.030675202641646138
197.0,91398.0,226.31239318847656,634.5,364.0,135.20031794011308,280.4567702873297,0.0,73242.0,0.23313216491817457,-0.30816335488958657
198.0,91853.0,226.6297607421875,635.0,364.0,135.50597159668345,281.0871750898643,0.0,76391.0,0.048048515498976485,-0.2740673430606648
199.0,92383.0,227.01608276367188,635.0,364.5,135.84632088298235,281.7832500324789,0.0,72606.0,0.08808259941599772,-0.08939601250398255
200.0,92973.0,227.65170288085938,636.0,364.5,136.22222942014568,282.4535360019414,0.0,77052.0,-0.012615490759571912,-0.2735170313151798
201.0,93597.0,227.9705047607422,636.5,364.5,136.60176109891745,283.14413289967644,0.0,74628.0,0.18112892169358474,-0.11728355987577288
202.0,94188.0,228.4235076904297,636.0,365.5,136.97650415746583,284.00580979476365,0.0,77925.0,0.18597433277943765,-0.17129034077055394
203.0,94856.0,228.49354553222656,635.5,366.0,137.4016610701763,284.6756926739998,0.0,78251.0,0.13558881971573555,-0.14095167795920815
204.0,95436.0,228.5657501220703,635.0,366.5,137.7620891818321,285.59499285269675,0.0,75219.0,0.014035977587923298,-0.09898762231858882
205.0,95945.0,229.1970672607422,636.0,366.5,138.07173318643441,286.34245231889736,0.0,76739.0,0.1066206386445856,-0.16970059050794362
206.0,96348.0,229.3786163330078,637.5,365.5,138.30558365579842,286.8430755548732,0.0,76136.0,0.04948513473436833,-0.11447683900252059
207.0,96826.0,229.9566192626953,639.0,365.0,138.61137559656547,287.53695382731996,0.0,76422.0,0.09659680323761677,-0.11440457489896971
208.0,97268.0,230.27874755859375,639.5,365.0,138.86413711981675,288.01562457616774,0.0,75905.0,0.1832920776332685,0.05457191331709055
209.0,97808.0,231.30618286132812,640.5,365.5,139.19720034920144,288.6783676625602,0.0,77016.0,0.07642290635294557,0.0388346067517773
210.0,98397.0,231.87417602539062,632.8880615234375,372.3940124511719,139.57576912827446,289.2777212225269,0.0,78069.0,0.07521470772826433,0.0180495117762689
211.0,98786.0,232.2677764892578,633.3277587890625,372.378662109375,139.82740597642595,289.66359798911566,0.0,78406.0,0.2775331551661111,-0.040408690402500724
212.0,99593.0,232.54190063476562,634.1397094726562,371.2492980957031,140.31962121283803,290.66303514551004,0.0,81976.0,0.2978231269580647,-0.06028698141574296
213.0,100117.0,232.82260131835938,634.3689575195312,371.4239807128906,140.63266754752848,291.29023327259017,0.0,79095.0,0.3920077023982458,-0.13676051574520898
214.0,100564.0,233.1676483154297,634.6507568359375,371.638671875,140.9007577246926,291.92464781172555,0.0,82817.0,0.266623015446271,-0.003982676888426795
215.0,101085.0,233.8560333251953,635.212890625,372.06695556640625,141.20539477242818,292.3819419220317,0.0,80823.0,0.37149299920611156,0.04528478889233156
216.0,101670.0,233.8560333251953,635.212890625,372.06695556640625,141.5366227080944,293.00170647967224,0.0,81777.0,0.3646976278726015,0.14785503342784523
217.0,102398.0,234.20843505859375,635.5006103515625,372.28619384765625,141.9774229554528,293.5618331682686,0.0,81275.0,0.3347788896594466,-0.2575047824340686
218.0,102974.0,234.22630310058594,635.5151977539062,372.29730224609375,142.33193840566983,294.0493155917898,0.0,84391.0,0.27353296360467994,-0.048855596657119804
219.0,103595.0,234.92825317382812,636.0882568359375,372.7339172363281,142.6678387688489,294.6794869005985,0.0,82153.0,0.2706230334599695,-0.2642486050719981
220.0,104051.0,235.56588745117188,637.9172973632812,370.1857604980469,142.91030610503176,295.0474537665995,0.0,81855.0,0.21208038627253245,-0.08532089112816266
221.0,104455.0,236.20584106445312,639.041015625,369.2005310058594,143.14841572707584,295.4835020520901,0.0,82740.0,0.2403810221466074,-0.06142594849706029
222.0,104881.0,236.7333984375,640.2406616210938,367.72601318359375,143.41348249437587,295.96790366524544,0.0,83984.0,0.2270312025285648,-0.11815464258518205
223.0,105264.0,237.63548278808594,641.5697021484375,366.88299560546875,143.64693303978547,296.31908477180474,0.0,83514.0,0.09822726045513264,-0.08210587040423434
224.0,105941.0,237.96754455566406,640.5,367.5,143.98626867352434,296.84002425549016,0.0,83457.0,0.15789892885663903,0.019786317730563496
225.0,106621.0,238.5980987548828,638.0,370.0,144.33946886404175,297.3112846832424,0.0,84679.0,0.19739478224357754,-0.1577826566292515
226.0,107058.0,239.0069122314453,638.5,370.0,144.59296572091804,297.56755534963855,0.0,84761.0,0.18650418605136565,-0.1279485970385963
227.0,107474.0,239.71295166015625,638.0,369.5,144.83780476087708,297.92297658443846,0.0,84344.0,0.12516166923694527,-0.07349903687321557
228.0,107863.0,240.7167510986328,637.5,370.5,145.07895306232385,298.29632917239223,0.0,83310.0,0.0340430673074934,0.017224437030449735
229.0,108355.0,241.1644744873047,637.5,370.0,145.38716333899202,298.87489019754787,0.0,86694.0,0.06986682180433945,-0.07323518584007616
230.0,108815.0,242.12921142578125,638.5,368.5,145.6695357861025,299.2824752637548,0.0,86743.0,0.044654054489228656,0.02405053067462859
231.0,109149.0,242.8014678955078,638.5,368.5,145.89435473843577,299.6681497923995,0.0,89337.0,-0.02920494135764784,-0.07101216568912605
232.0,109451.0,243.47598266601562,639.5,368.5,146.087943758221,300.07082477757524,0.0,85110.0,0.03427806148556556,-0.17004349549000608
233.0,109986.0,244.15272521972656,640.5,367.5,146.4256065038064,300.55947829289556,0.0,89342.0,0.07605652943550467,-0.10112800984768455
234.0,110477.0,244.83168029785156,641.5,366.5,146.75893812899469,301.37020423392886,0.0,87725.0,0.08895147724126673,-0.23212274877255368
235.0,110932.0,245.48941040039062,641.0,367.0,147.0569333855139,301.9772342131719,0.0,87431.0,0.18782908066907567,-0.10571311308115128
236.0,111333.0,245.85423278808594,642.0,366.5,147.31677506294062,302.4314796867856,0.0,87349.0,0.03197400317026222,-0.05831918512086531
237.0,111840.0,247.26766967773438,641.0,366.5,147.62428859768673,303.04149880641137,0.0,87653.0,-0.023292825563771657,-0.12883323330481744
238.0,112394.0,247.31822204589844,642.0,365.5,147.97475305082997,303.7268509697488,0.0,88663.0,0.12339859623034499,-0.23742321111279807
239.0,112854.0,247.31822204589844,642.0,365.5,148.2849898587038,304.1861270858502,0.0,89093.0,0.21600596743985534,-0.22378935208087114
240.0,113333.0,247.99859619140625,641.0,365.5,148.58720220632486,305.026228380446,0.0,89386.0,0.08050818973879359,-0.13362668126001154
241.0,113808.0,248.2197723388672,645.0,362.0,148.8985831223791,305.6021105938096,0.0,89289.0,0.1718857497511408,-0.20250469419517003
242.0,114303.0,248.219970703125,644.7547607421875,362.2383117675781,149.2038000482775,306.2498979591667,0.0,90530.0,0.11480716596418006,-0.37606300591335184
243.0,114799.0,249.61280822753906,641.5,363.5,149.5090354224986,306.8587622960268,0.0,90749.0,0.08989539708511529,-0.03699344405464444
244.0,115345.0,250.3199005126953,642.0,364.0,149.8494758242102,307.54511862396254,0.0,91028.0,0.09898164284720679,-0.33484089175505005
245.0,115952.0,250.3199005126953,642.0,364.0,150.2048335140151,308.20877633798295,0.0,90756.0,0.09872256351047781,-0.35329317744697164
246.0,116989.0,252.44613647460938,637.0,370.0,150.85194773928492,309.5057349386494,0.0,93384.0,0.13577297258098042,-0.2882942853159989
247.0,117341.0,253.16014099121094,637.0,370.0,151.07101792854013,309.7434422227531,0.0,94137.0,0.1655040107999639,-0.34451127915605184
248.0,117762.0,253.50010681152344,638.0,368.5,151.32734858638415,310.16124838541646,0.0,92796.0,0.16089031327601333,-0.23590325313665517
249.0,118213.0,253.8603057861328,637.0,369.0,151.61835819860553,310.6976021793538,0.0,91894.0,0.22008802793527593,-0.3166344190249788
250.0,118768.0,254.26031494140625,639.5,366.0,151.9556317307176,311.45087895110146,0.0,94095.0,0.11582808746436513,-0.4973275953117877
251.0,119482.0,256.0205993652344,640.5,362.5,152.38598238027555,312.27071588607214,0.0,94089.0,0.0616454696036044,-0.480566742240228
252.0,119953.0,257.0665588378906,639.7626342773438,361.7622375488281,152.68973921638113,313.0,0.0,94150.0,0.011366870208121327,-0.39535817298855136
253.0,120785.0,257.7655334472656,639.2662963867188,361.2635803222656,153.18770623205964,313.68296096536704,0.0,94130.0,-0.02122469859773446,-0.15573221096741463
254.0,121278.0,258.15057373046875,637.2817993164062,362.78948974609375,153.52781060052172,314.0859754907882,0.0,95748.0,0.1846165318219164,-0.28596463011018614
255.0,121882.0,258.2280578613281,635.029296875,365.0919189453125,153.90625064405364,314.74592928265173,0.0,96447.0,-0.016844216948697976,-0.30857594269969013
256.0,122364.0,258.5743713378906,634.8064575195312,364.82330322265625,154.221073678641,315.2966856787429,0.0,95180.0,0.03949707564208893,-0.3023477238563146
257.0,122831.0,258.9252624511719,636.2670288085938,363.8905334472656,154.51017023582997,316.0988769267781,0.0,96903.0,0.10747635022005397,-0.5390255732073115
258.0,123585.0,259.646240234375,636.4078369140625,364.761474609375,154.9387806056997,316.8860992502195,0.0,95135.0,0.12406225519214331,-0.6814242996410371
259.0,124101.0,260.33160400390625,639.312255859375,362.6990966796875,155.22822980069543,317.32160342466443,0.0,96313.0,-0.006283186525479323,-0.6534817704456941
260.0,124711.0,261.3955993652344,638.138916015625,363.4700012207031,155.61889321884573,318.1532649050526,0.0,97953.0,-0.1391539182793622,-0.5804549742672407
261.0,125279.0,261.43853759765625,638.2265625,363.3977966308594,155.95935652166384,318.71021320176413,0.0,97968.0,-0.20687350512753255,-0.423616246049221
262.0,125801.0,262.5378112792969,637.8699951171875,363.3572692871094,156.27349127355137,319.2647803939545,0.0,98464.0,-0.16030396972303151,-0.4018736984114071
263.0,126357.0,262.98748779296875,636.1436157226562,364.75079345703125,156.61599433545302,319.9803118064376,0.0,97736.0,-0.155891455558276,-0.393880271770513
264.0,126937.0,264.14422607421875,633.861328125,365.6144104003906,156.98354190000694,320.5769798293337,0.0,99154.0,-0.10147022988235221,-0.3695436875262317
265.0,127474.0,264.85601806640625,634.2806396484375,365.198486328125,157.3216490109001,321.0389384482823,0.0,100090.0,0.02657173172349303,-0.4605916406061965
266.0,128003.0,265.3182678222656,632.072021484375,367.0791015625,157.6369313134718,321.6356634370051,0.0,100562.0,0.14710997162967487,-0.5669347059829306
267.0,128619.0,265.7923889160156,630.673828125,369.0107421875,158.00358381928908,322.23811071400763,0.0,100438.0,0.031117857419076245,-0.6820931561937869
268.0,129202.0,265.9336853027344,629.4794311523438,370.23406982421875,158.35722682126456,322.8929389116072,0.0,101711.0,0.1455273540448161,-0.869759389958574
269.0,129847.0,266.39056396484375,628.1119384765625,371.1872253417969,158.73735894963835,323.54149655876626,0.0,100849.0,0.038597610058332066,-0.5542596224977956
270.0,130429.0,266.7184143066406,628.8131713867188,370.9920654296875,159.08957987966343,324.00092592372084,0.0,102045.0,-0.025848084341760114,-0.3869556065908455
271.0,131054.0,266.75262451171875,627.888427734375,371.87835693359375,159.46353572518953,324.3421803197705,0.0,101507.0,0.004996594153794831,-0.43849500042034606
272.0,131632.0,266.9288024902344,626.1884765625,373.63763427734375,159.83922643559427,324.9385318905154,0.0,102708.0,0.01337237854193063,-0.20063837151428743
273.0,132192.0,267.4443664550781,622.7960205078125,376.22308349609375,160.1652290427655,325.29594218098583,0.0,102344.0,0.017583327620286582,-0.3242173109882174
274.0,132815.0,268.54290771484375,622.5,376.0,160.55124464906223,326.0223918659948,0.0,103069.0,0.0025237712313810334,-0.2990072085221982
275.0,133399.0,268.5768127441406,623.3377075195312,375.2669982910156,160.88098963882163,326.43866192464924,0.0,103883.0,0.04390032633443752,-0.3220668848526316
276.0,134320.0,269.5200500488281,623.0,376.0,161.38258940128082,327.29955698106284,0.0,103391.0,0.016852366370585514,-0.4711224019695237
277.0,134891.0,270.1741027832031,625.0,375.0,161.72335556614058,328.01905428120665,0.0,104757.0,-0.06351841560501725,-0.7284048551831575
278.0,135384.0,270.2481384277344,623.0,377.0,162.0089505492286,328.49505323520475,0.0,105194.0,0.052154471375956746,-0.5906894396613893
279.0,135890.0,271.27716064453125,624.5,376.0,162.30034977941108,328.976518918035,0.0,105750.0,0.14032069815743853,-0.511939158384564
280.0,136426.0,272.368408203125,625.5,375.5,162.6314285512959,329.47496111171813,0.0,106070.0,0.0064974013378105155,-0.5194482080755733
281.0,137013.0,272.80999755859375,627.0,374.5,162.9695953795714,329.9866663897814,0.0,106435.0,0.08742719265296728,-0.7101573019242551
282.0,137679.0,273.1227722167969,624.0,377.0,163.35607016130876,330.7533824269033,0.0,105681.0,0.10749322151809793,-0.3383363857712993
283.0,138285.0,273.82940673828125,624.5,376.5,163.69522727130268,331.2403960783873,0.0,107312.0,0.1088481006947859,-0.32003635201203906
284.0,138795.0,274.8313903808594,623.5,378.0,164.00177282182665,331.7303121513016,0.0,106501.0,-0.004216782366256666,-0.41300732400986817
285.0,139321.0,275.2427062988281,624.5,377.5,164.3064289004062,332.29053552576545,0.0,107640.0,0.022606922919635508,-0.3001911101662813
286.0,139914.0,275.97564697265625,622.5,378.5,164.6308664146752,332.9459415580854,0.0,107903.0,0.17814842597795177,-0.37487238993423944
287.0,140460.0,276.7102355957031,623.5,377.5,164.95364685491748,333.57098192833337,0.0,109591.0,0.24562309262842064,-0.46018195375904725
288.0,141037.0,277.0781555175781,623.5,378.0,165.2702391139837,334.0014970026332,0.0,109706.0,0.11406179683342543,-0.343345623973903
289.0,141891.0,278.4911193847656,623.5,378.0,165.749761870879,334.6415993268022,0.0,108512.0,0.15704681277441068,-0.28793127254260753
290.0,142426.0,278.859375,623.5,378.5,166.04661270288122,335.1771919292372,0.0,110408.0,-0.054746711205552856,-0.4897713169809208
291.0,142968.0,278.859375,623.5,378.5,166.32859286621635,335.6307494852044,0.0,110652.0,-0.11111592187842234,-0.36637076638282906
292.0,143656.0,280.196533203125,626.6129150390625,374.29345703125,166.74257168220365,336.09187731372685,0.0,111304.0,-0.08831943920870344,-0.3798838372214277
293.0,144254.0,280.53631591796875,627.1744995117188,374.23828125,167.07127569146616,336.69080771234775,0.0,112063.0,-0.019396915419065408,-0.6594071004384432
294.0,144863.0,281.6026611328125,626.0,375.0,167.40055650705807,337.2906758272455,0.0,112086.0,0.049826587582629145,-0.6516603231738713
295.0,145426.0,282.6752624511719,626.5,375.0,167.71823361603154,337.764711004569,0.0,112576.0,0.10595334903314324,-0.5557442922176961
296.0,146029.0,283.38189697265625,626.0,375.5,168.06693496753437,338.2454729926182,0.0,112614.0,0.028514697434502523,-0.44878453224845316
297.0,146581.0,284.041015625,624.5,376.0,168.3866576413299,338.6399267658792,0.0,112983.0,0.03709430629180588,-0.4112147639946784
298.0,147228.0,284.4293518066406,625.0,376.0,168.76228262701682,339.1758393335824,0.0,113107.0,-0.1045084172899351,-0.37243943353286113
299.0,147912.0,285.16143798828125,624.0,377.0,169.13938722808587,339.8602654032978,0.0,112299.0,-0.16936994932154903,-0.362464117003924
300.0,148445.0,285.819091796875,625.5,376.5,169.44327446187611,340.2651906923343,0.0,113230.0,0.03502549364588958,-0.3795318437964852
301.0,149030.0,287.14117431640625,622.0,379.0,169.76791007686208,340.77118422777477,0.0,114257.0,0.059654863434957406,-0.30102176720504303
302.0,149721.0,288.3822021484375,625.5,375.0,170.18542695342782,341.2565017695634,0.0,115244.0,-0.06579320606715555,-0.4390576172093006
303.0,150288.0,289.45648193359375,625.0,376.0,170.50178784587945,341.84353145847297,0.0,114543.0,-0.17968995390344844,-0.5730685930445247
304.0,150868.0,290.1629638671875,625.5,376.5,170.8295422552418,342.2507852324537,0.0,115834.0,-0.16958869440577473,-0.46788547814844605
305.0,151479.0,290.4742736816406,626.5,376.0,171.18825771637273,342.8308620879981,0.0,116096.0,-0.13662524269352616,-0.7405888798330125
306.0,152094.0,291.1808776855469,627.0,376.5,171.53084324272083,343.43674813441197,0.0,115119.0,-0.03564011002879397,-0.6579728224874657
307.0,152721.0,291.8874816894531,626.5,377.0,171.87923532900848,344.0886513676381,0.0,115395.0,-0.13852869705215198,-0.638821855719641
308.0,153346.0,292.2825012207031,626.0,378.0,172.21851066127505,344.52430973735363,0.0,117234.0,-0.04639876152225497,-0.4386673525569904
309.0,153937.0,292.9608459472656,626.0,378.0,172.55350664025244,345.05796614482034,0.0,116456.0,0.05812717719106786,-0.3900590276051048
310.0,154658.0,293.3279724121094,627.0,377.5,172.94437250945214,345.5893516878088,0.0,117162.0,-0.08137910051880226,-0.3143401433225108
311.0,155272.0,294.6426696777344,627.0,377.5,173.28259460807894,346.1536508479326,0.0,118327.0,0.009931324648960071,-0.20991937019607576
312.0,155837.0,295.3494567871094,626.5,378.0,173.59907282664454,346.7728362829202,0.0,119473.0,0.10261605712844357,-0.48991336556167653
313.0,156463.0,296.0359802246094,627.5,378.0,173.94958847543325,347.494748157463,0.0,118974.0,0.10835280781827805,-0.6057258612198098
314.0,157053.0,296.3799133300781,628.0,378.0,174.27905922084295,348.05890306096177,0.0,119342.0,0.08192544412668212,-0.5694262360041762
315.0,157675.0,297.10614013671875,628.0,377.0,174.62936470193299,348.66172717979816,0.0,120112.0,0.10632221969024158,-0.7876785121623016
316.0,158380.0,298.86334228515625,628.5,376.0,175.03081295444582,349.3780187705002,0.0,120510.0,0.049931668379599614,-0.7670097575702357
317.0,159041.0,299.93341064453125,628.0,376.0,175.41000037800987,350.03571246374275,0.0,121949.0,0.16961252686644457,-0.5245553936629221
318.0,159835.0,300.25872802734375,629.0,375.5,175.8493911630508,350.70999413950136,0.0,122573.0,0.2603050687648647,-0.6578211250364916
319.0,160558.0,300.27703857421875,628.5,376.0,176.2596027036278,351.2835749074267,0.0,121261.0,0.11852902835880741,-0.3932324574016093
320.0,161298.0,301.0486755371094,629.5,374.0,176.6530385010502,351.92087178650047,0.0,123037.0,-0.02366353381364661,-0.7951170961631533
321.0,162001.0,301.78021240234375,630.5,374.0,177.05278039417192,352.5109927363968,0.0,124128.0,0.12154496663197278,-0.43557305052041784
322.0,162532.0,302.7607116699219,628.0,376.0,177.36256667633867,352.93186310959936,0.0,123321.0,0.21340572654230527,-0.33783597708730895
323.0,163596.0,302.7607116699219,628.0,376.0,177.88709858195267,354.00564967243105,0.0,123721.0,0.13020792572592654,-0.712643308603333
324.0,164213.0,303.1935119628906,630.5,374.0,178.23013876867665,354.682957019364,0.0,124198.0,-0.0024106311249170176,-0.5146621078207545
325.0,164938.0,303.5342712402344,631.0,374.0,178.62568209777606,355.3706515723976,0.0,126031.0,-0.008128973241127824,-0.5037468655775683
326.0,165689.0,304.1554870605469,629.5,375.5,179.04432954031014,356.024156481139,0.0,126842.0,0.12325243621035042,-0.8087598311128659
327.0,166535.0,305.95147705078125,631.0,373.5,179.4617442752941,356.7534162415267,0.0,126288.0,-0.053986406784247265,-0.6265467515832484
328.0,167402.0,306.6582946777344,631.5,373.0,179.92709842049462,357.62829865658,0.0,126894.0,-0.09014622674555994,-0.7366327349943163
329.0,168213.0,307.70855712890625,632.5,372.5,180.35850201737443,358.40200892294115,0.0,128961.0,-0.08996864838127294,-0.5427131346676219
330.0,169040.0,308.77874755859375,632.0,373.5,180.7830847612148,359.05013577493605,0.0,128540.0,0.15072781748619946,-0.6107850255516496
331.0,169826.0,309.1222229003906,632.5,373.5,181.18170545314885,359.6804137008297,0.0,129396.0,0.2204188039128212,-0.578206525766177
332.0,170574.0,309.8492431640625,632.5,373.5,181.55028254194033,360.2750338064319,0.0,131237.0,0.3037777399104016,-0.5474623126711435
333.0,171244.0,310.1246643066406,630.0,375.5,181.8846903553921,360.8327174659742,0.0,130598.0,0.3450879068326458,-0.37441472260218234
334.0,172106.0,310.47149658203125,631.5,374.5,182.30621108672563,361.3969423928884,0.0,131033.0,0.28997798052807866,-0.4500490385093485
335.0,172803.0,310.8187561035156,632.0,374.5,182.6656151148337,361.93341929050007,0.0,131013.0,0.17359381728351764,-0.6675439983853835
336.0,173388.0,311.5530700683594,634.5,373.0,182.96431531456673,362.40164182313316,0.0,131073.0,0.25535458226545416,-0.3730183596412644
337.0,174241.0,311.569091796875,635.0,372.5,183.39113856019878,362.92698990292797,0.0,132897.0,0.2542399210934718,-0.2706637248105608
338.0,174927.0,312.62127685546875,632.0,375.0,183.74648244693583,363.3278134088011,0.0,133712.0,0.2755112873625194,-0.4713895715092917
339.0,175660.0,314.75872802734375,632.0,373.0,184.1399285157605,363.7859947795637,0.0,133243.0,0.284096048349852,-0.17339102736548284
340.0,176322.0,315.8279724121094,631.5,373.0,184.48865580252374,364.1452320129443,0.0,134136.0,0.17516916303088692,-0.30911520701687323
341.0,177061.0,315.8279724121094,631.5,373.0,184.88251930117391,364.6505176192679,0.0,134593.0,0.1825160901767049,-0.3639753813200741
342.0,177847.0,316.12744140625,633.5,371.5,185.29685389528728,365.08903023783114,0.0,134635.0,0.25138697038778446,-0.3804469981162697
343.0,178493.0,316.5174560546875,632.5,373.0,185.64289958825464,365.4293365246023,0.0,135538.0,0.14263934603718553,-0.4133652805605834
344.0,179151.0,316.8628234863281,633.0,373.0,185.9818335981771,365.88112819619437,0.0,136236.0,0.23332744939204986,-0.3905086870875607
345.0,179953.0,317.5296325683594,634.0,372.0,186.41057778763394,366.4560000873229,0.0,136287.0,0.28577709907312965,-0.5446588074183865
346.0,180602.0,318.2177734375,632.5,372.5,186.74505432229637,366.8852000255589,0.0,136362.0,0.31034107503796804,-0.3560514800878991
347.0,181402.0,320.3319396972656,632.5,370.5,187.15452541529638,367.5391135648014,0.0,136317.0,0.42544540703727307,-0.43622153710515477
348.0,182080.0,321.7367858886719,634.5,370.5,187.50272256296805,368.05108339383656,0.0,138258.0,0.3459858594394518,-0.6443271090354301
349.0,182812.0,321.7367858886719,634.5,370.5,187.88677907201853,368.5986977730659,0.0,137840.0,0.41029417978529636,-0.47380939232181163
350.0,183539.0,322.8100280761719,634.0,371.5,188.28462806843,369.218092731112,0.0,139390.0,0.3139445005435846,-0.5625198695629479
351.0,184163.0,323.5248107910156,634.0,372.5,188.61115380157915,369.7413961115508,0.0,139093.0,0.22577950824040727,-0.35541737113192085
352.0,184970.0,323.8742980957031,634.5,372.5,188.99713592685444,370.19589408852175,0.0,138591.0,0.18629527871223672,-0.7011159038056007
353.0,185588.0,324.2241516113281,634.0,372.5,189.28839310772577,370.64356192922867,0.0,140267.0,0.07900140213541818,-0.5567875065715384
354.0,186349.0,324.9250793457031,635.0,372.5,189.68778509864123,371.24789561693143,0.0,139919.0,0.1902952127371691,-0.3952698505110561
355.0,187262.0,325.6321716308594,635.5,372.0,190.13433308470152,371.856154984693,0.0,140655.0,0.29819176635658096,-0.40741214380761903
356.0,187906.0,325.98858642578125,635.5,372.5,190.45965919447286,372.2452148622217,0.0,141926.0,0.2263875207380579,-0.564339382040373
357.0,188650.0,326.34539794921875,634.5,373.0,190.8550370810668,372.8592227637664,0.0,142316.0,0.18140263815280377,-0.7973617142013154
358.0,189338.0,326.34539794921875,634.5,373.0,191.2089191224765,373.48360071092816,0.0,141692.0,0.2526119268604816,-0.5911102296491322
359.0,189894.0,330.2310791015625,633.5,372.5,191.48539838904324,373.9501972052323,0.0,141360.0,0.24354437997033074,-0.46184273269693676
360.0,190587.0,330.2378845214844,634.0,372.0,191.85210296191576,374.40219016453415,0.0,141329.0,0.3024947610225581,-0.3981005510944442
361.0,191435.0,330.59539794921875,634.0,371.5,192.28885141223657,374.86130768592267,0.0,141919.0,0.042339213014315646,-0.3850903761543236
362.0,192047.0,331.3024597167969,632.5,373.0,192.61324286571778,375.24658559405975,0.0,143960.0,-0.0021236293003994433,-0.47491139862222553
363.0,192805.0,331.6814270019531,633.5,372.5,192.9847495446563,375.81830714039774,0.0,143558.0,-0.12391818244952901,-0.6020925611570078
364.0,193566.0,333.1081848144531,631.0,374.0,193.37284836188624,376.36418533117626,0.0,143977.0,-0.19548023251786617,-0.6988833175976765
365.0,194271.0,333.8451232910156,630.5,375.5,193.73276491278412,376.9681684174408,0.0,144268.0,0.024847212963322818,-0.6576051625993387
366.0,194994.0,334.1905212402344,630.0,375.5,194.10188962989594,377.35924528226417,0.0,145177.0,0.07850317133761564,-0.5508792061249324
367.0,195737.0,334.8974609375,629.5,375.0,194.48453579986338,377.7684475879275,0.0,145604.0,0.06675334717567694,-0.49119270928787273
368.0,196401.0,335.9502258300781,629.5,374.5,194.82275846772637,378.15473023618256,0.0,146101.0,0.09148562830614537,-0.4646104446118784
369.0,197095.0,336.3648376464844,631.0,372.5,195.17882077545048,378.5676953872871,0.0,146604.0,0.07176556578633608,-0.564988351669399
370.0,197782.0,337.0523986816406,632.0,371.5,195.54308494387092,379.03298009540015,0.0,147036.0,0.01751683271947968,-0.6142229390361535
371.0,198512.0,337.7592468261719,632.5,372.0,195.91603250567653,379.4801048526075,0.0,147407.0,-0.015257929185509056,-0.6561166237738121
372.0,199405.0,338.75146484375,633.5,370.5,196.3707652449561,380.0328933131973,0.0,148597.0,0.06294852919199911,-0.5629551152774752
373.0,200151.0,339.1110534667969,634.5,370.0,196.74971348096193,380.5916446797013,0.0,147945.0,0.05324300709526142,-0.996182277144726
374.0,200947.0,339.47100830078125,634.5,369.5,197.1359483109318,381.24139334547607,0.0,148964.0,-0.16336642282544744,-0.7312582232303839
375.0,201684.0,340.177978515625,635.0,370.0,197.49354547494616,381.9227670616142,0.0,149604.0,-0.3682899738156493,-0.764536729735255
376.0,202500.0,341.2203369140625,636.5,370.0,197.8814610479837,382.5611062301028,0.0,149692.0,-0.13534875112952705,-0.8424200452273567
377.0,203258.0,341.55902099609375,635.5,370.5,198.26340276641642,383.2662260100673,0.0,150858.0,-0.18173387471892966,-0.555696272085072
378.0,204031.0,342.25146484375,637.0,369.0,198.64435842876182,383.808545987249,0.0,151199.0,-0.12532352623770748,-0.4666350126330485
379.0,204796.0,342.6022644042969,635.5,370.0,199.0252673029406,384.29513397536454,0.0,151274.0,-0.04095453111870029,-0.8990003028188198
380.0,205468.0,342.9731140136719,637.5,368.5,199.36840457034444,384.8630925327294,0.0,152277.0,-0.2285444868164177,-0.5739625297864563
381.0,206345.0,344.7273254394531,636.2543334960938,368.2543640136719,199.80843474269832,385.41665765765754,0.0,153042.0,-0.2469659652243763,-0.6151215293201062
382.0,207122.0,345.4306335449219,636.5,369.0,200.19904787093986,385.9961139700761,0.0,154043.0,-0.3296860582320278,-0.5499067197301883
383.0,207956.0,346.5863037109375,640.0,365.0,200.61476663560452,386.46733367776375,0.0,154253.0,-0.16750872209433965,-0.5720557395196693
384.0,208788.0,347.2766418457031,641.0,364.0,201.017332157326,387.0415351794422,0.0,154993.0,0.05577957441948911,-0.5121938726489361
385.0,209582.0,348.3149719238281,641.5,364.0,201.42158929878616,387.5935370952717,0.0,156019.0,0.17018041212395474,-0.4669738337167928
386.0,210369.0,348.69049072265625,641.0,364.0,201.79668895282276,388.14224192651375,0.0,156443.0,0.3530107768229982,-1.1487164315902305
387.0,211146.0,349.41387939453125,641.0,365.0,202.1754264565666,388.8190453118384,0.0,157057.0,0.23107479018665344,-0.47693779595931574
388.0,211890.0,349.7589416503906,641.5,365.0,202.5250852399881,389.2826736447437,0.0,156880.0,0.19904448110321482,-0.2980031877057172
389.0,212710.0,350.06365966796875,637.5,368.5,202.91510678505165,389.81662355523014,0.0,158233.0,0.15316758628466687,-0.5507430476112631
390.0,213517.0,351.1898498535156,642.0,365.5,203.30062700759157,390.4830342025118,0.0,158865.0,0.2057322757025304,-0.45913318626264754
391.0,214109.0,351.5523681640625,642.0,366.0,203.5854272025619,390.90049884648306,0.0,158359.0,0.22786600401536816,-0.2552927947333501
392.0,215088.0,352.6036376953125,642.0,365.5,204.03434111923858,391.42943169874184,0.0,158935.0,0.26718615804861656,-0.2839646545568826
393.0,215924.0,353.6729736328125,642.5,364.5,204.45221857276843,392.0624950183325,0.0,161005.0,0.42815733866586925,-0.4261973725459711
394.0,216795.0,354.01739501953125,644.0,363.5,204.87536799008777,392.6130410467793,0.0,161333.0,0.401622334267131,-0.5814477512930694
395.0,217488.0,354.6777648925781,643.0,364.5,205.19430193318885,393.15391388106514,0.0,161659.0,0.11511071870813794,-0.5363115512303125
396.0,218293.0,355.0381164550781,645.0,363.0,205.55537848551722,393.756777701754,0.0,162330.0,0.27378953665879635,-0.5206434829202067
397.0,219122.0,356.4520568847656,646.0,362.0,205.95296728007716,394.3824286049833,0.0,162634.0,0.08796213198309033,-0.7279781833626657
398.0,219950.0,357.1590270996094,646.5,362.5,206.34305031595883,395.03164430207363,0.0,162905.0,0.008636789566025982,-0.5613456499255562
399.0,220697.0,357.1590270996094,646.5,362.5,206.68735377905875,395.6677899450497,0.0,163996.0,0.15819960693977464,-0.5579120402318836
400.0,221493.0,358.8959655761719,644.0,362.5,207.07622692453901,396.27010988774776,0.0,164255.0,0.07699332831430183,-0.5922823898441152
401.0,222326.0,358.9071044921875,643.5,363.0,207.46604188511813,396.8904130865345,0.0,162618.0,-0.00040772165243652125,-0.7443498935438697
402.0,223124.0,359.9618835449219,644.5,363.5,207.84180702220598,397.64557082909903,0.0,165458.0,-0.308903868854145,-0.703187715364777
403.0,223993.0,361.04058837890625,645.5,364.0,208.2492908605844,398.20346556821954,0.0,164331.0,-0.3166149039642505,-0.5514434485268112
404.0,224778.0,361.7475891113281,645.0,364.5,208.62356555774153,398.7793876318083,0.0,166325.0,-0.08884988814838835,-0.7785227291005867
405.0,225565.0,361.7931823730469,645.5,364.0,208.99009748325633,399.3256816184003,0.0,166933.0,-0.2213984208151487,-0.8979053258046292
406.0,226432.0,362.42144775390625,649.0,361.5,209.38213852511322,400.0124998046936,0.0,167165.0,0.020462937660681746,-0.8801456669820027
407.0,227325.0,362.77069091796875,648.5,361.5,209.77655459871187,400.65571255131255,0.0,168061.0,-0.103528554026866,-0.6509777550286913
408.0,228228.0,363.4866943359375,648.5,362.5,210.17236144536471,401.3663538424995,0.0,168810.0,-0.09757986469730895,-0.7893495523964589
409.0,228987.0,365.95672607421875,647.5,362.0,210.50848666430315,401.9203901271992,0.0,167693.0,-0.027474798895127606,-0.7280440924629943
410.0,229842.0,366.3250732421875,648.0,362.0,210.92182153522091,402.50434780032805,0.0,168214.0,-0.056652655562857035,-0.7765438951441865
411.0,230834.0,366.3496398925781,649.0,361.0,211.40479557893605,403.15009611805874,0.0,171058.0,0.016457914101920323,-0.563783027995953
412.0,231645.0,367.3912353515625,647.5,363.0,211.7741418667866,403.8217428519668,0.0,170723.0,-0.054092170630497094,-0.15917229640155028
413.0,232506.0,368.06292724609375,647.0,363.5,212.1634212405715,404.40079129497263,0.0,171843.0,-0.04319350303376268,-0.6636924530842521
414.0,233322.0,368.43597412109375,646.0,365.0,212.52740468904864,404.9651836872417,0.0,172544.0,-0.047749618694069795,-0.48089411137749494
415.0,234187.0,368.7944030761719,646.0,365.5,212.92792261029282,405.6496024644675,0.0,173136.0,0.051178254901174114,-0.4104486343564986
416.0,234972.0,369.8500671386719,646.0,366.0,213.29831675620161,406.23638438721855,0.0,173058.0,0.07784249055453074,-0.8358620926990739
417.0,235816.0,370.5672302246094,645.0,367.0,213.66708888920985,407.0196555450363,1.0,173928.0,-0.04924355645869127,-0.7565104771690585
418.0,236526.0,370.8858642578125,647.5,365.0,214.00258014858653,407.5904807524337,1.0,174313.0,0.19797738107035912,-0.7102460557417203
419.0,237425.0,371.98126220703125,643.0,368.0,214.42063072879856,408.20828017079714,1.0,175510.0,0.1596914917911363,-0.6713700585988818
420.0,238176.0,373.00311279296875,646.5,365.0,214.77945094838037,408.8642806604656,1.0,175854.0,0.06504266618844667,-0.7608458921989723
421.0,239027.0,374.0702819824219,646.5,364.5,215.1680235792393,409.4369304055956,1.0,175978.0,0.04409876223633091,-0.8043005766848523
422.0,239800.0,376.204833984375,646.0,363.0,215.54665199195256,409.98195082084965,1.0,177030.0,0.06634639423316457,-0.7945161002216423
423.0,240637.0,377.2695617675781,644.5,363.0,215.9554912060305,410.5469522432274,1.0,175329.0,0.02478139294396442,-0.6362553838223448
424.0,241416.0,377.724853515625,641.0,366.0,216.31322115237822,411.0048661512416,1.0,176581.0,-0.2366504440205972,-0.5292759221982237
425.0,242146.0,378.3682861328125,644.5,363.5,216.6581988889391,411.3596358415869,1.0,178311.0,0.08527270731985936,-0.6580954829211692
426.0,242920.0,379.0891418457031,645.5,362.5,217.02555623807552,411.8507011041744,1.0,176864.0,0.1867534809969129,-1.0283335608210677
427.0,243622.0,380.4892578125,646.0,363.0,217.3474749698079,412.31056256176606,1.0,177768.0,0.22276866332572354,-0.9335435166704542
428.0,244408.0,381.57086181640625,646.0,364.5,217.7223137803494,412.82562904936026,1.0,178312.0,0.15566167025508548,-0.8019565926766177
429.0,245413.0,381.9169616699219,646.5,364.5,218.18929933321292,413.4774479600707,1.0,178291.0,0.18194864906843122,-0.990786010079546
430.0,246295.0,381.9169616699219,646.5,364.5,218.58787030313334,414.03019213579097,1.0,178601.0,0.2108453204568832,-1.0087048940470709
431.0,247122.0,382.5977783203125,648.0,364.0,218.96211963098904,414.5945609829133,1.0,181586.0,0.2581083505697279,-1.1782190948750326
432.0,247981.0,382.6239318847656,649.0,363.0,219.34017095387318,415.1770706578098,1.0,181867.0,0.27845584345323005,-0.8879823906116258
433.0,248761.0,382.9847412109375,650.0,362.5,219.7059757911912,415.62603383330065,1.0,182025.0,0.1966358566088502,-1.0295533974855857
434.0,249527.0,383.70733642578125,648.0,364.5,220.06053019536017,416.120174949497,1.0,183204.0,0.27726069815832943,-1.4063810162058417
435.0,250325.0,384.4688720703125,646.0,366.5,220.43903545870913,416.62021074106076,1.0,183243.0,0.027457288691152826,-1.1476508869889699
436.0,251216.0,384.8539733886719,646.5,366.5,220.86180137590316,417.16783193338387,1.0,183439.0,-0.019584749320870287,-0.9629376475330105
437.0,252172.0,385.88250732421875,647.0,366.5,221.2991072934042,417.76668129471506,1.0,183958.0,-0.0349140643508008,-0.9201339484097844
438.0,252925.0,386.22607421875,647.5,366.5,221.63323814715847,418.2021042510427,1.0,183004.0,0.060700042019220746,-0.9769388182728562
439.0,253737.0,386.2461242675781,648.0,366.0,221.97842627486173,418.6943992869926,1.0,185734.0,-0.314143180552378,-0.8883516706841306
440.0,254602.0,387.439453125,651.0,363.5,222.36453199359138,419.2195129046357,1.0,186396.0,-0.06795339436848735,-1.3604483669670344
441.0,255375.0,388.5132751464844,651.5,364.5,222.73820273212112,419.72693501354144,1.0,184945.0,-0.0856083731517856,-0.9145288135728151
442.0,256232.0,389.4166564941406,648.5,367.0,223.13492068976825,420.267771783657,1.0,185288.0,0.17040130489408511,-0.9239994770219937
443.0,257013.0,389.80133056640625,649.0,367.0,223.4860278483879,420.73388263842025,1.0,186097.0,-0.06298638998282513,-0.7578483343631888
444.0,257851.0,390.8302917480469,646.5,369.0,223.86241309987219,421.2030389254095,1.0,186514.0,-0.1018255553359495,-0.8644255875119029
445.0,258767.0,391.88079833984375,645.5,369.5,224.28865149159026,421.7813414467526,1.0,187151.0,-0.13978199474638586,-0.8531629949378043
446.0,259552.0,392.6073913574219,645.5,370.5,224.65397527844033,422.3091284829159,1.0,187615.0,0.03407035280667969,-0.7787373864426286
447.0,260361.0,393.357421875,646.0,370.0,225.01812382098933,422.95271603336465,1.0,189735.0,0.003758015099606382,-0.800654297165579
448.0,261153.0,393.6576232910156,647.5,369.0,225.37487422981314,423.3674526932839,1.0,189343.0,0.10259340210552637,-0.6991895733568754
449.0,261968.0,394.45318603515625,649.0,367.5,225.7518458296906,423.8513890504548,1.0,190059.0,0.16289520865097984,-1.0777064963980933
450.0,262768.0,394.45318603515625,649.0,367.5,226.1160286234297,424.4172475288911,1.0,190288.0,0.12952236666046701,-0.8182728941626465
451.0,263551.0,395.0915222167969,645.0,371.5,226.48152074240434,424.90116497839824,1.0,192212.0,-0.05563572555490737,-0.928005895444528
452.0,264324.0,395.8665466308594,643.0,373.5,226.82390322507226,425.3266979496148,1.0,190813.0,0.06616856787070446,-1.046372736517526
453.0,265159.0,396.5732116699219,643.5,374.0,227.19497079393116,425.8931790954159,1.0,191400.0,0.1577641789548352,-0.8985389196751612
454.0,266036.0,397.44976806640625,647.0,371.5,227.5694919517064,426.45867324220836,1.0,191611.0,0.04620845465342427,-1.0410858143578707
455.0,266888.0,397.9400939941406,643.5,375.0,227.93971090626874,427.029273001278,1.0,191762.0,-0.005260474280362359,-0.9773564139697442
456.0,267650.0,398.6932678222656,644.0,374.5,228.28286448263054,427.5279522356281,1.0,193193.0,0.09577682555868705,-1.1518331653368818
457.0,268341.0,399.0589904785156,644.0,375.0,228.59749291573846,428.0046728716872,1.0,193874.0,0.3645320469967146,-1.598200773368319
458.0,269100.0,400.1578674316406,643.0,375.5,228.95041959263577,428.5090430784396,1.0,194340.0,0.16508938373692672,-1.1551944149105111
459.0,269933.0,400.6585998535156,648.5,371.0,229.327811931941,429.01048938225273,1.0,194892.0,0.16830733854521895,-1.2392530806042146
460.0,270900.0,401.7120666503906,647.5,372.5,229.78105961184107,429.5220599677857,1.0,194767.0,0.06854686790404685,-0.9462626692548497
461.0,271840.0,402.4190368652344,647.0,373.0,230.184728703957,430.08138764657093,1.0,196014.0,0.17390915474561552,-0.7713797452797735
462.0,272782.0,403.5013427734375,647.0,372.5,230.60737701415783,430.5159695063587,1.0,196232.0,0.16315668046627252,-0.8839117770895086
463.0,273591.0,403.87939453125,646.5,372.5,230.97801854549965,431.010440708807,1.0,197293.0,0.12778734582764173,-0.8100464239429925
464.0,274343.0,403.87939453125,646.5,372.5,231.29187875036857,431.3557696374494,1.0,197169.0,0.2569934269864689,-0.9997991734692846
465.0,275305.0,404.6042175292969,646.5,373.5,231.68865319110216,431.97430479113643,1.0,199855.0,0.16879621416194368,-0.893979181564589
466.0,276156.0,404.6042175292969,646.5,373.5,232.03648910617494,432.3482392701513,1.0,198736.0,0.08535864610246335,-0.7257279432779455
467.0,277036.0,404.98681640625,646.0,373.5,232.4019031523891,432.85476776828443,1.0,198980.0,0.3219009862979192,-0.9350167662867648
468.0,277535.0,405.0078125,645.5,374.0,232.61204773264888,433.110840316887,1.0,199307.0,0.12706600024682757,-0.8713784252855703
469.0,278371.0,405.3505554199219,646.0,374.0,232.9490702141867,433.62483784604456,1.0,199413.0,0.020921256858173365,-0.9068201594000698
470.0,279329.0,405.714599609375,646.0,373.5,233.3365343091746,434.18083790052276,1.0,200128.0,-0.16857228922071954,-1.0257041944382763
471.0,280194.0,406.7856750488281,646.5,373.5,233.71073812882435,434.5572459411993,1.0,201116.0,-0.06461846063450594,-0.8440958657520241
472.0,281344.0,407.1281433105469,647.0,373.5,234.18997503932673,435.25768229382646,1.0,201919.0,-0.10176738110590122,-0.7228512756274768
473.0,282227.0,408.177734375,645.0,375.0,234.5648835793214,435.6957654092762,1.0,202656.0,-0.22599789140963367,-0.6896124895627622
474.0,283041.0,408.5417175292969,646.0,374.5,234.91315632830754,436.20637317673385,1.0,202183.0,-0.004343290641713793,-0.9832173953438996
475.0,283919.0,409.5711975097656,645.5,374.5,235.28677992258253,436.6886762901003,1.0,203415.0,-0.14917383342651647,-0.8905804839991447
476.0,284758.0,409.9345397949219,645.5,375.0,235.617117082557,437.1464285568395,1.0,203815.0,-0.3558042717575063,-0.8202566285095827
477.0,285742.0,410.2780456542969,646.0,375.0,235.9971899119294,437.817313499592,1.0,204197.0,-0.202951642822768,-0.975392056313126
478.0,286612.0,410.3420104980469,644.5,376.5,236.3755993040151,438.2693235899588,1.0,205037.0,-0.14060621355599778,-0.8430657391024283
479.0,287474.0,412.3621826171875,644.5,376.5,236.74780048833614,438.80291703679455,1.0,205636.0,-0.05765295053834052,-0.8435122526798295
480.0,288337.0,412.7242736816406,644.5,377.0,237.11502230756412,439.2741740606695,1.0,206448.0,-0.17061044958870752,-1.1233502392414039
481.0,289174.0,413.43115234375,645.0,376.5,237.45427979616616,439.7180915086392,1.0,206719.0,-0.113398832654525,-0.8875593630625644
482.0,290140.0,413.43115234375,645.0,376.5,237.83054361161348,440.2465218488387,1.0,207151.0,0.04019903646417333,-0.6324796276192615
483.0,291118.0,414.12115478515625,646.0,375.5,238.23717191408934,440.82195952561165,1.0,208327.0,-0.14796091248501853,-0.5641586315137488
484.0,292061.0,415.82757568359375,643.5,377.5,238.64333986363002,441.3116812412742,1.0,208739.0,-0.25105126845608083,-0.6093553710617243
485.0,292924.0,416.5244140625,643.5,377.5,238.99626647525884,441.83820568167255,1.0,209432.0,-0.2977354429025354,-0.6735766630852709
486.0,293753.0,416.8936767578125,643.0,378.5,239.32713833108122,442.2951503238533,1.0,210121.0,-0.26322786068169535,-0.7433368981835997
487.0,294739.0,417.6126403808594,643.0,378.5,239.77691615816855,442.83179650969055,1.0,210098.0,-0.045020630523481486,-1.1887822996486648
488.0,295412.0,418.31964111328125,642.5,379.0,240.05954457767038,443.15234400824284,1.0,211656.0,-0.26360481624749355,-0.559685369967724
489.0,296506.0,419.0266418457031,644.0,377.5,240.49698402382103,443.64963653766245,1.0,211850.0,-0.12904215402352293,-0.5480307613949549
490.0,297383.0,419.733642578125,644.5,378.0,240.86995627069942,444.14941179627084,1.0,211777.0,0.05402057390995196,-0.7397041885708404
491.0,298289.0,420.7767639160156,644.0,378.0,241.26627413197804,444.63985426375865,1.0,212787.0,0.12613038399558718,-0.83680228799318
492.0,299127.0,421.8321228027344,645.0,377.5,241.62439982711888,445.1096493933161,1.0,213310.0,0.05046243469928413,-1.2908278603568988
493.0,300046.0,422.5296630859375,646.0,377.5,241.99829371274197,445.6007181322759,1.0,214003.0,-0.03270412528866018,-1.3976281830903758
494.0,301032.0,422.8877868652344,646.0,378.0,242.38949714241076,446.0454012417351,1.0,214614.0,0.13968746258251485,-1.5892984580000302
495.0,301798.0,423.2461853027344,646.0,378.5,242.69838937008024,446.4559328693515,1.0,215388.0,-0.359261948570861,-1.415264527804652
496.0,302820.0,423.9638366699219,646.0,379.5,243.09380105363803,446.95078028794177,1.0,216277.0,-0.2531568074734878,-1.5208942919104516
497.0,303625.0,424.3230895996094,646.0,380.0,243.45612916475307,447.35958689873434,1.0,216910.0,-0.3910004157203275,-1.2295965438785856
498.0,304428.0,424.3230895996094,646.0,380.0,243.79091721542883,447.767350300869,1.0,217136.0,0.09473574615901725,-1.5035432471206605
499.0,305472.0,424.629638671875,643.0,382.5,244.23845842136487,448.25885378874557,1.0,217992.0,0.3071729559327423,-1.4577184274020283
500.0,306512.0,426.0567321777344,643.0,384.5,244.73778010131846,448.8841721424359,1.0,218617.0,-0.413824555665542,-1.1170356499614513
501.0,307261.0,426.7567443847656,642.0,384.5,245.04339224812253,449.250486922385,1.0,218709.0,-0.1394867747068247,-1.2779331088491404
502.0,308118.0,427.1136474609375,642.0,384.0,245.37997136083575,449.6276237065512,1.0,219656.0,-0.23357525126937162,-1.3346710999859397
503.0,308875.0,429.5792541503906,643.5,384.0,245.71054128098532,450.0557743167538,1.0,219986.0,-0.07886208800118766,-1.0503952044014682
504.0,309798.0,429.5850524902344,644.0,383.5,246.10239523451455,450.6084775056945,1.0,221148.0,0.0188593174042353,-1.487158700031955
505.0,310604.0,433.1065979003906,641.0,386.5,246.4648654519145,451.0295999148761,1.0,221223.0,0.044632635257698894,-1.096920739782945
506.0,311816.0,433.5032653808594,644.0,384.0,246.95087631799692,451.648093099041,1.0,221673.0,0.07156125308995342,-1.1206889862900198
507.0,312744.0,433.8171691894531,641.0,386.5,247.32718284250404,452.133829745132,1.0,222655.0,0.12428325843836774,-1.6265918624656024
508.0,313488.0,434.17803955078125,641.5,386.5,247.6324979622819,452.45220742085013,1.0,222700.0,-0.04076614543510004,-0.9123609691268371
509.0,314245.0,434.873046875,642.5,385.5,247.9515883493501,452.86642622300894,1.0,223617.0,0.03350036395693223,-1.498939557635424
510.0,315061.0,435.2566223144531,646.0,382.5,248.32705206645855,453.3982796614914,1.0,224134.0,-0.23588714580887427,-1.0627003634280072
511.0,315883.0,435.9556579589844,646.0,382.5,248.6632977150549,453.8413819827363,1.0,224722.0,-0.18723659938154924,-0.7607094732888982
512.0,316688.0,437.3869323730469,645.0,381.5,248.99786808892728,454.1585626188281,1.0,225630.0,-0.36159989622001376,-0.8318507428933799
513.0,317360.0,437.7454528808594,644.0,382.0,249.30241706809085,454.47601696386914,1.0,225519.0,0.02566796223993606,-0.8213423773061095
514.0,318089.0,438.1044921875,644.2537231445312,382.25408935546875,249.63514216644754,454.84898591681986,1.0,226822.0,-0.20011838969958262,-0.9385909709990301
515.0,318996.0,438.4154052734375,647.0,380.0,250.0160819332075,455.2735441468129,1.0,225969.0,-0.04659024538284484,-1.045211732883729
516.0,319699.0,439.12762451171875,647.0,381.0,250.3263250701106,455.6899164991746,1.0,227063.0,-0.15122777888052497,-0.9026599323410665
517.0,320468.0,439.4841613769531,647.0,381.5,250.66229809745522,456.07088264843935,1.0,228069.0,-0.2025094176580069,-0.5761551676164913
518.0,321427.0,439.4841613769531,647.0,381.5,251.06281129209586,456.39675721897936,1.0,229039.0,-0.4882205082751625,-0.40049715741855607
519.0,322264.0,439.834716796875,647.5,381.5,251.39959288367015,456.8583478482422,1.0,228893.0,-0.46109557886825314,-0.9119227068091504
520.0,323047.0,439.834716796875,647.5,381.5,251.7273754679778,457.28328200361756,1.0,228434.0,-0.2009355704618656,-1.0865176971895494
521.0,323844.0,439.834716796875,647.5,381.5,252.06990964338323,457.73900860643283,1.0,229528.0,-0.05221718457505631,-0.8976843917633346
522.0,324711.0,439.834716796875,647.5,381.5,252.40888009135597,458.1844606705906,1.0,230471.0,-0.3077305408155553,-0.8932822382739687
523.0,325625.0,440.1776123046875,649.0,380.5,252.79265401889543,458.6815889043399,1.0,230843.0,-0.20199118926325355,-1.175110595471665
524.0,326308.0,440.5962829589844,645.0,385.0,253.07751684502253,459.05337380309055,1.0,230761.0,0.1340507452142674,-0.9986530254849981
525.0,327128.0,441.30328369140625,645.5,385.5,253.44001632175753,459.5095211200743,1.0,231381.0,-0.20039522839817892,-0.9480167661611745
526.0,327930.0,441.59521484375,649.5,382.0,253.76173690134993,459.93738702271224,1.0,231739.0,-0.11399873910102087,-0.9040528568827426
527.0,328706.0,441.9454040527344,650.9994506835938,381.0047912597656,254.09362747172304,460.43376287801703,1.0,232193.0,-0.10522633596485775,-0.989249282879598
528.0,329510.0,442.6495056152344,651.5,381.5,254.43022404371914,460.91127128259706,1.0,232928.0,0.1382282050685717,-1.111919301741807
529.0,330320.0,442.65118408203125,652.0,381.0,254.78475641313787,461.33935448864537,1.0,234177.0,0.08948292478942221,-0.8473092249222987
530.0,331254.0,443.0060119628906,652.5,381.0,255.17349385533487,461.8679464955324,1.0,233998.0,-0.06072046311885515,-0.7695859131680436
531.0,331999.0,443.36505126953125,653.5,380.5,255.49907978271935,462.3299687452675,1.0,234359.0,0.002479424658872631,-1.0066754156393358
532.0,332893.0,444.0653991699219,653.0,382.0,255.9021376160751,462.8541887030947,1.0,235101.0,0.5570955151334829,-1.0658016740221683
533.0,333854.0,444.42022705078125,653.5,382.0,256.3106483537278,463.2763753959401,1.0,236833.0,0.29666291394266864,-0.8191211758756936
534.0,334732.0,445.12506103515625,653.5,383.0,256.67421113234684,463.7011968880346,1.0,236283.0,0.15236782301951735,-0.7088213010543996
535.0,335734.0,445.4796142578125,654.0,383.0,257.0841770294006,464.21654429802476,1.0,236963.0,0.008810217936570552,-0.7236364765049643
536.0,336539.0,445.55816650390625,649.0,388.0,257.4347401338365,464.65578657754816,1.0,237694.0,0.42303643702564386,-1.0941928735862234
537.0,337339.0,446.26513671875,648.5,388.5,257.7808750370849,465.1075144523038,1.0,237839.0,0.18832587988367777,-1.185812117508931
538.0,338101.0,447.34698486328125,649.0,388.5,258.0901660336114,465.5534340975266,1.0,238642.0,0.2461033201001328,-1.4028696058805394
539.0,338743.0,448.8299560546875,651.0,388.5,258.3752804503034,465.99570813474236,1.0,239372.0,-0.44865018297161896,-0.6615260880538472
540.0,339773.0,449.53680419921875,651.5,388.0,258.78876627756136,466.5466750072343,1.0,240004.0,0.2000466375452561,-1.3827406596430478
541.0,340628.0,450.26361083984375,650.5,390.0,259.15138732421906,467.06851745755677,1.0,240138.0,-0.04092962214951967,-1.511971411082584
542.0,341290.0,450.28472900390625,650.0,390.5,259.43878296391694,467.455505901312,1.0,241175.0,-0.18705083785584975,-0.555907212725117
543.0,342438.0,451.013671875,649.0,391.5,259.87914598528505,468.0277769534625,1.0,241936.0,-0.1908515983518555,-0.5734905495003773
544.0,343232.0,452.041015625,649.0,392.0,260.19526775339017,468.4410315077022,1.0,241731.0,-0.14164220989027854,-0.47010331749129364
545.0,343925.0,452.08526611328125,648.0,393.0,260.4931802493281,468.93176475901055,1.0,243226.0,0.06889357674003804,-0.5068696685783038
546.0,345050.0,452.47467041015625,647.0,393.5,260.8496885775166,469.4592634084453,1.0,243077.0,0.1493606097636757,-0.38617878511934123
547.0,345783.0,454.1036071777344,645.0,396.0,261.1634874051358,469.91488591020396,1.0,243567.0,0.10934977060435358,-0.6805351871336711
548.0,346752.0,454.81048583984375,643.5,397.5,261.5700867408565,470.48831015553617,1.0,244435.0,0.1157042314652017,-0.6042529719385357
549.0,347459.0,455.8797302246094,642.5,399.0,261.88261507000135,471.088738982742,1.0,244874.0,-0.1174819752628764,-0.5754024196858722
550.0,348120.0,456.55267333984375,643.0,398.5,262.1588461932434,471.5007953333695,1.0,245037.0,0.158736651692152,-0.41449005006717243
551.0,349046.0,456.8983154296875,643.0,398.0,262.545457269387,472.1946102056708,1.0,246013.0,0.41516428449642717,-1.0848484023650258
552.0,349845.0,457.9370422363281,642.0,398.5,262.88242734698775,472.7049819919397,1.0,246671.0,-0.16218883716112487,-0.4107593518591557
553.0,350848.0,459.0349426269531,641.0,401.0,263.2696945237276,473.17755652608884,1.0,247478.0,-0.27905250728895226,-0.4806507820696879
554.0,351592.0,459.685302734375,642.5,399.5,263.5875133995605,473.71183223442614,1.0,248000.0,-0.30915607479676055,-0.49072973734092784
555.0,352298.0,459.685302734375,642.5,399.5,263.89420724090786,474.24571690211394,1.0,248422.0,-0.37742562248479317,-0.7087152872365436
556.0,353131.0,460.044921875,642.0,399.5,264.2369358835767,474.8462909089859,1.0,248708.0,-0.18952943732836047,-0.6118250677759534
557.0,353930.0,460.7519226074219,641.5,399.0,264.57008720237553,475.429858128122,1.0,249483.0,0.04220818273358873,-0.7002434871639025
558.0,354761.0,461.1768493652344,646.340576171875,393.4604187011719,264.9074363990665,475.9033515326405,1.0,249659.0,-0.03580442314296306,-0.7297336766179683
559.0,355555.0,462.02716064453125,646.0,394.0,265.22807726505204,476.41368578159046,1.0,250599.0,-0.31392899709851463,-0.9901103704054321
560.0,356339.0,462.73382568359375,645.5,394.5,265.56034945075623,476.8835287488823,1.0,251625.0,-0.13686636469446967,-0.5053719511556096
561.0,357246.0,463.0997009277344,644.0,396.5,265.91698580540105,477.3761619381885,1.0,252150.0,-0.26131145532781375,-1.1124986232455285
562.0,358084.0,464.90545654296875,645.0,397.0,266.23049012033124,477.88073826008093,1.0,253209.0,-0.27089827182715,-1.1584335923018898
563.0,358666.0,464.90545654296875,645.0,397.0,266.4489054907327,478.17596133448086,1.0,252642.0,-0.20688405474527372,-0.45556113287784683
564.0,359427.0,465.2723388671875,645.5,397.0,266.7850846510428,478.75881192934713,1.0,253931.0,0.36603984763837616,-1.1607649247513336
565.0,360361.0,465.32928466796875,644.5,398.0,267.195314294598,479.4538559653056,1.0,253745.0,0.1825151230237907,-0.9997326643876931
566.0,361152.0,466.13525390625,650.0,393.0,267.5264150634204,480.0714529971739,1.0,254355.0,-0.11846880825260087,-1.2568360559063763
567.0,361781.0,467.350341796875,651.5,393.0,267.7893912264961,480.4674806893803,1.0,256292.0,-0.13274834855644713,-1.5448415262284811
568.0,362566.0,468.1509704589844,652.0,393.5,268.0911790990687,480.9360664362669,1.0,256170.0,-0.3303378950120077,-0.8137347753530548
569.0,363298.0,468.47955322265625,652.0,393.0,268.3739593092243,481.36472658473843,1.0,256720.0,-0.27708950644125707,-0.7593902649635424
570.0,364019.0,469.4670715332031,655.0,390.5,268.7103373301147,481.84852391597093,1.0,257313.0,-0.05547890556283619,-1.203749842867353
571.0,364678.0,469.8431396484375,654.5,390.5,268.9853732081742,482.24993519958093,1.0,257210.0,0.0038225241634108897,-1.3147010876946297
572.0,365483.0,469.8431396484375,654.5,390.5,269.3135965215453,482.643760966616,1.0,257859.0,0.13571170879345118,-1.111555735940783
573.0,366418.0,470.6937255859375,655.5,389.5,269.6985751571943,483.0838436544944,1.0,258236.0,-0.09668404800640928,-0.9944815832571976
574.0,367312.0,471.0215759277344,655.5,389.0,270.0534145366592,483.5959056898642,1.0,258176.0,-0.009928209218855955,-0.757899313536825
575.0,367919.0,471.67822265625,655.5,389.0,270.3076341180318,483.81194693806395,1.0,259038.0,0.03674323916652611,-0.9138896612565759
576.0,368542.0,472.8097839355469,657.0,388.0,270.57435567829026,484.298461694852,1.0,260137.0,0.008361035186908339,-1.703528977222902
577.0,369227.0,473.41796875,655.5,389.5,270.8433141886633,484.55195798354725,1.0,259971.0,-0.07607493044679359,-0.9490550064217018
578.0,369956.0,474.7821350097656,656.0,389.0,271.14967746880336,485.0249993554979,1.0,261362.0,0.3288795857409923,-1.3569077242649428
579.0,370616.0,475.4419860839844,657.0,387.0,271.4486808429656,485.3161340716464,1.0,261684.0,0.09334724511279546,-1.491696534762525
580.0,371197.0,475.6312561035156,658.0,386.0,271.6739693055287,485.67067031065403,1.0,261321.0,0.027822077915857335,-1.0873379369074883
581.0,371813.0,476.85333251953125,658.0,387.0,271.92364091833866,485.96810594935135,1.0,263021.0,-0.2100651779318241,-1.5857651459795647
582.0,372508.0,477.3220520019531,658.5,387.0,272.1950941481372,486.3342472004208,1.0,262897.0,-0.4076198154738222,-1.548774533116557
583.0,373159.0,478.0275573730469,659.0,386.5,272.4737762823818,486.69497634555466,1.0,263548.0,-0.8195830128245234,-1.3467747769680045
584.0,374066.0,478.2646484375,660.0,385.0,272.8415754276881,487.2258203338571,1.0,264091.0,-0.4083335473818579,-1.5617507364057133
585.0,374560.0,478.9703369140625,659.5,384.5,273.0622447743686,487.48358946609756,1.0,264535.0,-0.5594903495119752,-1.3000411360246176
586.0,375277.0,479.0613098144531,658.44921875,385.5566711425781,273.3358877775366,487.8893317136582,1.0,264616.0,-0.321699662693959,-0.8756638994747163
587.0,376150.0,480.42828369140625,654.0,390.5,273.6779528773051,488.20077836890016,1.0,265747.0,-0.5028120087657726,-0.5137459309956967
588.0,376797.0,481.3985900878906,653.5,391.5,273.9572646893852,488.61211609754355,1.0,266390.0,-0.32050641338662444,-1.5502930658689138
589.0,377525.0,482.7448425292969,653.5,392.5,274.24786993304616,488.8813762049031,1.0,266486.0,-0.16883685024811257,-0.7350278731195203
590.0,378309.0,483.4837951660156,653.5,392.5,274.5868789595528,489.4006538614349,1.0,267011.0,0.10090246914057843,-0.7052134203100309
591.0,378840.0,484.19012451171875,654.0,392.0,274.8197765635407,489.69480291299806,1.0,267391.0,0.08034847560531944,-0.7317705849423533
592.0,379454.0,485.2013244628906,654.0,391.5,275.10620456047224,490.05178297204384,1.0,267559.0,-0.03193990690078863,-0.8986240773160148
593.0,380038.0,485.2013244628906,654.0,391.5,275.34918077934367,490.40799340956914,1.0,268792.0,-0.2272445389232871,-1.3083776141941712
594.0,380643.0,485.3002624511719,653.5,392.0,275.60998380471455,490.78304779199533,1.0,268953.0,-0.2001049667684356,-1.4101425773500864
595.0,381167.0,486.04150390625,653.5,392.0,275.84981475354834,491.0498956317983,1.0,269508.0,-0.02356415239216858,-0.6425206328621584
596.0,382030.0,487.083251953125,653.0,391.0,276.2341812585282,491.4967955124178,1.0,269600.0,-0.21261351483110502,-1.3575378258215665
597.0,382617.0,487.4190673828125,653.0,391.5,276.4973484365655,491.7977226462115,1.0,269963.0,-0.04128037007706098,-0.9391400628081215
598.0,383128.0,487.78948974609375,652.5,391.5,276.7194007055283,492.1646066104307,1.0,270484.0,-0.07661630358325056,-1.3672122853946007
599.0,383664.0,488.1960144042969,651.5,392.0,276.94580750670707,492.44085939328795,1.0,271327.0,0.2497025207896968,-1.5951566787388742
600.0,384339.0,488.9021911621094,651.0,391.5,277.23866820365447,492.82968660573533,1.0,271433.0,0.046155000308090166,-0.9744040242232472
601.0,384893.0,489.93096923828125,654.5,388.0,277.4779556512386,493.08214325809854,1.0,271692.0,0.17178763603362768,-1.4521394369781433
602.0,385577.0,490.3061218261719,655.0,387.0,277.779404592506,493.5838327984416,1.0,272924.0,0.14007017674919098,-1.5969957554310668
603.0,386298.0,491.46728515625,653.0,391.0,278.1131747686886,494.06983312078466,1.0,273398.0,0.243948659688499,-1.5853768140457305
604.0,387045.0,492.2124328613281,654.0,390.0,278.43131262573553,494.626525764173,1.0,273488.0,-0.11908954388024995,-1.1789083228296704
605.0,387820.0,493.7054748535156,655.0,391.0,278.76216968159235,495.16158978660695,1.0,273669.0,-0.11612920203026533,-0.9674037301661542
606.0,388498.0,494.4533386230469,656.0,390.0,279.0794530887499,495.70656642816425,1.0,273802.0,0.4855925413320392,-1.7903275539137553
607.0,389246.0,494.82757568359375,655.5,390.0,279.38829830150024,496.2438916500635,1.0,274464.0,0.2645627325159694,-1.6043350509253287
608.0,389796.0,495.2020568847656,655.0,390.0,279.6149797137161,496.63266102824934,1.0,275003.0,-0.024973712331529896,-1.5629354857717317
609.0,390478.0,495.53338623046875,655.0,389.5,279.89472932243245,497.03621598430834,1.0,275536.0,-0.2125477319005995,-1.75076332113548
610.0,391187.0,495.5767822265625,654.5,390.0,280.17542760029187,497.40174908688755,1.0,275780.0,-0.06893745617333025,-1.54355731686951
611.0,391867.0,495.5767822265625,654.5,390.0,280.4704569226091,497.87337746622075,1.0,275992.0,0.0012184827273813426,-1.386741008681554
612.0,392614.0,495.9516906738281,654.0,390.0,280.7890206591426,498.21887760093733,1.0,276547.0,-0.006008811699302896,-1.3781817470182318
613.0,393213.0,496.6136169433594,654.0,389.0,281.0435131326034,498.5685509497543,1.0,277499.0,0.26530589233948376,-1.627255285689273
614.0,393911.0,499.90032958984375,656.5,389.0,281.34289834454756,498.8757360305269,1.0,277917.0,-0.037192632382925694,-1.3407537390022526
615.0,394451.0,500.2760009765625,656.0,389.0,281.56607446346703,499.23641694091185,1.0,278260.0,-0.04991953788567116,-1.5182797059008522
616.0,395010.0,500.3224792480469,655.5,389.5,281.79513196900444,499.5486462676588,1.0,278999.0,0.2223098168199158,-1.6878266773507562
617.0,395557.0,501.0280456542969,655.0,389.0,282.03508470874175,499.8983896522877,1.0,279095.0,-0.2560217402528906,-0.637636308682886
618.0,396280.0,501.4522399902344,654.0,389.5,282.322423676502,500.12133527542454,1.0,279530.0,0.10728434276381904,-1.2624701455804939
619.0,396841.0,501.8292541503906,653.5,389.5,282.54372419277746,500.5317172767376,1.0,279685.0,-0.08988909860249805,-1.0884131547247193
620.0,397395.0,502.58392333984375,654.5,389.5,282.754045995654,500.8229227679774,1.0,279871.0,0.24756618373226047,-1.2349492808368154
621.0,398174.0,502.911865234375,654.5,389.0,283.05820805917074,501.12373721467236,1.0,280314.0,0.204870619268263,-0.9973393498974019
622.0,398957.0,502.911865234375,654.5,389.0,283.4019590619544,501.48280130030383,1.0,280185.0,-0.14436243467173426,-1.0848641667150787
623.0,399659.0,503.1702880859375,652.0,391.5,283.6761735239649,501.7897966280303,1.0,280430.0,0.010350689812867131,-1.1547680620753908
624.0,400205.0,504.36602783203125,653.0,392.0,283.91898518054495,502.1643157373889,1.0,281266.0,0.12757536864398844,-1.6361660324363356
625.0,401004.0,505.5090026855469,653.5,392.0,284.2345980248997,502.63212191291245,1.0,281207.0,-0.07736847069190844,-1.1144240134451024
626.0,401741.0,505.890380859375,654.0,392.0,284.5281448503943,503.0755410472666,1.0,282456.0,-0.15974714213530206,-1.884356054577097
627.0,402149.0,506.86126708984375,655.0,390.5,284.70648528274256,503.3696454892766,1.0,283257.0,-0.3728743332637805,-1.4930765920124713
628.0,402840.0,507.1854553222656,655.0,390.0,284.9745335415024,503.52457735447234,1.0,283899.0,0.20090936592862363,-1.5087131308540052
629.0,403540.0,508.27093505859375,654.0,389.5,285.2437175948397,503.7795648758273,1.0,283359.0,0.13180809943787608,-1.3062504807091955
630.0,404086.0,508.3280029296875,653.5,390.0,285.4703246431013,504.07935881981257,1.0,283107.0,-0.010117534824416907,-1.1141218368089767
631.0,404604.0,508.3280029296875,653.5,390.0,285.6770962881652,504.2786927880257,1.0,283468.0,-0.2090182652320891,-0.935883966928543
632.0,405210.0,508.3860168457031,653.0,390.5,285.9262050749926,504.57997382012167,1.0,284699.0,-0.17866611741953875,-0.8065689695605442
633.0,405760.0,508.3860168457031,653.0,390.5,286.1482318212887,504.88216447008705,1.0,284673.0,-0.19112904374162554,-1.2053534732250455
634.0,406285.0,508.709228515625,653.0,390.0,286.36268269331595,505.072272056188,1.0,286152.0,0.19257184505840996,-1.0949609469500956
635.0,406973.0,508.709228515625,653.0,390.0,286.6571830518903,505.4018203312365,1.0,285426.0,0.2551445189901642,-0.8950368572003526
636.0,407548.0,509.4139709472656,653.5,389.5,286.88334702378654,505.63326631067304,1.0,285089.0,0.04317372349851212,-1.1702775895189461
637.0,408097.0,509.6806335449219,654.0,388.5,287.09933473956306,505.84819856587404,1.0,285446.0,0.16038014634546016,-1.0067459620412933
638.0,408599.0,510.385498046875,654.5,388.0,287.3093487252823,506.1106598363642,1.0,286234.0,0.6206599100094081,-1.0709847945781803
639.0,409001.0,510.76617431640625,654.0,388.0,287.49543034707585,506.3595560468865,1.0,287204.0,0.16380660495326538,-1.459481529095001
640.0,409737.0,510.8234558105469,653.5,388.5,287.7884452105087,506.70958151449804,1.0,287320.0,0.4039085074776949,-0.9310911393174592
641.0,410325.0,511.5281982421875,653.0,388.0,288.03554116894435,507.01972348223296,1.0,288053.0,0.3426079059170206,-1.3656163675744324
642.0,410766.0,511.5281982421875,653.0,388.0,288.22220759936056,507.2563454507001,1.0,287360.0,-0.003674377332686163,-1.3146371163333583
643.0,411236.0,512.1759033203125,654.0,387.0,288.4125305690128,507.5716698161945,1.0,288327.0,0.15641307663679527,-1.02350365903078
644.0,411838.0,512.937744140625,653.0,387.0,288.66031006978915,507.8680931107998,1.0,289225.0,0.24768026685569566,-1.4083565888304292
645.0,412547.0,513.37744140625,653.0,387.5,288.9506522271581,508.17811837976654,1.0,289672.0,0.24172514271401724,-0.8832765824984108
646.0,413151.0,514.0820922851562,652.5,387.0,289.1840911747689,508.42206875783825,1.0,290291.0,0.03317405965162834,-0.7847673379718572
647.0,413641.0,515.1098022460938,653.0,386.0,289.40080952318283,508.6265820815896,1.0,290371.0,0.02965695130774293,-0.7540043236875817
648.0,414146.0,515.1685180664062,652.5,386.5,289.5946913694132,508.94253113046574,1.0,290892.0,0.2108574455850203,-0.9054612468977439
649.0,414671.0,515.550537109375,652.0,386.5,289.82410729962993,509.18218743179773,1.0,291127.0,0.5011869244971194,-1.1340778004104664
650.0,415318.0,516.5778198242188,652.5,385.5,290.0883383552697,509.4752202021213,1.0,290663.0,0.8827734181809319,-1.1227948732869777
651.0,415948.0,518.7510375976562,655.5,384.5,290.3343558507449,509.7842680977906,1.0,291219.0,0.5906470622969664,-1.3552634647371065
652.0,416696.0,519.0148315429688,656.0,383.5,290.6898228742929,510.06666230993767,1.0,291561.0,0.7375165855775094,-1.0615929956770742
653.0,417243.0,521.5693969726562,657.5,382.5,290.924571113223,510.4057209710722,1.0,292185.0,0.32244320480106126,-1.2783325517333424
654.0,417874.0,521.6292724609375,657.0,383.0,291.15310936632693,510.68972967938174,1.0,292450.0,0.39957352890303355,-1.003062859439524
655.0,418443.0,521.9515380859375,657.0,382.5,291.36461831433127,511.00880618635136,1.0,293122.0,0.5003202326782912,-1.3325496926476035
656.0,418972.0,522.2739868164062,657.0,382.0,291.5664510530675,511.3051926198286,1.0,294157.0,0.37490182197871036,-1.5392664316353262
657.0,419504.0,522.6560668945312,656.5,382.0,291.78043064128383,511.66102059859907,1.0,293483.0,0.5106444160302317,-1.323371227802852
658.0,420057.0,522.9786376953125,656.5,381.5,291.9908075135564,511.9775385660828,1.0,293752.0,0.4584735605228616,-1.658765190550639
659.0,420514.0,523.0383911132812,656.0,382.0,292.16965259620525,512.1249846602474,1.0,294231.0,0.706145796116175,-1.0247961044848353
660.0,421061.0,523.4208374023438,655.5,382.0,292.39749909437626,512.5436566771654,1.0,294764.0,0.09738591200186875,-1.910411891141223
661.0,421782.0,523.742919921875,655.5,381.5,292.64325560346936,512.7621280866987,1.0,295339.0,0.14324648297122167,-1.0269706378628598
662.0,422620.0,526.2996826171875,659.0,380.5,292.9620690968181,513.157188391994,1.0,296324.0,-0.117640137512808,-1.3414547751676196
663.0,423133.0,526.3614501953125,658.5,381.0,293.1783530545498,513.3967276730841,1.0,296441.0,-0.020320008932003475,-1.4270966865156538
664.0,423710.0,527.004150390625,658.5,380.0,293.38682820167486,513.6571327236577,1.0,296906.0,0.05414975083749596,-1.1093524412026454
665.0,424271.0,529.3688354492188,660.0,380.5,293.60954124539836,513.9815171774176,1.0,297352.0,0.03668095453576825,-1.3175802966663923
666.0,424719.0,529.688720703125,660.0,380.0,293.78656994246387,514.1643706053542,1.0,297734.0,0.12778310753958522,-1.2204381474704746
667.0,425158.0,530.3928833007812,660.5,379.5,293.95772229805607,514.3704890446185,1.0,298197.0,0.12496262763806953,-1.1790538883159343
668.0,425599.0,530.8421630859375,660.5,380.0,294.128117720263,514.5665165902617,1.0,297906.0,-0.01427689577133151,-1.2933450428710103
669.0,426004.0,531.1615600585938,661.5,378.5,294.2968483884893,514.7773305027318,1.0,298643.0,0.013253274998305642,-1.0639591652940794
670.0,426687.0,531.3606567382812,660.0,380.0,294.5622853321871,515.046599833452,1.0,299092.0,-0.003918077110597551,-1.0082237285283782
671.0,427136.0,531.4979858398438,659.0,381.0,294.7425662777342,515.2475133370369,1.0,298948.0,-0.07258882421308499,-1.2663991387834699
672.0,427603.0,532.1326293945312,659.0,380.0,294.92370067187295,515.4929679442776,1.0,299845.0,0.11255392545751874,-0.9317489058794308
673.0,428061.0,532.2716674804688,658.0,381.0,295.09357853618997,515.6869205244593,1.0,300542.0,0.46023063201926107,-0.8810319498080617
674.0,428443.0,532.9053955078125,658.0,380.0,295.24796087767595,515.8730463980455,1.0,299710.0,0.10537659856800019,-1.1395768051228288
675.0,428959.0,532.9752807617188,657.5,380.5,295.43684895995676,516.1879502661797,1.0,300622.0,0.3337071150288011,-1.201423220148797
676.0,429538.0,533.1178588867188,656.5,381.5,295.6690811122953,516.5191187168197,1.0,301350.0,0.34395925250692017,-1.136692117069117
677.0,429941.0,533.2919921875,657.5,380.0,295.8257102539933,516.7562287965187,1.0,301033.0,0.48102002906364305,-1.111709557139875
678.0,430496.0,533.6788940429688,657.0,380.0,296.04330141871367,517.069627806546,1.0,302353.0,0.29713381341173317,-1.3432818025816005
679.0,430939.0,533.6788940429688,657.0,380.0,296.2246169186453,517.3200170107474,1.0,302353.0,0.21441310284740212,-1.5308477249792531
680.0,431454.0,535.1566162109375,658.5,380.5,296.4443121505759,517.6514754138055,1.0,302534.0,0.4046434998956556,-0.9709873897380135
681.0,432236.0,536.0038452148438,657.0,381.0,296.7350601356682,517.8465023537381,1.0,303689.0,0.45041590835705847,-1.2654183860762487
682.0,432989.0,536.0770874023438,656.5,381.5,296.98635250136834,518.1196772947346,1.0,303470.0,0.2614547698071874,-1.4217163745740322
683.0,433424.0,536.1512451171875,656.0,382.0,297.16128227919,518.3454446602188,1.0,304298.0,0.4364042047455996,-1.5204615787310445
684.0,433820.0,537.39501953125,657.0,382.5,297.3096458911922,518.4746859780138,1.0,303898.0,0.3620881976714827,-1.3736539343707932
685.0,434475.0,539.5807495117188,659.0,381.5,297.5847819991771,519.0472040190565,1.0,304551.0,0.2348822257199572,-1.6828383397900097
686.0,434822.0,539.970947265625,658.5,381.5,297.73174610884894,519.2472917588484,1.0,304232.0,0.6403362874426648,-1.6579718462480173
687.0,435387.0,540.6737670898438,658.0,381.0,297.96443446273673,519.6138951063136,1.0,304504.0,0.031059296336252373,-1.8089963057399814
688.0,435763.0,540.6737670898438,658.0,381.0,298.11119127080445,519.8307416842524,1.0,305814.0,0.47299614653559274,-1.5203134954775237
689.0,436051.0,540.7518920898438,657.5,381.5,298.22677885128047,519.9778841450856,1.0,306191.0,0.4800128739448155,-1.6445523266590953
690.0,436731.0,542.5480346679688,660.0,380.5,298.53947327699314,520.5617158237035,1.0,306274.0,0.49832114894286406,-1.493074015364357
691.0,437063.0,543.09521484375,660.5,379.0,298.679674652597,520.7115324226315,1.0,306233.0,0.45457244966837607,-1.581622512974434
692.0,437594.0,543.6415405273438,660.0,380.0,298.9166612313779,521.1496905880306,1.0,306592.0,0.3954696090705738,-1.568206633378452
693.0,437991.0,543.6415405273438,660.0,380.0,299.0906385663838,521.4000383582649,1.0,306655.0,0.4272431349344288,-1.7511614307107948
694.0,438466.0,544.7351684570312,661.0,379.5,299.30156692951283,521.7393985506558,1.0,307226.0,0.47066052114826107,-1.5261183706274437
